geo,time,gdpperworking_hour_us_inflation_adjusted
afg,2005,4.8
afg,2006,4.83
afg,2007,5.35
afg,2008,5.4
afg,2009,6.24
afg,2010,6.84
afg,2011,6.54
afg,2012,6.98
afg,2013,6.98
afg,2014,6.78
afg,2015,6.63
afg,2016,6.57
afg,2017,6.52
afg,2018,6.61
afg,2019,6.9
afg,2020,6.99
afg,2021,6
afg,2022,6.34
afg,2023,6.31
afg,2024,6.18
afg,2025,6.1
afg,2026,6.05
afg,2027,6
ago,2005,10.76
ago,2006,11.51
ago,2007,12.61
ago,2008,13.5
ago,2009,13.14
ago,2010,13.22
ago,2011,13.16
ago,2012,13.71
ago,2013,13.86
ago,2014,14
ago,2015,13.7
ago,2016,12.93
ago,2017,12.49
ago,2018,11.92
ago,2019,11.44
ago,2020,11.35
ago,2021,10.38
ago,2022,9.67
ago,2023,9.49
ago,2024,9.56
ago,2025,9.45
ago,2026,9.34
ago,2027,9.27
alb,2005,10.58
alb,2006,11.43
alb,2007,12.49
alb,2008,13.99
alb,2009,14.02
alb,2010,14.95
alb,2011,15.96
alb,2012,15.16
alb,2013,16.57
alb,2014,18.59
alb,2015,17.83
alb,2016,16.73
alb,2017,16.45
alb,2018,16.17
alb,2019,15.85
alb,2020,16.56
alb,2021,17.14
alb,2022,16.95
alb,2023,17.22
alb,2024,18.05
alb,2025,18.7
alb,2026,19.42
alb,2027,20.15
are,2005,53.31
are,2006,54.11
are,2007,49.76
are,2008,46.08
are,2009,41.37
are,2010,40.61
are,2011,41.39
are,2012,40.32
are,2013,40.36
are,2014,39.76
are,2015,40.02
are,2016,40.3
are,2017,39.92
are,2018,39.71
are,2019,39.62
are,2020,38.72
are,2021,38.22
are,2022,39.7
are,2023,40.58
are,2024,40.62
are,2025,41.24
are,2026,42.37
are,2027,43.66
arg,2005,29.27
arg,2006,30.51
arg,2007,32.4
arg,2008,33.21
arg,2009,31.7
arg,2010,34.13
arg,2011,35.16
arg,2012,35.11
arg,2013,35.97
arg,2014,35.42
arg,2015,36.49
arg,2016,35.99
arg,2017,37.14
arg,2018,35.9
arg,2019,35.33
arg,2020,39.23
arg,2021,34.62
arg,2022,34.16
arg,2023,32.34
arg,2024,32.8
arg,2025,33.81
arg,2026,34.6
arg,2027,35.46
arm,2005,10.26
arm,2006,11.56
arm,2007,13.05
arm,2008,13.85
arm,2009,13.59
arm,2010,13.94
arm,2011,14.67
arm,2012,15.5
arm,2013,15.49
arm,2014,15.96
arm,2015,17.96
arm,2016,17.99
arm,2017,19.43
arm,2018,19.41
arm,2019,21.7
arm,2020,20.68
arm,2021,19.94
arm,2022,22.65
arm,2023,23.33
arm,2024,24.37
arm,2025,25.96
arm,2026,27.68
arm,2027,29.63
aus,2005,58.73
aus,2006,59.23
aus,2007,59.64
aus,2008,60.13
aus,2009,61.92
aus,2010,61.72
aus,2011,61.99
aus,2012,64
aus,2013,65.17
aus,2014,66.68
aus,2015,66.89
aus,2016,67.89
aus,2017,67.72
aus,2018,68.26
aus,2019,68.3
aus,2020,69.92
aus,2021,70.28
aus,2022,70.31
aus,2023,69.9
aus,2024,71.06
aus,2025,71.81
aus,2026,72.74
aus,2027,73.81
aut,2005,69.9
aut,2006,70.82
aut,2007,71.9
aut,2008,72.22
aut,2009,72.81
aut,2010,73.7
aut,2011,74.95
aut,2012,75.85
aut,2013,76.29
aut,2014,76.95
aut,2015,78.41
aut,2016,78.4
aut,2017,80.01
aut,2018,80.76
aut,2019,80.83
aut,2020,81.48
aut,2021,84.5
aut,2022,86.38
aut,2023,85.14
aut,2024,85.59
aut,2025,86.71
aut,2026,88.08
aut,2027,89.96
aze,2005,11.38
aze,2006,15.19
aze,2007,19.6
aze,2008,21.51
aze,2009,23.01
aze,2010,23.73
aze,2011,23.11
aze,2012,23.42
aze,2013,24.49
aze,2014,24.74
aze,2015,24.72
aze,2016,23.29
aze,2017,22.96
aze,2018,22.95
aze,2019,23.45
aze,2020,22.81
aze,2021,24.24
aze,2022,24.55
aze,2023,24.83
aze,2024,25.8
aze,2025,26.41
aze,2026,26.95
aze,2027,27.5
bdi,2005,1.12
bdi,2006,1.14
bdi,2007,1.12
bdi,2008,1.11
bdi,2009,1.08
bdi,2010,1.08
bdi,2011,1.08
bdi,2012,1.09
bdi,2013,1.11
bdi,2014,1.12
bdi,2015,1.06
bdi,2016,1.04
bdi,2017,1.02
bdi,2018,1
bdi,2019,0.98
bdi,2020,0.97
bdi,2021,0.95
bdi,2022,0.92
bdi,2023,0.91
bdi,2024,0.91
bdi,2025,0.92
bdi,2026,0.93
bdi,2027,0.93
bel,2005,80.33
bel,2006,81.12
bel,2007,81.29
bel,2008,80.5
bel,2009,80.17
bel,2010,79.76
bel,2011,81.27
bel,2012,81.09
bel,2013,80.97
bel,2014,81.98
bel,2015,83.5
bel,2016,83.15
bel,2017,83.21
bel,2018,82.77
bel,2019,84.69
bel,2020,88.41
bel,2021,88.03
bel,2022,88.67
bel,2023,90.07
bel,2024,90.4
bel,2025,91.54
bel,2026,92.35
bel,2027,93.52
ben,2005,3.13
ben,2006,3.14
ben,2007,3.23
ben,2008,3.28
ben,2009,3.24
ben,2010,3.2
ben,2011,3.26
ben,2012,3.29
ben,2013,3.4
ben,2014,3.47
ben,2015,3.39
ben,2016,3.37
ben,2017,3.42
ben,2018,3.5
ben,2019,3.6
ben,2020,3.71
ben,2021,3.74
ben,2022,3.78
ben,2023,3.9
ben,2024,4.06
ben,2025,4.22
ben,2026,4.37
ben,2027,4.52
bfa,2005,1.72
bfa,2006,1.76
bfa,2007,1.76
bfa,2008,1.82
bfa,2009,1.83
bfa,2010,1.94
bfa,2011,2.01
bfa,2012,2.09
bfa,2013,2.15
bfa,2014,2.17
bfa,2015,2.18
bfa,2016,2.23
bfa,2017,2.28
bfa,2018,2.35
bfa,2019,2.39
bfa,2020,2.52
bfa,2021,2.68
bfa,2022,2.7
bfa,2023,2.66
bfa,2024,2.58
bfa,2025,2.6
bfa,2026,2.64
bfa,2027,2.68
bgd,2005,3.89
bgd,2006,4.04
bgd,2007,4.27
bgd,2008,4.46
bgd,2009,4.63
bgd,2010,4.72
bgd,2011,4.99
bgd,2012,5.27
bgd,2013,5.54
bgd,2014,5.75
bgd,2015,6
bgd,2016,6.3
bgd,2017,6.31
bgd,2018,6.66
bgd,2019,7.07
bgd,2020,7.6
bgd,2021,7.63
bgd,2022,7.89
bgd,2023,8.21
bgd,2024,8.57
bgd,2025,8.78
bgd,2026,9.08
bgd,2027,9.46
bgr,2005,21.91
bgr,2006,22.25
bgr,2007,22.66
bgr,2008,23.31
bgr,2009,23.7
bgr,2010,25.36
bgr,2011,26.91
bgr,2012,27.62
bgr,2013,27.59
bgr,2014,27.51
bgr,2015,27.69
bgr,2016,28.73
bgr,2017,28.37
bgr,2018,29.21
bgr,2019,29.66
bgr,2020,30.33
bgr,2021,32.71
bgr,2022,33.26
bgr,2023,34.21
bgr,2024,36.06
bgr,2025,37.21
bgr,2026,38.61
bgr,2027,40.08
bhr,2005,46.94
bhr,2006,45.45
bhr,2007,44.93
bhr,2008,43.8
bhr,2009,41.86
bhr,2010,41.76
bhr,2011,43.25
bhr,2012,44.29
bhr,2013,45.18
bhr,2014,45.72
bhr,2015,45.09
bhr,2016,44.18
bhr,2017,44.32
bhr,2018,44.95
bhr,2019,46.91
bhr,2020,47.07
bhr,2021,47.7
bhr,2022,48.55
bhr,2023,48.97
bhr,2024,49.12
bhr,2025,49.34
bhr,2026,49.96
bhr,2027,50.76
bhs,2005,37.4
bhs,2006,36.18
bhs,2007,36.15
bhs,2008,34.92
bhs,2009,35.87
bhs,2010,36.02
bhs,2011,35.8
bhs,2012,36.52
bhs,2013,36.09
bhs,2014,34.94
bhs,2015,33.91
bhs,2016,33.41
bhs,2017,32.65
bhs,2018,33.1
bhs,2019,32.13
bhs,2020,31.67
bhs,2021,33.3
bhs,2022,32.99
bhs,2023,33.37
bhs,2024,34.43
bhs,2025,35.05
bhs,2026,35.69
bhs,2027,36.27
bih,2005,15.28
bih,2006,16.44
bih,2007,16.93
bih,2008,16.61
bih,2009,16.77
bih,2010,18.18
bih,2011,18.85
bih,2012,19.02
bih,2013,19.7
bih,2014,20.28
bih,2015,21.75
bih,2016,21.5
bih,2017,21.67
bih,2018,22.09
bih,2019,22.5
bih,2020,23.71
bih,2021,23.96
bih,2022,24.52
bih,2023,24.36
bih,2024,25.37
bih,2025,26.33
bih,2026,27.49
bih,2027,28.78
blr,2005,18.45
blr,2006,20.17
blr,2007,21.76
blr,2008,23.75
blr,2009,23.65
blr,2010,25.46
blr,2011,26.93
blr,2012,27.5
blr,2013,27.9
blr,2014,28.53
blr,2015,27.58
blr,2016,27.08
blr,2017,27.46
blr,2018,27.92
blr,2019,28.31
blr,2020,28.97
blr,2021,29.42
blr,2022,28.09
blr,2023,29.18
blr,2024,30.64
blr,2025,31.53
blr,2026,32.23
blr,2027,33
blz,2005,16.98
blz,2006,16.79
blz,2007,16.55
blz,2008,15.6
blz,2009,15.01
blz,2010,14.64
blz,2011,14.07
blz,2012,14.07
blz,2013,14.18
blz,2014,14.09
blz,2015,13.96
blz,2016,13.31
blz,2017,12.66
blz,2018,12.12
blz,2019,12.57
blz,2020,14.73
blz,2021,14.61
blz,2022,15.63
blz,2023,15.42
blz,2024,15.95
blz,2025,15.34
blz,2026,15.47
blz,2027,15.56
bol,2005,6.94
bol,2006,7.17
bol,2007,7.29
bol,2008,7.6
bol,2009,7.7
bol,2010,7.89
bol,2011,8.16
bol,2012,8.41
bol,2013,8.86
bol,2014,8.94
bol,2015,9.31
bol,2016,9.56
bol,2017,10.01
bol,2018,10.06
bol,2019,9.84
bol,2020,10.45
bol,2021,9.25
bol,2022,9.33
bol,2023,9.42
bol,2024,9.33
bol,2025,9.15
bol,2026,9
bol,2027,8.99
bra,2005,16.78
bra,2006,17.13
bra,2007,17.9
bra,2008,18.33
bra,2009,18.29
bra,2010,19.6
bra,2011,20.39
bra,2012,20.6
bra,2013,20.87
bra,2014,20.79
bra,2015,20.32
bra,2016,20.12
bra,2017,20.62
bra,2018,20.78
bra,2019,20.55
bra,2020,23.12
bra,2021,21.35
bra,2022,20.45
bra,2023,20.93
bra,2024,21.07
bra,2025,21.17
bra,2026,21.36
bra,2027,21.72
brb,2005,19.69
brb,2006,20.67
brb,2007,20.66
brb,2008,20.93
brb,2009,20.27
brb,2010,19.98
brb,2011,20.05
brb,2012,20.34
brb,2013,19.83
brb,2014,20.5
brb,2015,20.23
brb,2016,20.16
brb,2017,20.39
brb,2018,20.43
brb,2019,20.86
brb,2020,19.2
brb,2021,19.71
brb,2022,20.89
brb,2023,21.39
brb,2024,22.16
brb,2025,22.82
brb,2026,23.4
brb,2027,23.98
brn,2005,89.24
brn,2006,90.9
brn,2007,86.25
brn,2008,81.84
brn,2009,79.28
brn,2010,80.04
brn,2011,81.4
brn,2012,80.77
brn,2013,78
brn,2014,75.05
brn,2015,74.05
brn,2016,71.61
brn,2017,71.88
brn,2018,68.44
brn,2019,70.83
brn,2020,76.35
brn,2021,68.23
brn,2022,67.36
brn,2023,67.93
brn,2024,70.16
brn,2025,71.07
brn,2026,72.47
brn,2027,74.04
btn,2005,6.01
btn,2006,6.17
btn,2007,7.03
btn,2008,7.17
btn,2009,7.54
btn,2010,8.37
btn,2011,8.88
btn,2012,9.46
btn,2013,9.36
btn,2014,10.12
btn,2015,10.52
btn,2016,11.23
btn,2017,11.29
btn,2018,11.47
btn,2019,11.06
btn,2020,11.28
btn,2021,10.1
btn,2022,10.76
btn,2023,10.48
btn,2024,10.78
btn,2025,11.37
btn,2026,12.05
btn,2027,12.59
bwa,2005,18.58
bwa,2006,19.23
bwa,2007,19.48
bwa,2008,19.28
bwa,2009,15.99
bwa,2010,18.5
bwa,2011,19.31
bwa,2012,18.86
bwa,2013,20.71
bwa,2014,21.65
bwa,2015,20.39
bwa,2016,21.59
bwa,2017,22.16
bwa,2018,22.62
bwa,2019,22.92
bwa,2020,21.66
bwa,2021,22.81
bwa,2022,24.55
bwa,2023,23.67
bwa,2024,22.63
bwa,2025,22.15
bwa,2026,22.25
bwa,2027,22.75
caf,2005,1.58
caf,2006,1.62
caf,2007,1.66
caf,2008,1.67
caf,2009,1.83
caf,2010,1.95
caf,2011,2.01
caf,2012,2.12
caf,2013,1.35
caf,2014,1.38
caf,2015,1.45
caf,2016,1.49
caf,2017,1.53
caf,2018,1.55
caf,2019,1.58
caf,2020,1.63
caf,2021,1.57
caf,2022,1.56
caf,2023,1.53
caf,2024,1.51
caf,2025,1.49
caf,2026,1.48
caf,2027,1.47
can,2005,58.43
can,2006,59.54
can,2007,59.33
can,2008,59.56
can,2009,60.28
can,2010,60.52
can,2011,61.26
can,2012,61.03
can,2013,61.97
can,2014,64.44
can,2015,63.77
can,2016,64.16
can,2017,65.1
can,2018,65.03
can,2019,66.09
can,2020,68.92
can,2021,66.74
can,2022,67.47
can,2023,67.07
can,2024,68.63
can,2025,69.76
can,2026,70.69
can,2027,71.68
chanisl,2005,141.8
chanisl,2006,143.36
chanisl,2007,144.79
chanisl,2008,143.04
chanisl,2009,138.78
chanisl,2010,131.98
chanisl,2011,134.5
chanisl,2012,127.46
chanisl,2013,128.88
chanisl,2014,131.85
chanisl,2015,130.57
chanisl,2016,130.07
chanisl,2017,130.18
chanisl,2018,129.51
chanisl,2019,130.67
chanisl,2020,123.21
chanisl,2021,131.56
chanisl,2022,136.19
chanisl,2023,142.02
chanisl,2024,143.89
chanisl,2025,146.01
chanisl,2026,148.11
chanisl,2027,150.53
che,2005,69.69
che,2006,70.98
che,2007,73.59
che,2008,72.72
che,2009,71.88
che,2010,74.67
che,2011,74.5
che,2012,75
che,2013,75.96
che,2014,77.48
che,2015,77.17
che,2016,77.09
che,2017,77.93
che,2018,79.61
che,2019,80.44
che,2020,80.56
che,2021,82.78
che,2022,82.96
che,2023,82.56
che,2024,84.57
che,2025,85.81
che,2026,87.37
che,2027,88.44
chl,2005,26.28
chl,2006,26.75
chl,2007,27.26
chl,2008,27.51
chl,2009,27.5
chl,2010,26.9
chl,2011,27.48
chl,2012,28.89
chl,2013,29.34
chl,2014,29.84
chl,2015,29.96
chl,2016,30.34
chl,2017,30.03
chl,2018,30.81
chl,2019,30.75
chl,2020,35.14
chl,2021,35.56
chl,2022,33.25
chl,2023,32.84
chl,2024,33.37
chl,2025,34.39
chl,2026,34.75
chl,2027,35.26
chn,2005,4.56
chn,2006,5.14
chn,2007,6.05
chn,2008,6.75
chn,2009,7.35
chn,2010,7.68
chn,2011,8.5
chn,2012,9.14
chn,2013,9.78
chn,2014,10.5
chn,2015,11.31
chn,2016,12.11
chn,2017,13.04
chn,2018,14.02
chn,2019,15.02
chn,2020,16.54
chn,2021,17.18
chn,2022,17.59
chn,2023,18.47
chn,2024,19.65
chn,2025,20.59
chn,2026,21.44
chn,2027,22.35
civ,2005,5.76
civ,2006,5.76
civ,2007,5.69
civ,2008,5.76
civ,2009,5.73
civ,2010,5.88
civ,2011,5.4
civ,2012,5.62
civ,2013,5.86
civ,2014,6.21
civ,2015,6.47
civ,2016,6.72
civ,2017,7.2
civ,2018,7.4
civ,2019,7.73
civ,2020,7.7
civ,2021,7.72
civ,2022,7.63
civ,2023,7.85
civ,2024,8.05
civ,2025,8.31
civ,2026,8.59
civ,2027,8.89
cmr,2005,4.45
cmr,2006,4.45
cmr,2007,4.46
cmr,2008,4.57
cmr,2009,4.69
cmr,2010,4.83
cmr,2011,4.92
cmr,2012,5.06
cmr,2013,5.24
cmr,2014,5.43
cmr,2015,5.61
cmr,2016,5.73
cmr,2017,5.84
cmr,2018,5.96
cmr,2019,6.04
cmr,2020,6.17
cmr,2021,6.12
cmr,2022,6.04
cmr,2023,6.03
cmr,2024,6.03
cmr,2025,6.1
cmr,2026,6.19
cmr,2027,6.29
cod,2005,1.36
cod,2006,1.41
cod,2007,1.47
cod,2008,1.53
cod,2009,1.54
cod,2010,1.62
cod,2011,1.69
cod,2012,1.77
cod,2013,1.86
cod,2014,1.98
cod,2015,2.06
cod,2016,2.05
cod,2017,2.05
cod,2018,2.11
cod,2019,2.15
cod,2020,2.27
cod,2021,2.14
cod,2022,2.16
cod,2023,2.26
cod,2024,2.32
cod,2025,2.37
cod,2026,2.41
cod,2027,2.46
cog,2005,9.81
cog,2006,10.1
cog,2007,9.12
cog,2008,9.36
cog,2009,9.97
cog,2010,10.39
cog,2011,10.33
cog,2012,11.07
cog,2013,10.85
cog,2014,11.3
cog,2015,11.18
cog,2016,10.05
cog,2017,9.34
cog,2018,8.92
cog,2019,8.75
cog,2020,8.99
cog,2021,8.41
cog,2022,7.7
cog,2023,7.59
cog,2024,7.52
cog,2025,7.47
cog,2026,7.44
cog,2027,7.45
col,2005,13.06
col,2006,13.47
col,2007,13.94
col,2008,14.14
col,2009,13.9
col,2010,14.14
col,2011,14.71
col,2012,15.06
col,2013,15.73
col,2014,16.24
col,2015,16.48
col,2016,16.76
col,2017,16.9
col,2018,17.05
col,2019,17.68
col,2020,19.25
col,2021,18.41
col,2022,18.33
col,2023,18.06
col,2024,18.42
col,2025,18.31
col,2026,18.43
col,2027,18.65
com,2005,5.12
com,2006,5.04
com,2007,4.87
com,2008,4.86
com,2009,4.96
com,2010,4.99
com,2011,5.08
com,2012,5.2
com,2013,5.46
com,2014,5.48
com,2015,5.38
com,2016,5.32
com,2017,5.41
com,2018,5.43
com,2019,5.43
com,2020,5.54
com,2021,5.27
com,2022,5.12
com,2023,5.15
com,2024,5.2
com,2025,5.24
com,2026,5.3
com,2027,5.38
cpv,2005,7.76
cpv,2006,8.16
cpv,2007,9.15
cpv,2008,9.57
cpv,2009,9.26
cpv,2010,8.37
cpv,2011,8.57
cpv,2012,8.57
cpv,2013,8.56
cpv,2014,8.58
cpv,2015,8.63
cpv,2016,8.97
cpv,2017,9.37
cpv,2018,10.29
cpv,2019,10.62
cpv,2020,10.01
cpv,2021,9.76
cpv,2022,10.1
cpv,2023,10.37
cpv,2024,10.95
cpv,2025,11.35
cpv,2026,11.73
cpv,2027,12.13
cri,2005,16.32
cri,2006,17.29
cri,2007,17.92
cri,2008,18.8
cri,2009,19.1
cri,2010,20.24
cri,2011,20.29
cri,2012,20.08
cri,2013,21.12
cri,2014,21.59
cri,2015,22.21
cri,2016,23.28
cri,2017,24.04
cri,2018,24.4
cri,2019,25.09
cri,2020,28.8
cri,2021,27.52
cri,2022,26.43
cri,2023,28.48
cri,2024,28.79
cri,2025,29.06
cri,2026,29.62
cri,2027,30.28
cub,2005,15.94
cub,2006,17.73
cub,2007,18.86
cub,2008,19.47
cub,2009,19.32
cub,2010,20.13
cub,2011,20.75
cub,2012,21.22
cub,2013,21.77
cub,2014,21.76
cub,2015,22.55
cub,2016,22.5
cub,2017,22.8
cub,2018,23.35
cub,2019,23.41
cub,2020,23.34
cub,2021,22.53
cub,2022,22.54
cub,2023,22.3
cub,2024,22.32
cub,2025,22.58
cub,2026,22.95
cub,2027,23.44
cyp,2005,32.8
cyp,2006,33.16
cyp,2007,33.52
cyp,2008,34
cyp,2009,33.74
cyp,2010,33.54
cyp,2011,33.92
cyp,2012,33.09
cyp,2013,32.77
cyp,2014,31.38
cyp,2015,31.66
cyp,2016,32.3
cyp,2017,32.7
cyp,2018,32.8
cyp,2019,33.81
cyp,2020,35.82
cyp,2021,36.75
cyp,2022,37.48
cyp,2023,36.4
cyp,2024,37.36
cyp,2025,38.22
cyp,2026,39.18
cyp,2027,40.14
cze,2005,37.78
cze,2006,39.93
cze,2007,41.68
cze,2008,42.28
cze,2009,42.03
cze,2010,43.42
cze,2011,44.39
cze,2012,44.51
cze,2013,44.9
cze,2014,45.39
cze,2015,47.46
cze,2016,47.27
cze,2017,49.83
cze,2018,50.82
cze,2019,53
cze,2020,54.31
cze,2021,54.59
cze,2022,54.33
cze,2023,53.58
cze,2024,54.37
cze,2025,56.48
cze,2026,58.15
cze,2027,59.52
deu,2005,66.74
deu,2006,68.04
deu,2007,69.24
deu,2008,69.58
deu,2009,67.72
deu,2010,69.86
deu,2011,71.69
deu,2012,71.96
deu,2013,72.43
deu,2014,73.26
deu,2015,74.11
deu,2016,74
deu,2017,76.39
deu,2018,76.6
deu,2019,76.87
deu,2020,78.12
deu,2021,80.2
deu,2022,80.53
deu,2023,78.99
deu,2024,79.22
deu,2025,80.52
deu,2026,82.31
deu,2027,84.25
dji,2005,14.58
dji,2006,14.96
dji,2007,15.32
dji,2008,15.82
dji,2009,15.76
dji,2010,16.08
dji,2011,16.89
dji,2012,17.31
dji,2013,17.81
dji,2014,18.72
dji,2015,19.67
dji,2016,20.64
dji,2017,21.39
dji,2018,21.98
dji,2019,22.76
dji,2020,24.22
dji,2021,23.68
dji,2022,23.6
dji,2023,24.74
dji,2024,25.8
dji,2025,26.9
dji,2026,28.06
dji,2027,29.26
dnk,2005,76.16
dnk,2006,78.81
dnk,2007,78.83
dnk,2008,78.77
dnk,2009,78.53
dnk,2010,80.42
dnk,2011,80.62
dnk,2012,81.39
dnk,2013,82.62
dnk,2014,83.32
dnk,2015,83.51
dnk,2016,85.53
dnk,2017,87.6
dnk,2018,86.95
dnk,2019,88.75
dnk,2020,89.04
dnk,2021,90.61
dnk,2022,89.62
dnk,2023,89.82
dnk,2024,90.79
dnk,2025,92.24
dnk,2026,93.96
dnk,2027,95.45
dom,2005,14.91
dom,2006,15.74
dom,2007,16.64
dom,2008,16.88
dom,2009,17.89
dom,2010,18.68
dom,2011,18.77
dom,2012,18.75
dom,2013,19.81
dom,2014,20.69
dom,2015,21.23
dom,2016,22.06
dom,2017,22.42
dom,2018,23.33
dom,2019,24.18
dom,2020,27.18
dom,2021,26.06
dom,2022,26.38
dom,2023,25.99
dom,2024,26.54
dom,2025,26.81
dom,2026,27.53
dom,2027,28.37
dza,2005,23.19
dza,2006,22.66
dza,2007,23.35
dza,2008,22.87
dza,2009,22.44
dza,2010,22.89
dza,2011,23.32
dza,2012,23.98
dza,2013,24.19
dza,2014,25.13
dza,2015,25.67
dza,2016,25.78
dza,2017,26.02
dza,2018,26.15
dza,2019,26.19
dza,2020,29.49
dza,2021,28.62
dza,2022,25.87
dza,2023,26.47
dza,2024,27.23
dza,2025,27.85
dza,2026,28.4
dza,2027,28.91
ecu,2005,12.44
ecu,2006,12.46
ecu,2007,12.57
ecu,2008,13.25
ecu,2009,13.73
ecu,2010,14.19
ecu,2011,15.18
ecu,2012,15.51
ecu,2013,16.24
ecu,2014,16.57
ecu,2015,15.56
ecu,2016,15.02
ecu,2017,15.34
ecu,2018,15.33
ecu,2019,15.25
ecu,2020,16.57
ecu,2021,15.21
ecu,2022,15.55
ecu,2023,15.83
ecu,2024,15.34
ecu,2025,15.57
ecu,2026,15.62
ecu,2027,15.72
egy,2005,16.98
egy,2006,17.19
egy,2007,17.31
egy,2008,18.24
egy,2009,18.36
egy,2010,18.27
egy,2011,19.61
egy,2012,19.84
egy,2013,19.89
egy,2014,19.99
egy,2015,20.78
egy,2016,22.69
egy,2017,23.36
egy,2018,23.73
egy,2019,24.26
egy,2020,27.84
egy,2021,26.24
egy,2022,25.71
egy,2023,25.87
egy,2024,25.91
egy,2025,26.44
egy,2026,27.08
egy,2027,27.75
eri,2005,3.12
eri,2006,3.01
eri,2007,3.02
eri,2008,2.64
eri,2009,2.65
eri,2010,2.7
eri,2011,2.86
eri,2012,2.86
eri,2013,2.51
eri,2014,3.28
eri,2015,2.61
eri,2016,2.78
eri,2017,2.46
eri,2018,2.74
eri,2019,2.8
eri,2020,2.83
eri,2021,2.71
eri,2022,2.62
eri,2023,2.58
eri,2024,2.54
eri,2025,2.51
eri,2026,2.49
eri,2027,2.47
esh,2005,7.22
esh,2006,7.26
esh,2007,7.33
esh,2008,7.37
esh,2009,7.25
esh,2010,7.36
esh,2011,7.43
esh,2012,7.51
esh,2013,7.52
esh,2014,7.59
esh,2015,7.62
esh,2016,7.67
esh,2017,7.76
esh,2018,7.82
esh,2019,7.89
esh,2020,7.9
esh,2021,7.79
esh,2022,7.66
esh,2023,7.7
esh,2024,7.83
esh,2025,7.94
esh,2026,8.09
esh,2027,8.27
esp,2005,54.12
esp,2006,53.39
esp,2007,54.45
esp,2008,55.49
esp,2009,57.79
esp,2010,58.77
esp,2011,59.77
esp,2012,61.02
esp,2013,61.8
esp,2014,61.27
esp,2015,62.09
esp,2016,62.46
esp,2017,63.36
esp,2018,62.78
esp,2019,63.15
esp,2020,64.63
esp,2021,63.42
esp,2022,65.07
esp,2023,65.95
esp,2024,66.87
esp,2025,68.11
esp,2026,69.42
esp,2027,70.94
est,2005,33.57
est,2006,35.11
est,2007,37.45
est,2008,36.1
est,2009,36.73
est,2010,38.45
est,2011,38.25
est,2012,39.49
est,2013,40.26
est,2014,41.34
est,2015,41.42
est,2016,42.4
est,2017,43.92
est,2018,46.32
est,2019,48.04
est,2020,49.32
est,2021,54.09
est,2022,51.4
est,2023,49.45
est,2024,50.06
est,2025,51.33
est,2026,52.76
est,2027,54.06
eth,2005,1.53
eth,2006,1.63
eth,2007,1.75
eth,2008,1.86
eth,2009,1.94
eth,2010,2.09
eth,2011,2.22
eth,2012,2.31
eth,2013,2.44
eth,2014,2.65
eth,2015,2.88
eth,2016,3.1
eth,2017,3.35
eth,2018,3.53
eth,2019,3.78
eth,2020,4.35
eth,2021,4.27
eth,2022,4.2
eth,2023,4.35
eth,2024,4.54
eth,2025,4.73
eth,2026,4.92
eth,2027,5.15
fin,2005,68.2
fin,2006,71.86
fin,2007,75.1
fin,2008,74.22
fin,2009,72.44
fin,2010,74.6
fin,2011,74.57
fin,2012,74.3
fin,2013,74.14
fin,2014,74.64
fin,2015,75.36
fin,2016,75.5
fin,2017,78.26
fin,2018,77.07
fin,2019,77.86
fin,2020,77.97
fin,2021,79.47
fin,2022,78.84
fin,2023,78.43
fin,2024,79.26
fin,2025,80.46
fin,2026,81.66
fin,2027,82.72
fji,2005,14.26
fji,2006,14.11
fji,2007,13.6
fji,2008,13.38
fji,2009,12.94
fji,2010,13.09
fji,2011,13.22
fji,2012,13.79
fji,2013,14.84
fji,2014,16.13
fji,2015,17.15
fji,2016,17.85
fji,2017,18.78
fji,2018,19.28
fji,2019,18.98
fji,2020,16.78
fji,2021,15.4
fji,2022,16.96
fji,2023,18.2
fji,2024,18.56
fji,2025,19
fji,2026,19.43
fji,2027,19.87
fra,2005,69.84
fra,2006,71.21
fra,2007,71.95
fra,2008,71.5
fra,2009,70.44
fra,2010,71.92
fra,2011,73.58
fra,2012,73.72
fra,2013,73.98
fra,2014,75.64
fra,2015,76.42
fra,2016,76.8
fra,2017,77.96
fra,2018,78.82
fra,2019,79.75
fra,2020,79.68
fra,2021,78.87
fra,2022,78.04
fra,2023,78.64
fra,2024,79.46
fra,2025,80.18
fra,2026,81.08
fra,2027,82.04
gab,2005,37.52
gab,2006,35.51
gab,2007,36.51
gab,2008,34.28
gab,2009,33.52
gab,2010,34.54
gab,2011,35.22
gab,2012,35.44
gab,2013,35.94
gab,2014,36.06
gab,2015,36.06
gab,2016,35.59
gab,2017,34.63
gab,2018,33.83
gab,2019,34.29
gab,2020,36.82
gab,2021,35.21
gab,2022,32.62
gab,2023,32.64
gab,2024,33.03
gab,2025,33.01
gab,2026,33.19
gab,2027,33.42
gbr,2005,60.99
gbr,2006,62.07
gbr,2007,63.19
gbr,2008,63.22
gbr,2009,61.55
gbr,2010,63.18
gbr,2011,63
gbr,2012,63.04
gbr,2013,64.06
gbr,2014,63.2
gbr,2015,63.82
gbr,2016,64.6
gbr,2017,64.72
gbr,2018,64.69
gbr,2019,68.04
gbr,2020,65.47
gbr,2021,68.22
gbr,2022,66.64
gbr,2023,66.74
gbr,2024,66.53
gbr,2025,67.3
gbr,2026,67.94
gbr,2027,68.7
geo,2005,8.95
geo,2006,9.93
geo,2007,11.33
geo,2008,12.39
geo,2009,12.44
geo,2010,13.36
geo,2011,14.56
geo,2012,15.83
geo,2013,16.85
geo,2014,17.36
geo,2015,17.99
geo,2016,18.74
geo,2017,19.2
geo,2018,19.51
geo,2019,20.6
geo,2020,20.78
geo,2021,22.86
geo,2022,23.71
geo,2023,25.25
geo,2024,27.49
geo,2025,29.54
geo,2026,31.08
geo,2027,32.62
gha,2005,5.24
gha,2006,5.36
gha,2007,5.45
gha,2008,5.79
gha,2009,5.94
gha,2010,6.26
gha,2011,6.86
gha,2012,7.22
gha,2013,7.47
gha,2014,7.86
gha,2015,8.24
gha,2016,8.34
gha,2017,8.76
gha,2018,9.32
gha,2019,9.95
gha,2020,10.38
gha,2021,10.68
gha,2022,10.89
gha,2023,10.95
gha,2024,11.28
gha,2025,11.57
gha,2026,11.94
gha,2027,12.31
gin,2005,3.78
gin,2006,3.77
gin,2007,3.96
gin,2008,4.05
gin,2009,3.95
gin,2010,4.07
gin,2011,4.24
gin,2012,4.39
gin,2013,4.51
gin,2014,4.58
gin,2015,4.69
gin,2016,5.06
gin,2017,5.45
gin,2018,5.69
gin,2019,5.93
gin,2020,6.29
gin,2021,6.27
gin,2022,6.18
gin,2023,6.31
gin,2024,6.48
gin,2025,6.78
gin,2026,7.3
gin,2027,7.88
gmb,2005,6.18
gmb,2006,5.98
gmb,2007,5.97
gmb,2008,6.12
gmb,2009,6.26
gmb,2010,6.43
gmb,2011,5.77
gmb,2012,5.88
gmb,2013,5.67
gmb,2014,5.2
gmb,2015,5.08
gmb,2016,4.85
gmb,2017,4.76
gmb,2018,4.78
gmb,2019,5.03
gmb,2020,5.17
gmb,2021,5.31
gmb,2022,5.46
gmb,2023,5.68
gmb,2024,5.79
gmb,2025,5.96
gmb,2026,6.09
gmb,2027,6.21
gnb,2005,2.75
gnb,2006,2.75
gnb,2007,2.74
gnb,2008,2.78
gnb,2009,2.77
gnb,2010,2.83
gnb,2011,2.97
gnb,2012,2.83
gnb,2013,2.84
gnb,2014,2.78
gnb,2015,2.86
gnb,2016,2.92
gnb,2017,2.96
gnb,2018,2.98
gnb,2019,3.04
gnb,2020,3.09
gnb,2021,3.02
gnb,2022,3
gnb,2023,3.06
gnb,2024,3.12
gnb,2025,3.18
gnb,2026,3.24
gnb,2027,3.31
gnq,2005,40.62
gnq,2006,41.34
gnq,2007,44.8
gnq,2008,49.97
gnq,2009,48.92
gnq,2010,41.75
gnq,2011,42.26
gnq,2012,43.89
gnq,2013,40.13
gnq,2014,38.72
gnq,2015,33.94
gnq,2016,29.27
gnq,2017,26.73
gnq,2018,24.25
gnq,2019,22.55
gnq,2020,23.05
gnq,2021,22.08
gnq,2022,20.67
gnq,2023,19.11
gnq,2024,18.9
gnq,2025,18.24
gnq,2026,17.96
gnq,2027,17.79
grc,2005,45.3
grc,2006,47.61
grc,2007,49.51
grc,2008,49.17
grc,2009,48.14
grc,2010,46.65
grc,2011,45.09
grc,2012,45.56
grc,2013,47
grc,2014,47.75
grc,2015,46.59
grc,2016,45.81
grc,2017,45.62
grc,2018,45.61
grc,2019,45.6
grc,2020,46.13
grc,2021,46.51
grc,2022,46.67
grc,2023,47.37
grc,2024,48
grc,2025,48.83
grc,2026,49.65
grc,2027,50.55
gtm,2005,12.2
gtm,2006,12.51
gtm,2007,13.03
gtm,2008,13.16
gtm,2009,13.06
gtm,2010,13.23
gtm,2011,13.15
gtm,2012,12.44
gtm,2013,13.47
gtm,2014,13.47
gtm,2015,13.4
gtm,2016,13.32
gtm,2017,13.56
gtm,2018,13.75
gtm,2019,14.11
gtm,2020,14.07
gtm,2021,13.54
gtm,2022,15.07
gtm,2023,14.58
gtm,2024,14.78
gtm,2025,15.01
gtm,2026,15.22
gtm,2027,15.43
gum,2005,69.7
gum,2006,65.39
gum,2007,71.3
gum,2008,70.54
gum,2009,69.33
gum,2010,69.7
gum,2011,72.45
gum,2012,73.04
gum,2013,73.69
gum,2014,71.74
gum,2015,71.86
gum,2016,70.89
gum,2017,71.84
gum,2018,71.67
gum,2019,74.29
gum,2020,72.35
gum,2021,71.31
gum,2022,70.69
gum,2023,71.95
gum,2024,73.49
gum,2025,75.77
gum,2026,78.48
gum,2027,81.31
guy,2005,11.93
guy,2006,12.42
guy,2007,13.24
guy,2008,13.41
guy,2009,13.88
guy,2010,14.45
guy,2011,15.19
guy,2012,15.97
guy,2013,16.5
guy,2014,16.75
guy,2015,16.84
guy,2016,17.42
guy,2017,18.02
guy,2018,18.11
guy,2019,18.95
guy,2020,30.47
guy,2021,34.19
guy,2022,49.61
guy,2023,64.75
guy,2024,90.77
guy,2025,99.62
guy,2026,121.96
guy,2027,146.5
hkg,2005,39.64
hkg,2006,42.19
hkg,2007,43.78
hkg,2008,45.34
hkg,2009,45.2
hkg,2010,47.18
hkg,2011,48.61
hkg,2012,49.07
hkg,2013,50.7
hkg,2014,51.77
hkg,2015,52.52
hkg,2016,54.68
hkg,2017,56.31
hkg,2018,57.4
hkg,2019,57.01
hkg,2020,57.23
hkg,2021,59.37
hkg,2022,57.14
hkg,2023,58.87
hkg,2024,60.85
hkg,2025,62.77
hkg,2026,64.65
hkg,2027,66.74
hnd,2005,7.35
hnd,2006,7.45
hnd,2007,7.53
hnd,2008,8.14
hnd,2009,7.81
hnd,2010,7.89
hnd,2011,7.68
hnd,2012,7.86
hnd,2013,7.82
hnd,2014,7.51
hnd,2015,7.54
hnd,2016,7.48
hnd,2017,7.66
hnd,2018,7.27
hnd,2019,7.47
hnd,2020,7.46
hnd,2021,7.73
hnd,2022,8.01
hnd,2023,7.94
hnd,2024,7.67
hnd,2025,7.8
hnd,2026,7.92
hnd,2027,8.05
hrv,2005,36.8
hrv,2006,38.37
hrv,2007,39.21
hrv,2008,39.22
hrv,2009,36.9
hrv,2010,37.57
hrv,2011,39.17
hrv,2012,40.15
hrv,2013,41.52
hrv,2014,40.71
hrv,2015,42.62
hrv,2016,44.71
hrv,2017,45.09
hrv,2018,46.41
hrv,2019,47.58
hrv,2020,46.48
hrv,2021,50.03
hrv,2022,52.55
hrv,2023,54.6
hrv,2024,56.48
hrv,2025,58.74
hrv,2026,60.71
hrv,2027,62.74
hti,2005,4.57
hti,2006,4.59
hti,2007,4.72
hti,2008,4.64
hti,2009,4.71
hti,2010,4.32
hti,2011,4.39
hti,2012,4.28
hti,2013,4.34
hti,2014,4.36
hti,2015,4.33
hti,2016,4.32
hti,2017,4.34
hti,2018,4.32
hti,2019,4.18
hti,2020,4.26
hti,2021,3.9
hti,2022,3.76
hti,2023,3.63
hti,2024,3.46
hti,2025,3.31
hti,2026,3.22
hti,2027,3.17
hun,2005,33.98
hun,2006,35.38
hun,2007,35.56
hun,2008,36.1
hun,2009,35.25
hun,2010,35.62
hun,2011,36.53
hun,2012,36.47
hun,2013,36.5
hun,2014,36.18
hun,2015,36.52
hun,2016,35.47
hun,2017,36.87
hun,2018,39.08
hun,2019,40.66
hun,2020,40.64
hun,2021,44.08
hun,2022,44.53
hun,2023,44.47
hun,2024,44.78
hun,2025,45.29
hun,2026,46.55
hun,2027,47.82
idn,2005,8.32
idn,2006,8.57
idn,2007,8.65
idn,2008,9.03
idn,2009,9.26
idn,2010,9.47
idn,2011,9.93
idn,2012,10.35
idn,2013,11.3
idn,2014,11.28
idn,2015,11.49
idn,2016,11.94
idn,2017,12.28
idn,2018,12.95
idn,2019,13.24
idn,2020,13.37
idn,2021,14.25
idn,2022,14.1
idn,2023,14.39
idn,2024,14.96
idn,2025,15.46
idn,2026,15.97
idn,2027,16.51
ind,2005,4.39
ind,2006,4.72
ind,2007,5.03
ind,2008,5.12
ind,2009,5.44
ind,2010,5.85
ind,2011,6.07
ind,2012,6.3
ind,2013,6.57
ind,2014,6.88
ind,2015,7.3
ind,2016,7.78
ind,2017,8.15
ind,2018,8.5
ind,2019,8.57
ind,2020,8.37
ind,2021,8.91
ind,2022,9.3
ind,2023,9.94
ind,2024,10.28
ind,2025,10.8
ind,2026,11.31
ind,2027,11.87
irl,2005,70.04
irl,2006,71.95
irl,2007,75.98
irl,2008,74.77
irl,2009,79.67
irl,2010,84.5
irl,2011,87.4
irl,2012,87.65
irl,2013,86.19
irl,2014,91.1
irl,2015,110.25
irl,2016,106.29
irl,2017,112.26
irl,2018,116.49
irl,2019,119.03
irl,2020,141.49
irl,2021,156.41
irl,2022,156.44
irl,2023,147.5
irl,2024,152.28
irl,2025,164.65
irl,2026,165.22
irl,2027,167.63
irn,2005,17.91
irn,2006,18.12
irn,2007,19.2
irn,2008,19.93
irn,2009,20.58
irn,2010,22.35
irn,2011,23.11
irn,2012,21.25
irn,2013,20.78
irn,2014,22.19
irn,2015,20.81
irn,2016,23.01
irn,2017,22.05
irn,2018,21.99
irn,2019,20.24
irn,2020,23.17
irn,2021,23.13
irn,2022,24.31
irn,2023,22.87
irn,2024,23.54
irn,2025,23.55
irn,2026,23.7
irn,2027,23.97
irq,2005,24.08
irq,2006,25.27
irq,2007,25.98
irq,2008,27.79
irq,2009,27.95
irq,2010,29.07
irq,2011,30.52
irq,2012,33.57
irq,2013,34.44
irq,2014,34.09
irq,2015,34.3
irq,2016,38.09
irq,2017,39.17
irq,2018,40.34
irq,2019,42.82
irq,2020,38.86
irq,2021,39.03
irq,2022,38.49
irq,2023,37.52
irq,2024,36.53
irq,2025,35.73
irq,2026,35.97
irq,2027,36.16
isl,2005,51.83
isl,2006,52.96
isl,2007,55.72
isl,2008,56.25
isl,2009,58.09
isl,2010,57.4
isl,2011,57.54
isl,2012,57.42
isl,2013,58.72
isl,2014,56.06
isl,2015,56.44
isl,2016,57.9
isl,2017,59.44
isl,2018,61.37
isl,2019,62.35
isl,2020,61.74
isl,2021,64.46
isl,2022,65.99
isl,2023,67.72
isl,2024,66.23
isl,2025,66.38
isl,2026,67.17
isl,2027,68.24
isr,2005,46.04
isr,2006,47.16
isr,2007,48.07
isr,2008,47.92
isr,2009,48.96
isr,2010,49.98
isr,2011,51.36
isr,2012,49.8
isr,2013,51.05
isr,2014,51.8
isr,2015,51.53
isr,2016,51.63
isr,2017,52.79
isr,2018,54.03
isr,2019,55.78
isr,2020,59.55
isr,2021,60.65
isr,2022,60.54
isr,2023,61.3
isr,2024,60.71
isr,2025,61.12
isr,2026,62.26
isr,2027,63.18
ita,2005,72.9
ita,2006,73.36
ita,2007,73.7
ita,2008,73.11
ita,2009,72.16
ita,2010,72.76
ita,2011,73.31
ita,2012,73.24
ita,2013,73.61
ita,2014,73.8
ita,2015,73.75
ita,2016,72.5
ita,2017,72.49
ita,2018,72.07
ita,2019,72.15
ita,2020,74.22
ita,2021,74.22
ita,2022,74.8
ita,2023,73.7
ita,2024,73.32
ita,2025,74.11
ita,2026,75.1
ita,2027,76.09
jam,2005,10.57
jam,2006,10.78
jam,2007,10.82
jam,2008,10.66
jam,2009,10.54
jam,2010,10.51
jam,2011,10.66
jam,2012,10.41
jam,2013,10.4
jam,2014,10.24
jam,2015,9.67
jam,2016,9.68
jam,2017,9.42
jam,2018,9.33
jam,2019,9.05
jam,2020,8.97
jam,2021,9.02
jam,2022,8.9
jam,2023,8.74
jam,2024,8.69
jam,2025,8.81
jam,2026,8.92
jam,2027,9.04
jor,2005,20.15
jor,2006,20.36
jor,2007,19.22
jor,2008,19.97
jor,2009,20.07
jor,2010,20.12
jor,2011,20.34
jor,2012,20.75
jor,2013,20.72
jor,2014,19.72
jor,2015,18.23
jor,2016,17.53
jor,2017,17.51
jor,2018,18.11
jor,2019,17.28
jor,2020,16.83
jor,2021,18.09
jor,2022,17.38
jor,2023,16.17
jor,2024,16.33
jor,2025,16.66
jor,2026,16.86
jor,2027,16.83
jpn,2005,46.37
jpn,2006,46.57
jpn,2007,47.08
jpn,2008,47.06
jpn,2009,46.54
jpn,2010,48.12
jpn,2011,48.25
jpn,2012,48.54
jpn,2013,49.49
jpn,2014,49.41
jpn,2015,50.32
jpn,2016,50.28
jpn,2017,50.69
jpn,2018,50.86
jpn,2019,51.25
jpn,2020,50.92
jpn,2021,52.02
jpn,2022,52.23
jpn,2023,52.55
jpn,2024,52.14
jpn,2025,52.71
jpn,2026,53.09
jpn,2027,53.53
kaz,2005,22.18
kaz,2006,24.12
kaz,2007,25.58
kaz,2008,25.83
kaz,2009,26.04
kaz,2010,27.48
kaz,2011,29.19
kaz,2012,29.56
kaz,2013,30.3
kaz,2014,31.73
kaz,2015,32.28
kaz,2016,32.41
kaz,2017,33.42
kaz,2018,34.47
kaz,2019,35.65
kaz,2020,36.97
kaz,2021,36.68
kaz,2022,35.97
kaz,2023,37.16
kaz,2024,38.31
kaz,2025,41.52
kaz,2026,42.77
kaz,2027,43.82
ken,2005,4.8
ken,2006,4.92
ken,2007,5.07
ken,2008,4.92
ken,2009,4.92
ken,2010,5.13
ken,2011,5.21
ken,2012,5.27
ken,2013,5.3
ken,2014,5.38
ken,2015,5.46
ken,2016,5.51
ken,2017,5.79
ken,2018,6.2
ken,2019,6.62
ken,2020,6.8
ken,2021,6.89
ken,2022,6.91
ken,2023,7.07
ken,2024,7.18
ken,2025,7.32
ken,2026,7.47
ken,2027,7.64
kgz,2005,5.25
kgz,2006,5.34
kgz,2007,5.82
kgz,2008,6.34
kgz,2009,6.46
kgz,2010,6.3
kgz,2011,6.56
kgz,2012,6.64
kgz,2013,7.48
kgz,2014,7.66
kgz,2015,7.72
kgz,2016,7.86
kgz,2017,8.21
kgz,2018,8.06
kgz,2019,8.23
kgz,2020,8.18
kgz,2021,7.73
kgz,2022,8.15
kgz,2023,8.95
kgz,2024,9.43
kgz,2025,10
kgz,2026,10.34
kgz,2027,10.74
khm,2005,2.42
khm,2006,2.6
khm,2007,2.77
khm,2008,2.96
khm,2009,2.86
khm,2010,2.85
khm,2011,2.94
khm,2012,3.18
khm,2013,3.48
khm,2014,3.65
khm,2015,3.87
khm,2016,4.02
khm,2017,4.28
khm,2018,4.57
khm,2019,4.83
khm,2020,4.73
khm,2021,4.78
khm,2022,4.74
khm,2023,4.87
khm,2024,5.06
khm,2025,5.22
khm,2026,5.34
khm,2027,5.51
kor,2005,26.62
kor,2006,27.8
kor,2007,29.55
kor,2008,31.02
kor,2009,31.49
kor,2010,33.74
kor,2011,35.18
kor,2012,34.58
kor,2013,36.18
kor,2014,35.66
kor,2015,36.28
kor,2016,37.49
kor,2017,38.39
kor,2018,40.6
kor,2019,41.93
kor,2020,43.84
kor,2021,45.52
kor,2022,46.08
kor,2023,45.48
kor,2024,47.61
kor,2025,47.93
kor,2026,48.87
kor,2027,50.05
kwt,2005,62.67
kwt,2006,63.38
kwt,2007,63.16
kwt,2008,61.05
kwt,2009,53.5
kwt,2010,49.32
kwt,2011,50.1
kwt,2012,49.45
kwt,2013,47.36
kwt,2014,45.48
kwt,2015,42.92
kwt,2016,41.97
kwt,2017,38.33
kwt,2018,37.73
kwt,2019,37.6
kwt,2020,39.46
kwt,2021,38.59
kwt,2022,36.49
kwt,2023,34.02
kwt,2024,32.7
kwt,2025,32.93
kwt,2026,33.69
kwt,2027,34.01
lao,2005,4.6
lao,2006,4.83
lao,2007,5.02
lao,2008,5.24
lao,2009,5.46
lao,2010,5.76
lao,2011,6.12
lao,2012,6.53
lao,2013,6.96
lao,2014,7.41
lao,2015,7.87
lao,2016,8.37
lao,2017,8.89
lao,2018,9.03
lao,2019,9.1
lao,2020,8.98
lao,2021,8.53
lao,2022,8.32
lao,2023,8.43
lao,2024,8.6
lao,2025,8.73
lao,2026,8.78
lao,2027,8.84
lbn,2005,18.6
lbn,2006,18.61
lbn,2007,19.95
lbn,2008,20.67
lbn,2009,21.73
lbn,2010,23.02
lbn,2011,22.82
lbn,2012,22.66
lbn,2013,21.34
lbn,2014,19.67
lbn,2015,19.39
lbn,2016,20.25
lbn,2017,21.07
lbn,2018,21.38
lbn,2019,20.67
lbn,2020,17.53
lbn,2021,17.74
lbn,2022,18
lbn,2023,17.6
lbr,2005,1.36
lbr,2006,1.39
lbr,2007,1.45
lbr,2008,1.49
lbr,2009,1.52
lbr,2010,1.57
lbr,2011,1.6
lbr,2012,1.65
lbr,2013,1.74
lbr,2014,1.7
lbr,2015,1.65
lbr,2016,1.58
lbr,2017,1.57
lbr,2018,1.55
lbr,2019,1.47
lbr,2020,1.48
lbr,2021,1.45
lbr,2022,1.43
lbr,2023,1.45
lbr,2024,1.46
lbr,2025,1.49
lbr,2026,1.52
lbr,2027,1.56
lby,2005,33.73
lby,2006,34.87
lby,2007,35.68
lby,2008,34.72
lby,2009,32.52
lby,2010,33.07
lby,2011,16.61
lby,2012,32.52
lby,2013,26.13
lby,2014,19.59
lby,2015,19.11
lby,2016,18.58
lby,2017,24.01
lby,2018,25.4
lby,2019,22.23
lby,2020,17.74
lby,2021,22.45
lby,2022,18.63
lby,2023,19.94
lby,2024,20.22
lby,2025,22.91
lby,2026,23.54
lby,2027,23.78
lca,2005,24.74
lca,2006,24.66
lca,2007,23.88
lca,2008,24.02
lca,2009,23.45
lca,2010,23.46
lca,2011,24.52
lca,2012,23.55
lca,2013,23.7
lca,2014,23.55
lca,2015,23.08
lca,2016,23.35
lca,2017,23.7
lca,2018,23.86
lca,2019,23.03
lca,2020,26.62
lca,2021,22.26
lca,2022,23.59
lca,2023,22.66
lca,2024,23.37
lca,2025,23.7
lca,2026,24.09
lca,2027,24.51
lka,2005,9.36
lka,2006,9.9
lka,2007,10.48
lka,2008,10.97
lka,2009,11.4
lka,2010,12.13
lka,2011,13.29
lka,2012,13.99
lka,2013,14.37
lka,2014,15.09
lka,2015,15.53
lka,2016,15.68
lka,2017,16.27
lka,2018,17.54
lka,2019,17.52
lka,2020,19.56
lka,2021,19.42
lka,2022,17.08
lka,2023,17.33
lka,2024,17.52
lka,2025,18.22
lka,2026,18.87
lka,2027,19.53
lso,2005,2.57
lso,2006,2.68
lso,2007,2.77
lso,2008,2.9
lso,2009,2.87
lso,2010,2.99
lso,2011,3.11
lso,2012,3.27
lso,2013,3.31
lso,2014,3.39
lso,2015,3.51
lso,2016,3.64
lso,2017,3.56
lso,2018,3.52
lso,2019,3.49
lso,2020,3.49
lso,2021,3.52
lso,2022,3.27
lso,2023,3.27
lso,2024,3.29
lso,2025,3.3
lso,2026,3.29
lso,2027,3.28
ltu,2005,29.85
ltu,2006,32.15
ltu,2007,34.61
ltu,2008,35.59
ltu,2009,34.08
ltu,2010,36.19
ltu,2011,38.14
ltu,2012,39.25
ltu,2013,40.55
ltu,2014,41.4
ltu,2015,41.51
ltu,2016,41.35
ltu,2017,44.2
ltu,2018,45.47
ltu,2019,47.32
ltu,2020,50.22
ltu,2021,52.02
ltu,2022,51.95
ltu,2023,51.21
ltu,2024,51.68
ltu,2025,53.61
ltu,2026,55.92
ltu,2027,57.72
lux,2005,168.5
lux,2006,181.72
lux,2007,188.96
lux,2008,195.36
lux,2009,168.02
lux,2010,170.67
lux,2011,170.22
lux,2012,161.71
lux,2013,166.16
lux,2014,160.84
lux,2015,156.18
lux,2016,161.83
lux,2017,160.99
lux,2018,157.91
lux,2019,157.28
lux,2020,164.68
lux,2021,175.68
lux,2022,161.09
lux,2023,158.93
lux,2024,158.81
lux,2025,159.46
lux,2026,162.08
lux,2027,165.3
lva,2005,25.45
lva,2006,27.25
lva,2007,29.71
lva,2008,30.31
lva,2009,30.23
lva,2010,31.38
lva,2011,31.61
lva,2012,33.7
lva,2013,33.71
lva,2014,34.28
lva,2015,35.91
lva,2016,36.99
lva,2017,38.07
lva,2018,38.74
lva,2019,39.66
lva,2020,39.96
lva,2021,44.43
lva,2022,43.26
lva,2023,44.49
lva,2024,44.43
lva,2025,45.29
lva,2026,46.71
lva,2027,48.2
mac,2005,66.27
mac,2006,70.5
mac,2007,74.51
mac,2008,72.89
mac,2009,73.01
mac,2010,85.94
mac,2011,102.25
mac,2012,108.99
mac,2013,115.89
mac,2014,110.7
mac,2015,88.2
mac,2016,87.16
mac,2017,94.74
mac,2018,98.97
mac,2019,95.49
mac,2020,44.76
mac,2021,53.58
mac,2022,43.66
mac,2023,73.71
mac,2024,79.08
mac,2025,81.32
mac,2026,83.91
mac,2027,86.99
mar,2005,8.66
mar,2006,8.98
mar,2007,9.07
mar,2008,9.39
mar,2009,9.58
mar,2010,9.84
mar,2011,10.26
mar,2012,10.55
mar,2013,10.87
mar,2014,11.12
mar,2015,11.55
mar,2016,11.67
mar,2017,12.35
mar,2018,12.49
mar,2019,12.61
mar,2020,12.96
mar,2021,12.89
mar,2022,13.06
mar,2023,13.25
mar,2024,13.56
mar,2025,14
mar,2026,14.42
mar,2027,14.84
mda,2005,7.02
mda,2006,6.93
mda,2007,7.16
mda,2008,7.72
mda,2009,7.37
mda,2010,7.69
mda,2011,7.91
mda,2012,8.11
mda,2013,9.03
mda,2014,9.16
mda,2015,9.39
mda,2016,10.19
mda,2017,10.88
mda,2018,11.46
mda,2019,11.58
mda,2020,11.3
mda,2021,11.76
mda,2022,11.06
mda,2023,11.55
mda,2024,11.63
mda,2025,12
mda,2026,12.33
mda,2027,12.8
mdg,2005,2.19
mdg,2006,2.23
mdg,2007,2.28
mdg,2008,2.36
mdg,2009,2.19
mdg,2010,2.13
mdg,2011,2.04
mdg,2012,1.99
mdg,2013,1.95
mdg,2014,1.93
mdg,2015,1.92
mdg,2016,1.94
mdg,2017,1.95
mdg,2018,1.95
mdg,2019,1.98
mdg,2020,1.9
mdg,2021,1.82
mdg,2022,1.8
mdg,2023,1.81
mdg,2024,1.82
mdg,2025,1.84
mdg,2026,1.86
mdg,2027,1.9
mdv,2005,15.97
mdv,2006,19.36
mdv,2007,20.08
mdv,2008,21.14
mdv,2009,18.89
mdv,2010,18.8
mdv,2011,19.14
mdv,2012,18.4
mdv,2013,18.55
mdv,2014,18.89
mdv,2015,18.49
mdv,2016,18.54
mdv,2017,18.6
mdv,2018,18.97
mdv,2019,19.13
mdv,2020,14.22
mdv,2021,17.84
mdv,2022,18.49
mdv,2023,19.26
mdv,2024,19.85
mdv,2025,20.53
mdv,2026,21.16
mdv,2027,21.72
mex,2005,21.09
mex,2006,21.52
mex,2007,23.18
mex,2008,23.61
mex,2009,22.26
mex,2010,22.84
mex,2011,23
mex,2012,23.04
mex,2013,22.89
mex,2014,23.3
mex,2015,23.3
mex,2016,23.09
mex,2017,23.02
mex,2018,22.99
mex,2019,22.5
mex,2020,24.17
mex,2021,22.68
mex,2022,22.36
mex,2023,22.56
mex,2024,22.74
mex,2025,22.71
mex,2026,22.76
mex,2027,22.91
mkd,2005,22.49
mkd,2006,23.18
mkd,2007,23.88
mkd,2008,24.64
mkd,2009,24.55
mkd,2010,25.67
mkd,2011,26.13
mkd,2012,25.98
mkd,2013,25.6
mkd,2014,26.47
mkd,2015,27.16
mkd,2016,27.62
mkd,2017,27.35
mkd,2018,28.68
mkd,2019,29.1
mkd,2020,31.77
mkd,2021,30.95
mkd,2022,30.8
mkd,2023,32.07
mkd,2024,32.7
mkd,2025,34.01
mkd,2026,35.35
mkd,2027,36.8
mli,2005,2.81
mli,2006,2.92
mli,2007,2.95
mli,2008,3.06
mli,2009,3.12
mli,2010,3.23
mli,2011,3.26
mli,2012,3.15
mli,2013,3.14
mli,2014,3.22
mli,2015,3.35
mli,2016,3.43
mli,2017,3.63
mli,2018,3.7
mli,2019,3.87
mli,2020,3.83
mli,2021,3.72
mli,2022,3.55
mli,2023,3.6
mli,2024,3.62
mli,2025,3.68
mli,2026,3.75
mli,2027,3.81
mlt,2005,43.04
mlt,2006,43.7
mlt,2007,45.12
mlt,2008,46.34
mlt,2009,45.6
mlt,2010,48.24
mlt,2011,48.87
mlt,2012,49.05
mlt,2013,50.53
mlt,2014,52.92
mlt,2015,55.86
mlt,2016,53.84
mlt,2017,58.34
mlt,2018,58.3
mlt,2019,55.44
mlt,2020,56.2
mlt,2021,61.19
mlt,2022,60.56
mlt,2023,66.1
mlt,2024,69.58
mlt,2025,71.49
mlt,2026,73.82
mlt,2027,76.68
mmr,2005,1.99
mmr,2006,2.22
mmr,2007,2.46
mmr,2008,2.68
mmr,2009,2.94
mmr,2010,3.19
mmr,2011,3.34
mmr,2012,3.54
mmr,2013,3.81
mmr,2014,4.08
mmr,2015,4.32
mmr,2016,4.71
mmr,2017,5.17
mmr,2018,5.69
mmr,2019,6.14
mmr,2020,5.76
mmr,2021,6
mmr,2022,6
mmr,2023,5.99
mmr,2024,5.91
mmr,2025,5.79
mmr,2026,5.83
mmr,2027,5.88
mne,2005,27.33
mne,2006,27.73
mne,2007,27.76
mne,2008,28.91
mne,2009,27.95
mne,2010,28.88
mne,2011,29.75
mne,2012,26.62
mne,2013,27.21
mne,2014,26.78
mne,2015,26.8
mne,2016,27.71
mne,2017,28.91
mne,2018,29.1
mne,2019,29.83
mne,2020,29.07
mne,2021,33.62
mne,2022,29.52
mne,2023,28.83
mne,2024,29.7
mne,2025,31.08
mne,2026,32.52
mne,2027,33.79
mng,2005,7.64
mng,2006,8.14
mng,2007,8.82
mng,2008,9.3
mng,2009,9.01
mng,2010,9.48
mng,2011,10.48
mng,2012,11.44
mng,2013,12.59
mng,2014,13.43
mng,2015,13.58
mng,2016,14.38
mng,2017,14.66
mng,2018,15.22
mng,2019,15.21
mng,2020,15.2
mng,2021,16.74
mng,2022,16.19
mng,2023,17.53
mng,2024,18.22
mng,2025,19.01
mng,2026,19.84
mng,2027,20.71
moz,2005,1.44
moz,2006,1.56
moz,2007,1.66
moz,2008,1.74
moz,2009,1.82
moz,2010,1.91
moz,2011,2.01
moz,2012,2.12
moz,2013,2.22
moz,2014,2.34
moz,2015,2.45
moz,2016,2.45
moz,2017,2.4
moz,2018,2.37
moz,2019,2.32
moz,2020,2.27
moz,2021,2.17
moz,2022,2.17
moz,2023,2.2
moz,2024,2.17
moz,2025,2.15
moz,2026,2.16
moz,2027,2.18
mrt,2005,12.06
mrt,2006,13.88
mrt,2007,13.36
mrt,2008,13
mrt,2009,12.71
mrt,2010,12.64
mrt,2011,12.77
mrt,2012,12.97
mrt,2013,13.26
mrt,2014,13.59
mrt,2015,14.06
mrt,2016,14
mrt,2017,14.58
mrt,2018,14.8
mrt,2019,14.78
mrt,2020,14.96
mrt,2021,14.12
mrt,2022,14.24
mrt,2023,14.62
mrt,2024,14.98
mrt,2025,15.12
mrt,2026,15.31
mrt,2027,15.51
mus,2005,17.86
mus,2006,18.46
mus,2007,19.61
mus,2008,20.11
mus,2009,20.8
mus,2010,21.48
mus,2011,21.63
mus,2012,23.35
mus,2013,24.1
mus,2014,25.25
mus,2015,25.82
mus,2016,26.46
mus,2017,26.86
mus,2018,29.38
mus,2019,28.46
mus,2020,27.72
mus,2021,28.71
mus,2022,27.09
mus,2023,27.42
mus,2024,28.92
mus,2025,29.89
mus,2026,30.96
mus,2027,32.11
mwi,2005,1.85
mwi,2006,1.91
mwi,2007,2.07
mwi,2008,2.2
mwi,2009,2.35
mwi,2010,2.49
mwi,2011,2.59
mwi,2012,2.62
mwi,2013,2.74
mwi,2014,2.87
mwi,2015,2.92
mwi,2016,2.97
mwi,2017,3.06
mwi,2018,3.09
mwi,2019,3.15
mwi,2020,3.01
mwi,2021,3.16
mwi,2022,2.99
mwi,2023,2.94
mwi,2024,2.89
mwi,2025,2.88
mwi,2026,2.87
mwi,2027,2.87
mys,2005,20.76
mys,2006,21.21
mys,2007,22.09
mys,2008,22.56
mys,2009,21.42
mys,2010,22.18
mys,2011,22.78
mys,2012,23.25
mys,2013,23.7
mys,2014,23.97
mys,2015,25.04
mys,2016,25.66
mys,2017,26.52
mys,2018,27.33
mys,2019,27.75
mys,2020,27.35
mys,2021,27.44
mys,2022,28.16
mys,2023,28.67
mys,2024,29.68
mys,2025,30.41
mys,2026,31.08
mys,2027,31.78
nam,2005,16.06
nam,2006,16.77
nam,2007,17.35
nam,2008,17.42
nam,2009,17.2
nam,2010,17.88
nam,2011,18.48
nam,2012,19.06
nam,2013,18.95
nam,2014,16.34
nam,2015,17.02
nam,2016,17.08
nam,2017,16.79
nam,2018,16.8
nam,2019,16.32
nam,2020,16.31
nam,2021,16.02
nam,2022,15.23
nam,2023,15.46
nam,2024,15.68
nam,2025,15.86
nam,2026,16.09
nam,2027,16.22
ncl,2005,67.62
ncl,2006,69.17
ncl,2007,70.04
ncl,2008,68.9
ncl,2009,68.91
ncl,2010,71.5
ncl,2011,72.53
ncl,2012,72.2
ncl,2013,72.1
ncl,2014,72.23
ncl,2015,72.49
ncl,2016,72.81
ncl,2017,74.07
ncl,2018,77.09
ncl,2019,75.58
ncl,2020,74.68
ncl,2021,72.5
ncl,2022,73.54
ncl,2023,73.16
ncl,2024,67.93
ncl,2025,65.36
ncl,2026,65.98
ncl,2027,65.26
ner,2005,1.56
ner,2006,1.58
ner,2007,1.57
ner,2008,1.62
ner,2009,1.59
ner,2010,1.65
ner,2011,1.62
ner,2012,1.81
ner,2013,1.86
ner,2014,1.93
ner,2015,1.94
ner,2016,1.98
ner,2017,2
ner,2018,2.06
ner,2019,2.11
ner,2020,2.08
ner,2021,1.95
ner,2022,1.98
ner,2023,1.95
ner,2024,2.06
ner,2025,2.11
ner,2026,2.16
ner,2027,2.22
nga,2005,4.8
nga,2006,4.94
nga,2007,5.1
nga,2008,5.31
nga,2009,5.57
nga,2010,5.85
nga,2011,5.99
nga,2012,6.04
nga,2013,6.24
nga,2014,6.33
nga,2015,6.21
nga,2016,5.86
nga,2017,5.98
nga,2018,6.18
nga,2019,6.41
nga,2020,6.09
nga,2021,5.76
nga,2022,5.54
nga,2023,5.5
nga,2024,5.54
nga,2025,5.6
nga,2026,5.68
nga,2027,5.75
nic,2005,7.78
nic,2006,7.87
nic,2007,7.97
nic,2008,8.19
nic,2009,7.94
nic,2010,8.04
nic,2011,8.19
nic,2012,8.33
nic,2013,8.53
nic,2014,8.63
nic,2015,8.87
nic,2016,8.99
nic,2017,9.14
nic,2018,8.93
nic,2019,8.57
nic,2020,8.73
nic,2021,9
nic,2022,8.89
nic,2023,9.02
nic,2024,9.18
nic,2025,9.27
nic,2026,9.37
nic,2027,9.5
nld,2005,78.31
nld,2006,78.68
nld,2007,81.25
nld,2008,82.37
nld,2009,79.8
nld,2010,82.18
nld,2011,82.83
nld,2012,82.82
nld,2013,84.34
nld,2014,84.74
nld,2015,85.81
nld,2016,85.55
nld,2017,86.21
nld,2018,86.85
nld,2019,86.88
nld,2020,86.07
nld,2021,90.44
nld,2022,92.11
nld,2023,90.32
nld,2024,91.23
nld,2025,92.3
nld,2026,93.35
nld,2027,94.52
nor,2005,106.79
nor,2006,106.69
nor,2007,108.67
nor,2008,107.63
nor,2009,108.97
nor,2010,107.79
nor,2011,107.22
nor,2012,108.32
nor,2013,109.67
nor,2014,109.7
nor,2015,111.93
nor,2016,113.02
nor,2017,116.06
nor,2018,114.59
nor,2019,115.68
nor,2020,118.14
nor,2021,120.65
nor,2022,121.04
nor,2023,122.33
nor,2024,124.32
nor,2025,125.62
nor,2026,127.29
nor,2027,129.23
npl,2005,5.76
npl,2006,5.85
npl,2007,5.96
npl,2008,6.21
npl,2009,6.35
npl,2010,6.51
npl,2011,6.61
npl,2012,6.84
npl,2013,7.01
npl,2014,7.34
npl,2015,7.51
npl,2016,7.44
npl,2017,8.03
npl,2018,8.58
npl,2019,8.92
npl,2020,9.44
npl,2021,8.9
npl,2022,8.94
npl,2023,9.06
npl,2024,9.36
npl,2025,9.74
npl,2026,10.19
npl,2027,10.62
nzl,2005,44.36
nzl,2006,45.09
nzl,2007,46.19
nzl,2008,45.86
nzl,2009,47
nzl,2010,47.12
nzl,2011,47.61
nzl,2012,49.09
nzl,2013,48.74
nzl,2014,48.74
nzl,2015,49.43
nzl,2016,49.06
nzl,2017,48.65
nzl,2018,49.04
nzl,2019,48.65
nzl,2020,48.82
nzl,2021,50.56
nzl,2022,50.45
nzl,2023,50.53
nzl,2024,51.18
nzl,2025,51.43
nzl,2026,52.25
nzl,2027,53.08
omn,2005,48.63
omn,2006,48.24
omn,2007,48.14
omn,2008,49.63
omn,2009,50.22
omn,2010,48.1
omn,2011,41.08
omn,2012,35.78
omn,2013,33.83
omn,2014,32.72
omn,2015,32.75
omn,2016,32.18
omn,2017,30.72
omn,2018,30.54
omn,2019,31.67
omn,2020,35.22
omn,2021,35.46
omn,2022,35.41
omn,2023,33.17
omn,2024,32.15
omn,2025,31.6
omn,2026,31.75
omn,2027,32.1
pak,2005,5.56
pak,2006,5.73
pak,2007,5.78
pak,2008,5.81
pak,2009,5.82
pak,2010,5.64
pak,2011,5.75
pak,2012,5.96
pak,2013,6.07
pak,2014,6.03
pak,2015,6.22
pak,2016,6.49
pak,2017,6.77
pak,2018,7.16
pak,2019,7.29
pak,2020,7.34
pak,2021,7.14
pak,2022,7.25
pak,2023,7.09
pak,2024,7.14
pak,2025,7.16
pak,2026,7.24
pak,2027,7.35
pan,2005,19.76
pan,2006,21.34
pan,2007,23.34
pan,2008,24.45
pan,2009,25.15
pan,2010,25.63
pan,2011,27.38
pan,2012,29.48
pan,2013,30.18
pan,2014,31.65
pan,2015,32.53
pan,2016,33.97
pan,2017,35.81
pan,2018,36.53
pan,2019,37
pan,2020,39.73
pan,2021,41.76
pan,2022,41.76
pan,2023,41.94
pan,2024,42.63
pan,2025,43.55
pan,2026,44.54
pan,2027,45.6
per,2005,9.2
per,2006,9.33
per,2007,9.73
per,2008,10.49
per,2009,10.42
per,2010,11.09
per,2011,11.78
per,2012,12.36
per,2013,13.07
per,2014,13.33
per,2015,13.61
per,2016,14.1
per,2017,13.87
per,2018,14.08
per,2019,14.09
per,2020,14.98
per,2021,15.27
per,2022,14.65
per,2023,15.14
per,2024,15.15
per,2025,15.33
per,2026,15.53
per,2027,15.68
phl,2005,6.8
phl,2006,7.13
phl,2007,7.33
phl,2008,7.45
phl,2009,7.48
phl,2010,7.69
phl,2011,7.79
phl,2012,8.16
phl,2013,8.42
phl,2014,8.86
phl,2015,9.23
phl,2016,9.3
phl,2017,10.32
phl,2018,10.57
phl,2019,10.91
phl,2020,12.35
phl,2021,11.39
phl,2022,10.68
phl,2023,11.19
phl,2024,11.58
phl,2025,12.01
phl,2026,12.49
phl,2027,13.02
png,2005,5.4
png,2006,5.53
png,2007,5.76
png,2008,5.49
png,2009,5.62
png,2010,6.01
png,2011,5.93
png,2012,5.93
png,2013,5.87
png,2014,6.39
png,2015,6.49
png,2016,6.58
png,2017,6.55
png,2018,6.29
png,2019,6.37
png,2020,6.14
png,2021,5.78
png,2022,5.85
png,2023,5.93
png,2024,6
png,2025,6.13
png,2026,6.19
png,2027,6.24
pol,2005,28.54
pol,2006,29.3
pol,2007,29.9
pol,2008,30.17
pol,2009,31.29
pol,2010,32.27
pol,2011,33.76
pol,2012,34.36
pol,2013,34.91
pol,2014,35.35
pol,2015,36.25
pol,2016,36.62
pol,2017,38.42
pol,2018,41.22
pol,2019,42.97
pol,2020,43.77
pol,2021,43.33
pol,2022,44.71
pol,2023,44.24
pol,2024,46.65
pol,2025,48.84
pol,2026,50.99
pol,2027,52.86
pri,2005,69.11
pri,2006,68.12
pri,2007,68.7
pri,2008,70.04
pri,2009,74.97
pri,2010,78.23
pri,2011,80.28
pri,2012,80.31
pri,2013,81.33
pri,2014,82.32
pri,2015,80.18
pri,2016,78.24
pri,2017,75.82
pri,2018,70.79
pri,2019,69.74
pri,2020,69.82
pri,2021,61.9
pri,2022,61.27
pri,2023,60.63
pri,2024,61.59
pri,2025,60.95
pri,2026,60.78
pri,2027,61.31
prk,2005,1.64
prk,2006,1.6
prk,2007,1.56
prk,2008,1.59
prk,2009,1.57
prk,2010,1.55
prk,2011,1.55
prk,2012,1.56
prk,2013,1.56
prk,2014,1.57
prk,2015,1.54
prk,2016,1.59
prk,2017,1.52
prk,2018,1.44
prk,2019,1.45
prk,2020,1.43
prk,2021,1.4
prk,2022,1.35
prk,2023,1.38
prk,2024,1.39
prk,2025,1.39
prk,2026,1.4
prk,2027,1.42
prt,2005,39.93
prt,2006,40.45
prt,2007,41.93
prt,2008,41.9
prt,2009,41.94
prt,2010,43.09
prt,2011,44.62
prt,2012,44.9
prt,2013,45.49
prt,2014,44.86
prt,2015,44.84
prt,2016,45.9
prt,2017,45.78
prt,2018,46.1
prt,2019,46.92
prt,2020,48.37
prt,2021,49.51
prt,2022,49.99
prt,2023,50.09
prt,2024,52.26
prt,2025,52.91
prt,2026,54.33
prt,2027,55.55
pry,2005,10.58
pry,2006,11.25
pry,2007,11.52
pry,2008,11.87
pry,2009,12.12
pry,2010,13.02
pry,2011,12.76
pry,2012,12.73
pry,2013,13.21
pry,2014,14.29
pry,2015,14.62
pry,2016,14.81
pry,2017,15.39
pry,2018,15.91
pry,2019,15.63
pry,2020,17.59
pry,2021,16.04
pry,2022,15.59
pry,2023,15.71
pry,2024,16.16
pry,2025,16.34
pry,2026,16.66
pry,2027,16.95
pse,2005,13.96
pse,2006,13.29
pse,2007,12.75
pse,2008,14.28
pse,2009,14.44
pse,2010,14.75
pse,2011,14.37
pse,2012,14.89
pse,2013,15.14
pse,2014,14.68
pse,2015,14.59
pse,2016,15.41
pse,2017,15.05
pse,2018,15.13
pse,2019,14.58
pse,2020,15.39
pse,2021,13.58
pse,2022,12.72
pyf,2005,55.73
pyf,2006,55.32
pyf,2007,55.44
pyf,2008,54.81
pyf,2009,52.67
pyf,2010,50.94
pyf,2011,49.18
pyf,2012,48.33
pyf,2013,48.13
pyf,2014,47.93
pyf,2015,48.38
pyf,2016,49.08
pyf,2017,50.77
pyf,2018,51.55
pyf,2019,52.94
pyf,2020,51.96
pyf,2021,51.74
pyf,2022,53.01
pyf,2023,54.47
pyf,2024,55.61
pyf,2025,56.9
pyf,2026,58.51
pyf,2027,60.2
qat,2005,70.18
qat,2006,71.71
qat,2007,60.92
qat,2008,57.02
qat,2009,57.08
qat,2010,62.61
qat,2011,66.75
qat,2012,68.06
qat,2013,67.37
qat,2014,64.44
qat,2015,60.98
qat,2016,58.38
qat,2017,56.35
qat,2018,56.45
qat,2019,57.29
qat,2020,55.92
qat,2021,57.33
qat,2022,60.34
qat,2023,59.47
qat,2024,59.82
qat,2025,60.3
qat,2026,62.94
qat,2027,67.01
rou,2005,25.59
rou,2006,28.03
rou,2007,29.92
rou,2008,32.72
rou,2009,34.25
rou,2010,31.27
rou,2011,33.25
rou,2012,33.92
rou,2013,34.28
rou,2014,35.51
rou,2015,36.64
rou,2016,37.37
rou,2017,39.57
rou,2018,42.05
rou,2019,43.47
rou,2020,44.33
rou,2021,44.32
rou,2022,46.36
rou,2023,48.66
rou,2024,49.6
rou,2025,50.71
rou,2026,51.76
rou,2027,53.49
rus,2005,28.61
rus,2006,30.85
rus,2007,32.76
rus,2008,34.33
rus,2009,32.56
rus,2010,33.76
rus,2011,34.72
rus,2012,35.73
rus,2013,36.53
rus,2014,36.71
rus,2015,36.42
rus,2016,36.48
rus,2017,37.16
rus,2018,38.25
rus,2019,39.52
rus,2020,41.08
rus,2021,40.84
rus,2022,39.68
rus,2023,40.64
rus,2024,42.42
rus,2025,43.16
rus,2026,44.08
rus,2027,44.84
rwa,2005,2.69
rwa,2006,2.85
rwa,2007,2.98
rwa,2008,3.22
rwa,2009,3.33
rwa,2010,3.47
rwa,2011,3.64
rwa,2012,3.83
rwa,2013,3.91
rwa,2014,4.05
rwa,2015,4.29
rwa,2016,4.43
rwa,2017,4.48
rwa,2018,4.5
rwa,2019,5.11
rwa,2020,4.67
rwa,2021,6.08
rwa,2022,5.86
rwa,2023,5.56
rwa,2024,6.07
rwa,2025,6.32
rwa,2026,6.6
rwa,2027,6.9
sau,2005,90.31
sau,2006,87.4
sau,2007,83.17
sau,2008,82.11
sau,2009,76.66
sau,2010,73.84
sau,2011,75.9
sau,2012,73.87
sau,2013,70.74
sau,2014,69.39
sau,2015,68.15
sau,2016,66.46
sau,2017,69.47
sau,2018,73.11
sau,2019,72.52
sau,2020,71.32
sau,2021,67.78
sau,2022,71.28
sau,2023,64.69
sau,2024,64.22
sau,2025,65.26
sau,2026,66.54
sau,2027,67.49
sdn,2005,9.07
sdn,2006,9.45
sdn,2007,9.75
sdn,2008,9.88
sdn,2009,8.91
sdn,2010,9.27
sdn,2011,9.03
sdn,2012,7.41
sdn,2013,7.43
sdn,2014,7.58
sdn,2015,7.5
sdn,2016,7.54
sdn,2017,7.38
sdn,2018,6.97
sdn,2019,6.68
sdn,2020,6.64
sdn,2021,6.36
sdn,2022,5.84
sen,2005,6.15
sen,2006,6.13
sen,2007,6.22
sen,2008,6.38
sen,2009,6.48
sen,2010,6.63
sen,2011,6.64
sen,2012,6.89
sen,2013,7.03
sen,2014,7.39
sen,2015,7.78
sen,2016,6.62
sen,2017,6.77
sen,2018,6.44
sen,2019,6.04
sen,2020,6.18
sen,2021,6.08
sen,2022,5.83
sen,2023,5.88
sen,2024,6.06
sen,2025,6.21
sen,2026,6.2
sen,2027,6.21
sgp,2005,66.35
sgp,2006,67.96
sgp,2007,70.51
sgp,2008,66.94
sgp,2009,66.08
sgp,2010,71.79
sgp,2011,74.51
sgp,2012,75.6
sgp,2013,78.45
sgp,2014,81.01
sgp,2015,81.3
sgp,2016,83.68
sgp,2017,86.76
sgp,2018,90.11
sgp,2019,88.59
sgp,2020,91.46
sgp,2021,96.77
sgp,2022,96.83
sgp,2023,96.6
sgp,2024,99.45
sgp,2025,100.42
sgp,2026,101.39
sgp,2027,102.77
slb,2005,2.61
slb,2006,2.67
slb,2007,2.72
slb,2008,2.84
slb,2009,2.87
slb,2010,3.04
slb,2011,3.13
slb,2012,3.08
slb,2013,3.1
slb,2014,3.02
slb,2015,2.95
slb,2016,2.99
slb,2017,2.96
slb,2018,2.92
slb,2019,2.88
slb,2020,2.81
slb,2021,2.72
slb,2022,2.68
slb,2023,2.67
slb,2024,2.66
slb,2025,2.65
slb,2026,2.64
slb,2027,2.64
sle,2005,2.93
sle,2006,3.03
sle,2007,3.12
sle,2008,3.2
sle,2009,3.21
sle,2010,3.36
sle,2011,3.59
sle,2012,3.91
sle,2013,4.43
sle,2014,4.04
sle,2015,3.8
sle,2016,3.98
sle,2017,4.03
sle,2018,4.06
sle,2019,4.16
sle,2020,4.15
sle,2021,4.13
sle,2022,4.17
sle,2023,4.27
sle,2024,4.32
sle,2025,4.41
sle,2026,4.52
sle,2027,4.63
slv,2005,9.8
slv,2006,10.05
slv,2007,10.07
slv,2008,10.22
slv,2009,10.28
slv,2010,10.25
slv,2011,10.44
slv,2012,10.63
slv,2013,10.52
slv,2014,10.7
slv,2015,10.9
slv,2016,11.03
slv,2017,11.22
slv,2018,11.43
slv,2019,11.25
slv,2020,11.04
slv,2021,11.43
slv,2022,11.39
slv,2023,11.45
slv,2024,11.63
slv,2025,11.77
slv,2026,11.91
slv,2027,12.11
som,2005,3.62
som,2006,3.76
som,2007,3.94
som,2008,4.08
som,2009,4.23
som,2010,4.39
som,2011,4.63
som,2012,4.88
som,2013,5.23
som,2014,5.5
som,2015,5.86
som,2016,6.05
som,2017,6.66
som,2018,6.58
som,2019,6.53
som,2020,6.39
som,2021,6.01
som,2022,6.02
som,2023,6.04
som,2024,6.06
som,2025,6.04
som,2026,6.04
som,2027,6.06
srb,2005,18.75
srb,2006,19.56
srb,2007,20.39
srb,2008,20.69
srb,2009,21.43
srb,2010,23.42
srb,2011,24.6
srb,2012,24.52
srb,2013,24.76
srb,2014,26.03
srb,2015,24.55
srb,2016,23.98
srb,2017,24.25
srb,2018,24.86
srb,2019,25.51
srb,2020,26.09
srb,2021,26.3
srb,2022,26.39
srb,2023,27.64
srb,2024,28.16
srb,2025,29.77
srb,2026,30.87
srb,2027,32.27
ssd,2005,7.54
ssd,2006,7.57
ssd,2007,7.55
ssd,2008,7.45
ssd,2009,6.93
ssd,2010,6.77
ssd,2011,6.15
ssd,2012,4.99
ssd,2013,5.42
ssd,2014,5.65
ssd,2015,5.12
ssd,2016,4.58
ssd,2017,4.62
ssd,2018,4.53
ssd,2019,4.34
ssd,2020,4.08
ssd,2021,4.09
ssd,2022,3.65
ssd,2023,3.55
stp,2005,15.84
stp,2006,16.78
stp,2007,16.76
stp,2008,17.17
stp,2009,17.2
stp,2010,16.9
stp,2011,16.72
stp,2012,16.66
stp,2013,16.86
stp,2014,17.04
stp,2015,16.75
stp,2016,17.02
stp,2017,17.13
stp,2018,17.49
stp,2019,17.51
stp,2020,18.72
stp,2021,17.6
stp,2022,16.89
stp,2023,16.53
stp,2024,16.3
stp,2025,16.39
stp,2026,16.77
stp,2027,17.01
sur,2005,26.62
sur,2006,27.1
sur,2007,27.73
sur,2008,28.15
sur,2009,28.44
sur,2010,28.56
sur,2011,29.57
sur,2012,29.89
sur,2013,29.45
sur,2014,28.9
sur,2015,28.76
sur,2016,28.08
sur,2017,28.11
sur,2018,28.92
sur,2019,28.85
sur,2020,26.85
sur,2021,24.93
sur,2022,24.79
sur,2023,24.94
sur,2024,25.22
sur,2025,25.64
sur,2026,26.33
sur,2027,27.18
svk,2005,28.31
svk,2006,29.88
svk,2007,32.19
svk,2008,33.18
svk,2009,33.42
svk,2010,36.08
svk,2011,35.43
svk,2012,37.22
svk,2013,37.59
svk,2014,37.51
svk,2015,39.93
svk,2016,39.67
svk,2017,40.64
svk,2018,41.69
svk,2019,41.94
svk,2020,45.13
svk,2021,46.91
svk,2022,45.35
svk,2023,45.59
svk,2024,46.49
svk,2025,47.4
svk,2026,48.67
svk,2027,50.09
svn,2005,40.14
svn,2006,42.86
svn,2007,44.53
svn,2008,46.48
svn,2009,44.57
svn,2010,45.75
svn,2011,47.34
svn,2012,46.33
svn,2013,46.29
svn,2014,47.59
svn,2015,48.58
svn,2016,50.17
svn,2017,51.94
svn,2018,52.51
svn,2019,53.96
svn,2020,54.69
svn,2021,54.77
svn,2022,55.97
svn,2023,58.77
svn,2024,59.28
svn,2025,59.89
svn,2026,61.51
svn,2027,63.48
swe,2005,71.45
swe,2006,73.59
swe,2007,73.58
swe,2008,72.02
swe,2009,71.79
swe,2010,73.46
swe,2011,74.18
swe,2012,74.29
swe,2013,74.97
swe,2014,75.98
swe,2015,79.08
swe,2016,77.82
swe,2017,78.22
swe,2018,78.53
swe,2019,80.86
swe,2020,83.23
swe,2021,84.77
swe,2022,83.4
swe,2023,82.52
swe,2024,83.46
swe,2025,83.86
swe,2026,84.94
swe,2027,85.99
swz,2005,13.56
swz,2006,14.32
swz,2007,14.88
swz,2008,14.71
swz,2009,14.59
swz,2010,14.84
swz,2011,14.87
swz,2012,15.2
swz,2013,15.48
swz,2014,15.43
swz,2015,15.4
swz,2016,15.74
swz,2017,16.48
swz,2018,17.14
swz,2019,18.78
swz,2020,20.26
swz,2021,20.86
swz,2022,21.65
swz,2023,21.45
swz,2024,21.72
swz,2025,22.16
swz,2026,22.67
swz,2027,23.06
syr,2005,15.05
syr,2006,15.05
syr,2007,15.14
syr,2008,15.61
syr,2009,15.95
syr,2010,16.58
syr,2011,16.39
syr,2012,16.48
syr,2013,15.54
syr,2014,15.76
syr,2015,15.87
syr,2016,15.27
syr,2017,14.93
syr,2018,14.54
syr,2019,13.88
syr,2020,14.3
syr,2021,13.75
syr,2022,12.63
syr,2023,11.99
syr,2024,11.5
syr,2025,11.1
syr,2026,10.75
syr,2027,10.43
tcd,2005,5
tcd,2006,4.85
tcd,2007,4.94
tcd,2008,4.97
tcd,2009,4.77
tcd,2010,5.29
tcd,2011,5.39
tcd,2012,5.71
tcd,2013,5.7
tcd,2014,5.66
tcd,2015,5.72
tcd,2016,5.36
tcd,2017,5.14
tcd,2018,5.29
tcd,2019,5.38
tcd,2020,5.59
tcd,2021,5.2
tcd,2022,5.1
tcd,2023,5.05
tcd,2024,4.92
tcd,2025,4.91
tcd,2026,4.97
tcd,2027,5
tgo,2005,3.23
tgo,2006,3.22
tgo,2007,3.04
tgo,2008,3.03
tgo,2009,3.06
tgo,2010,3.12
tgo,2011,3.18
tgo,2012,3.3
tgo,2013,3.39
tgo,2014,3.49
tgo,2015,3.58
tgo,2016,3.66
tgo,2017,3.74
tgo,2018,3.78
tgo,2019,3.82
tgo,2020,3.92
tgo,2021,3.94
tgo,2022,3.99
tgo,2023,4.09
tgo,2024,4.18
tgo,2025,4.29
tgo,2026,4.41
tgo,2027,4.53
tha,2005,10.71
tha,2006,11.23
tha,2007,11.69
tha,2008,11.82
tha,2009,11.73
tha,2010,12.65
tha,2011,12.44
tha,2012,13.28
tha,2013,14.04
tha,2014,14.27
tha,2015,14.92
tha,2016,15.63
tha,2017,16.38
tha,2018,16.91
tha,2019,17.45
tha,2020,17.14
tha,2021,17.24
tha,2022,16.98
tha,2023,17.03
tha,2024,17.49
tha,2025,17.89
tha,2026,18.24
tha,2027,18.69
tjk,2005,3.1
tjk,2006,3.37
tjk,2007,3.66
tjk,2008,4.14
tjk,2009,4.54
tjk,2010,4.76
tjk,2011,5.04
tjk,2012,5.33
tjk,2013,5.62
tjk,2014,5.88
tjk,2015,6.12
tjk,2016,6.43
tjk,2017,6.86
tjk,2018,7.37
tjk,2019,7.89
tjk,2020,8.45
tjk,2021,8.77
tjk,2022,8.89
tjk,2023,9.33
tjk,2024,9.8
tjk,2025,10.29
tjk,2026,10.61
tjk,2027,10.88
tkm,2005,9.02
tkm,2006,9.75
tkm,2007,10.59
tkm,2008,11.92
tkm,2009,12.37
tkm,2010,13.31
tkm,2011,15.2
tkm,2012,16.7
tkm,2013,18.18
tkm,2014,19.81
tkm,2015,20.78
tkm,2016,21.67
tkm,2017,22.71
tkm,2018,23.74
tkm,2019,24.96
tkm,2020,25.58
tkm,2021,26.99
tkm,2022,26.73
tkm,2023,27.45
tkm,2024,27.67
tkm,2025,27.94
tkm,2026,28.14
tkm,2027,28.32
tls,2005,5.25
tls,2006,4.91
tls,2007,5.29
tls,2008,5.77
tls,2009,6.2
tls,2010,6.65
tls,2011,6.88
tls,2012,7.05
tls,2013,7.09
tls,2014,7.21
tls,2015,7.2
tls,2016,7.3
tls,2017,6.67
tls,2018,6.29
tls,2019,7.36
tls,2020,6.6
tls,2021,6.24
tls,2022,6.35
tls,2023,6.38
tls,2024,6.47
tls,2025,6.58
tls,2026,6.64
tls,2027,6.69
ton,2005,9.04
ton,2006,8.74
ton,2007,8.56
ton,2008,8.96
ton,2009,8.56
ton,2010,8.66
ton,2011,9.25
ton,2012,9.4
ton,2013,9.54
ton,2014,9.84
ton,2015,10.06
ton,2016,10.85
ton,2017,11.29
ton,2018,11.44
ton,2019,11.63
ton,2020,12.62
ton,2021,12.49
ton,2022,12.91
ton,2023,13.83
ton,2024,14.29
ton,2025,14.73
ton,2026,15.11
ton,2027,15.39
tto,2005,29.56
tto,2006,32.87
tto,2007,33.38
tto,2008,34.43
tto,2009,33.24
tto,2010,34.1
tto,2011,34.1
tto,2012,35.71
tto,2013,36.12
tto,2014,37.1
tto,2015,37.12
tto,2016,34.3
tto,2017,32.55
tto,2018,32.28
tto,2019,32.55
tto,2020,32.64
tto,2021,31.95
tto,2022,31.03
tto,2023,30.39
tto,2024,31.55
tto,2025,31.92
tto,2026,32.41
tto,2027,33.34
tun,2005,15.11
tun,2006,15.41
tun,2007,16.07
tun,2008,16.4
tun,2009,16.77
tun,2010,16.82
tun,2011,17.23
tun,2012,17.41
tun,2013,17.48
tun,2014,17.55
tun,2015,17.94
tun,2016,18.1
tun,2017,18.54
tun,2018,18.56
tun,2019,18.76
tun,2020,19.23
tun,2021,19.16
tun,2022,18.78
tun,2023,18.78
tun,2024,19.02
tun,2025,19.32
tun,2026,19.58
tun,2027,19.78
tur,2005,21.98
tur,2006,23.17
tur,2007,25.11
tur,2008,24.5
tur,2009,23.85
tur,2010,24.85
tur,2011,26.19
tur,2012,26.28
tur,2013,28.3
tur,2014,30.15
tur,2015,30.98
tur,2016,31.5
tur,2017,32.84
tur,2018,32.23
tur,2019,33.56
tur,2020,37.55
tur,2021,38.62
tur,2022,38
tur,2023,39.06
tur,2024,40.1
tur,2025,40.91
tur,2026,41.96
tur,2027,43.09
twn,2005,39.28
twn,2006,40.73
twn,2007,42.65
twn,2008,42.63
twn,2009,42.98
twn,2010,46.16
twn,2011,46.87
twn,2012,47.5
twn,2013,48.27
twn,2014,50.07
twn,2015,50.39
twn,2016,51.18
twn,2017,52.6
twn,2018,53.79
twn,2019,55.38
twn,2020,58.62
twn,2021,61.9
twn,2022,63.26
twn,2023,64.21
twn,2024,67.4
twn,2025,69.88
twn,2026,71.51
twn,2027,73.28
tza,2005,2.71
tza,2006,2.8
tza,2007,2.87
tza,2008,2.92
tza,2009,3.02
tza,2010,3.17
tza,2011,3.46
tza,2012,3.63
tza,2013,3.48
tza,2014,3.33
tza,2015,3.38
tza,2016,3.45
tza,2017,3.53
tza,2018,3.57
tza,2019,3.63
tza,2020,3.81
tza,2021,3.7
tza,2022,3.64
tza,2023,3.7
tza,2024,3.76
tza,2025,3.86
tza,2026,3.98
tza,2027,4.11
uga,2005,3.52
uga,2006,3.81
uga,2007,4.02
uga,2008,4.25
uga,2009,4.43
uga,2010,4.66
uga,2011,4.57
uga,2012,4.08
uga,2013,3.6
uga,2014,4.48
uga,2015,4.35
uga,2016,4.22
uga,2017,4.05
uga,2018,4.13
uga,2019,4.27
uga,2020,3.62
uga,2021,2.86
uga,2022,2.9
uga,2023,2.93
uga,2024,3
uga,2025,3.08
uga,2026,3.2
uga,2027,3.35
ukr,2005,16.88
ukr,2006,18.17
ukr,2007,19.35
ukr,2008,19.94
ukr,2009,17.64
ukr,2010,18.14
ukr,2011,19.37
ukr,2012,19.44
ukr,2013,19.49
ukr,2014,17.99
ukr,2015,16.53
ukr,2016,16.86
ukr,2017,17.41
ukr,2018,17.98
ukr,2019,18.58
ukr,2020,19.18
ukr,2021,19.82
ury,2005,26.35
ury,2006,25.64
ury,2007,25.76
ury,2008,26.82
ury,2009,27.68
ury,2010,29.4
ury,2011,29.43
ury,2012,30.64
ury,2013,31.93
ury,2014,32.27
ury,2015,33.19
ury,2016,34.95
ury,2017,35.3
ury,2018,35.72
ury,2019,36.53
ury,2020,36.17
ury,2021,36.21
ury,2022,36.37
ury,2023,37.63
ury,2024,37.51
ury,2025,38
ury,2026,38.74
ury,2027,39.48
usa,2005,63.14
usa,2006,63.6
usa,2007,64.33
usa,2008,64.81
usa,2009,67.2
usa,2010,68.5
usa,2011,68.56
usa,2012,68.57
usa,2013,68.81
usa,2014,69.19
usa,2015,70.04
usa,2016,69.87
usa,2017,70.47
usa,2018,70.92
usa,2019,71.38
usa,2020,76.35
usa,2021,76.94
usa,2022,76.88
usa,2023,78.13
usa,2024,80.56
usa,2025,81.8
usa,2026,83.44
usa,2027,84.84
uzb,2005,6.05
uzb,2006,6.25
uzb,2007,6.54
uzb,2008,6.96
uzb,2009,7.27
uzb,2010,7.66
uzb,2011,7.93
uzb,2012,8.25
uzb,2013,8.68
uzb,2014,9.09
uzb,2015,9.54
uzb,2016,9.76
uzb,2017,10.08
uzb,2018,10.44
uzb,2019,10.88
uzb,2020,11.41
uzb,2021,11.9
uzb,2022,11.87
uzb,2023,12.36
uzb,2024,12.92
uzb,2025,13.65
uzb,2026,14.35
uzb,2027,15.02
vct,2005,15.44
vct,2006,16.23
vct,2007,16.6
vct,2008,16.66
vct,2009,16.67
vct,2010,15.99
vct,2011,16.01
vct,2012,16.19
vct,2013,16.5
vct,2014,16.72
vct,2015,17.09
vct,2016,17.76
vct,2017,17.99
vct,2018,18.52
vct,2019,18.78
vct,2020,19.16
vct,2021,19.13
vct,2022,19.43
vct,2023,20.17
vct,2024,21.11
vct,2025,22.05
vct,2026,22.8
vct,2027,23.58
ven,2005,35.53
ven,2006,37.24
ven,2007,39.9
ven,2008,40.98
ven,2009,39.16
ven,2010,37.94
ven,2011,39.36
ven,2012,41.31
ven,2013,42.15
ven,2014,40.13
ven,2015,37.33
ven,2016,30.86
ven,2017,26.78
ven,2018,23
ven,2019,18.27
ven,2020,16.16
ven,2021,15.39
ven,2022,15.15
ven,2023,15.42
ven,2024,15.83
ven,2025,15.76
ven,2026,15.22
ven,2027,15.41
vir,2005,66.55
vir,2006,67.94
vir,2007,69.59
vir,2008,71.11
vir,2009,68.32
vir,2010,71.14
vir,2011,65.59
vir,2012,57.82
vir,2013,58.7
vir,2014,59.36
vir,2015,57.57
vir,2016,59.98
vir,2017,60.29
vir,2018,68.64
vir,2019,75.7
vir,2020,79.79
vir,2021,79.22
vir,2022,75.95
vir,2023,61.97
vir,2024,61.99
vir,2025,61.84
vir,2026,61.84
vir,2027,61.75
vnm,2005,4.86
vnm,2006,5.02
vnm,2007,5.17
vnm,2008,5.36
vnm,2009,5.57
vnm,2010,5.76
vnm,2011,6.01
vnm,2012,6.4
vnm,2013,6.74
vnm,2014,7.19
vnm,2015,7.6
vnm,2016,7.97
vnm,2017,8.7
vnm,2018,8.83
vnm,2019,9.89
vnm,2020,10.29
vnm,2021,10.85
vnm,2022,10.88
vnm,2023,11.35
vnm,2024,12.01
vnm,2025,12.7
vnm,2026,13.34
vnm,2027,14.02
vut,2005,5.6
vut,2006,5.86
vut,2007,5.85
vut,2008,6.03
vut,2009,6.11
vut,2010,6.16
vut,2011,6.27
vut,2012,6.27
vut,2013,6.24
vut,2014,6.34
vut,2015,6.53
vut,2016,6.69
vut,2017,6.89
vut,2018,7.01
vut,2019,7.15
vut,2020,7.48
vut,2021,6.46
vut,2022,6.45
vut,2023,6.41
vut,2024,6.3
vut,2025,6.26
vut,2026,6.28
vut,2027,6.29
wsm,2005,7.91
wsm,2006,8.06
wsm,2007,8.07
wsm,2008,8.31
wsm,2009,8.23
wsm,2010,8.68
wsm,2011,8.98
wsm,2012,8.91
wsm,2013,8.83
wsm,2014,8.8
wsm,2015,9.09
wsm,2016,9.77
wsm,2017,9.89
wsm,2018,10.04
wsm,2019,10.74
wsm,2020,11.22
wsm,2021,10.7
wsm,2022,10.86
wsm,2023,12.46
wsm,2024,12.95
wsm,2025,13.34
wsm,2026,13.77
wsm,2027,14.1
yem,2005,18.33
yem,2006,18.31
yem,2007,18.32
yem,2008,18.37
yem,2009,18.44
yem,2010,19.19
yem,2011,16.59
yem,2012,16.69
yem,2013,17.18
yem,2014,16.75
yem,2015,17.21
yem,2016,16.3
yem,2017,15.7
yem,2018,15.28
yem,2019,15.07
yem,2020,14.63
yem,2021,14.57
yem,2022,13.97
yem,2023,13.59
yem,2024,13.3
yem,2025,13.13
yem,2026,12.97
yem,2027,13.06
zaf,2005,18.1
zaf,2006,18.85
zaf,2007,19.56
zaf,2008,20.67
zaf,2009,21.35
zaf,2010,22.85
zaf,2011,23.03
zaf,2012,23.34
zaf,2013,23.29
zaf,2014,23.2
zaf,2015,22.41
zaf,2016,22.75
zaf,2017,22.9
zaf,2018,22.88
zaf,2019,22.72
zaf,2020,24.54
zaf,2021,25.27
zaf,2022,24.02
zaf,2023,22.79
zaf,2024,22.45
zaf,2025,22.84
zaf,2026,22.84
zaf,2027,22.94
zmb,2005,4.97
zmb,2006,5.01
zmb,2007,5.07
zmb,2008,5.1
zmb,2009,5.52
zmb,2010,6.04
zmb,2011,5.98
zmb,2012,6.04
zmb,2013,6.07
zmb,2014,6.07
zmb,2015,5.98
zmb,2016,5.93
zmb,2017,5.88
zmb,2018,5.99
zmb,2019,5.38
zmb,2020,4.95
zmb,2021,5.02
zmb,2022,5.07
zmb,2023,4.92
zmb,2024,4.93
zmb,2025,5.03
zmb,2026,5.17
zmb,2027,5.32
zwe,2005,3.75
zwe,2006,3.6
zwe,2007,3.44
zwe,2008,2.83
zwe,2009,3.18
zwe,2010,3.77
zwe,2011,4.25
zwe,2012,4.88
zwe,2013,4.92
zwe,2014,4.97
zwe,2015,5.03
zwe,2016,5.01
zwe,2017,5.17
zwe,2018,5.35
zwe,2019,4.94
zwe,2020,4.62
zwe,2021,4.6
zwe,2022,4.24
zwe,2023,4.13
zwe,2024,4.1
zwe,2025,4.22
zwe,2026,4.28
zwe,2027,4.31
