geo,time,female_salaried_workers_percent_of_non_agricultural_female_employment
abw,2000,93.36016
abw,2007,93.79475
abw,2010,92.52025
abw,2011,93.08829
afg,2008,14.74139
afg,2012,25.72451
afg,2014,23.80997
afg,2017,22.22321
afg,2020,15.47152
afg,2021,17.29383
ago,2004,37.51107
ago,2009,17.47839
ago,2011,38.78904
ago,2014,50.93993
ago,2019,32.85591
ago,2020,30.616
ago,2021,31.26986
ago,2022,32.13741
ago,2023,33.54801
ago,2024,31.63751
alb,2007,74.3669
alb,2008,75.22647
alb,2009,77.25228
alb,2010,78.28683
alb,2011,74.22208
alb,2012,73.07879
alb,2013,77.86068
alb,2014,81.21003
alb,2015,80.60792
alb,2016,77.93861
alb,2017,79.66891
alb,2018,80.32232
alb,2019,81.28871
alb,2020,79.96304
alb,2021,81.39668
alb,2022,79.47857
alb,2023,79.26261
are,2005,98.69459
are,2008,98.9806
are,2017,97.54051
are,2018,96.33499
are,2019,95.00931
are,2021,96.11136
are,2022,94.60996
are,2023,94.59882
are,2024,97.40664
arg,1991,68.81567
arg,1992,69.49483
arg,1993,68.11944
arg,1994,70.89339
arg,1995,74.9322
arg,1996,74.37354
arg,1997,75.07465
arg,1998,75.58891
arg,1999,75.92591
arg,2000,76.46127
arg,2001,76.18299
arg,2002,78.05032
arg,2003,78.49992
arg,2004,78.85165
arg,2005,79.29377
arg,2006,80.14544
arg,2008,80.7926
arg,2009,80.1513
arg,2010,80.70829
arg,2011,81.32069
arg,2012,81.29737
arg,2013,80.87339
arg,2014,80.46651
arg,2017,78.57446
arg,2018,77.45083
arg,2019,76.56302
arg,2020,75.49991
arg,2021,75.00059
arg,2022,76.17295
arg,2023,77.00594
arg,2024,75.83888
arm,2007,92.41564
arm,2008,90.94066
arm,2009,94.79291
arm,2010,92.89052
arm,2011,93.30514
arm,2012,93.48525
arm,2013,92.08117
arm,2014,91.15537
arm,2015,93.31837
arm,2016,92.25138
arm,2017,91.81242
arm,2018,88.69787
arm,2019,90.07804
arm,2020,89.42291
arm,2021,91.69653
arm,2022,91.09455
arm,2023,91.78789
atg,2018,62.50256
aus,1985,77.7603
aus,1986,78.57316
aus,1987,79.81698
aus,1988,83.3034
aus,1989,81.03234
aus,1990,81.9288
aus,2004,79.85372
aus,2005,79.96631
aus,2008,87.72234
aus,2009,88.099
aus,2010,87.94165
aus,2011,87.87424
aus,2012,87.98062
aus,2013,88.36204
aus,2014,88.25542
aus,2015,88.03325
aus,2016,87.91647
aus,2017,88.07224
aus,2018,88.69927
aus,2019,88.30504
aus,2020,88.45776
aus,2021,88.1497
aus,2022,88.77054
aus,2023,89.05529
aus,2024,89.17995
aut,1990,95.85644
aut,1991,95.55675
aut,1992,95.00258
aut,1993,94.32743
aut,1995,92.80813
aut,1996,92.83832
aut,1997,93.13894
aut,1998,92.88723
aut,1999,92.6372
aut,2000,92.7123
aut,2001,92.82368
aut,2002,92.66863
aut,2003,92.99502
aut,2004,92.32621
aut,2005,91.9429
aut,2006,91.3107
aut,2007,90.71304
aut,2008,91.12585
aut,2009,91.13359
aut,2010,90.91078
aut,2011,91.6337
aut,2012,91.4999
aut,2013,91.65069
aut,2014,91.85211
aut,2015,91.78903
aut,2016,91.84065
aut,2017,91.82931
aut,2018,91.99284
aut,2019,91.88854
aut,2020,92.02172
aut,2021,89.01511
aut,2022,89.08589
aut,2023,89.13142
aut,2024,89.13447
aze,1999,60.89681
aze,2003,51.69489
aze,2006,53.46611
aze,2007,40.7483
aze,2008,59.52809
aze,2009,50.95755
aze,2010,50.43909
aze,2011,50.16928
aze,2012,50.82417
aze,2013,50.83676
aze,2014,48.9203
aze,2015,46.48536
aze,2016,46.38235
aze,2017,45.98024
aze,2018,45.57537
aze,2019,46.15064
aze,2020,47.25213
bdi,2014,55.1213
bdi,2020,51.78684
bel,1970,81.27607
bel,1971,81.19598
bel,1972,82.38842
bel,1973,82.86465
bel,1974,83.44606
bel,1975,83.39993
bel,1976,83.41488
bel,1978,83.47316
bel,1993,85.57549
bel,1994,86.21751
bel,1995,85.03564
bel,1996,85.74602
bel,1997,86.45326
bel,1998,86.03687
bel,1999,85.3714
bel,2000,86.98561
bel,2001,87.51432
bel,2002,87.18535
bel,2003,87.89952
bel,2004,89.41042
bel,2005,88.72241
bel,2006,89.09314
bel,2007,89.3296
bel,2008,89.93678
bel,2009,89.35318
bel,2010,89.78722
bel,2011,90.08135
bel,2012,89.92641
bel,2013,89.82795
bel,2014,89.6629
bel,2015,89.45705
bel,2016,89.8761
bel,2017,89.52387
bel,2018,89.34759
bel,2019,89.76439
bel,2020,89.10118
bel,2021,90.15299
bel,2022,88.45444
bel,2023,89.15923
bel,2024,89.07891
ben,2010,6.23944
ben,2011,7.19982
ben,2013,20.54358
ben,2019,17.52751
ben,2022,22.0838
bfa,2014,10.95928
bfa,2018,18.70499
bfa,2019,28.60451
bfa,2022,15.19109
bfa,2023,18.37403
bgd,2006,60.11058
bgd,2010,43.61259
bgd,2013,71.31284
bgd,2016,66.94062
bgd,2017,68.73285
bgd,2022,43.91016
bgd,2023,67.67104
bgd,2024,69.46676
bgr,2000,92.94816
bgr,2001,91.8397
bgr,2002,92.45909
bgr,2003,92.86649
bgr,2004,92.32422
bgr,2005,92.67656
bgr,2006,93.42353
bgr,2007,93.9109
bgr,2008,94.14724
bgr,2009,93.17307
bgr,2010,92.32239
bgr,2011,92.90409
bgr,2012,93.66049
bgr,2013,93.49964
bgr,2014,92.70657
bgr,2015,92.72264
bgr,2016,93.48558
bgr,2017,92.45838
bgr,2018,92.91626
bgr,2019,92.75711
bgr,2020,93.03028
bgr,2021,92.79303
bgr,2022,93.00357
bgr,2023,92.18761
bgr,2024,92.19243
bhr,2015,40.36273
bhs,2019,89.8845
bih,2001,92.86462
bih,2006,91.97372
bih,2007,92.24265
bih,2008,91.40097
bih,2009,92.71179
bih,2010,91.77316
bih,2011,92.93199
bih,2012,92.23174
bih,2013,92.63809
bih,2014,92.67056
bih,2015,92.45768
bih,2016,92.68362
bih,2017,92.61779
bih,2018,92.39568
bih,2019,91.65225
bih,2020,92.45196
bih,2021,93.27587
bih,2022,93.65598
bih,2023,94.25506
bih,2024,94.47606
blr,2016,97.95535
blr,2017,97.51291
blr,2018,97.48459
blr,2019,97.32579
blr,2020,97.28165
blr,2021,96.99038
blr,2022,96.73977
blr,2023,96.39177
blr,2024,96.33226
blz,2014,71.34184
blz,2015,71.81914
blz,2016,65.83368
blz,2017,68.44434
blz,2018,70.75993
blz,2019,65.32027
bmu,2009,88.1171
bmu,2010,89.97776
bol,1989,45.16285
bol,1990,47.31857
bol,1992,45.93191
bol,1993,47.30646
bol,1994,43.8964
bol,1995,42.41803
bol,1996,41.53191
bol,2001,39.78514
bol,2002,38.80087
bol,2005,41.69507
bol,2006,46.15934
bol,2007,46.34504
bol,2008,45.54474
bol,2009,47.89196
bol,2011,46.82683
bol,2012,49.11154
bol,2013,49.65888
bol,2014,45.75422
bol,2015,46.6413
bol,2016,40.99434
bol,2017,40.26841
bol,2018,39.88552
bol,2019,39.68071
bol,2020,39.97675
bol,2021,35.36391
bol,2022,36.99212
bol,2023,39.10237
bol,2024,38.80959
bra,1981,76.58327
bra,1982,74.64038
bra,1983,75.70177
bra,1984,75.78062
bra,1985,75.9814
bra,1986,76.02394
bra,1987,75.43335
bra,1988,75.3272
bra,1989,77.74337
bra,1990,76.10354
bra,1992,75.2345
bra,1993,75.18622
bra,1995,74.04551
bra,1996,75.87381
bra,1997,75.33684
bra,1998,75.20747
bra,1999,75.01809
bra,2001,75.73458
bra,2002,75.40036
bra,2003,75.58646
bra,2004,76.10185
bra,2005,75.44609
bra,2006,75.94351
bra,2007,76.33254
bra,2008,76.62957
bra,2009,77.16976
bra,2011,79.7517
bra,2012,78.78806
bra,2013,78.78208
bra,2014,78.97234
bra,2015,78.0841
bra,2016,77.76177
bra,2017,76.36954
bra,2018,75.61006
bra,2019,75.07372
bra,2020,75.30978
bra,2021,74.14477
bra,2022,74.96304
bra,2023,76.04536
bra,2024,76.54555
brb,2015,89.47535
brb,2016,89.76616
brb,2017,88.06085
brb,2018,87.12491
brb,2019,86.76684
brb,2022,87.0906
brb,2023,88.00396
brn,2001,45.24035
brn,2014,95.48057
brn,2017,91.74765
brn,2018,91.67404
brn,2019,89.60485
brn,2020,89.6917
brn,2021,91.35119
brn,2022,93.79879
brn,2023,91.09178
brn,2024,90.30385
btn,2011,48.3871
btn,2012,57.24305
btn,2018,54.84653
btn,2019,51.18297
btn,2020,50.85643
btn,2021,49.74327
btn,2022,56.63362
btn,2023,54.57975
btn,2024,53.47271
bwa,1996,85.07031
bwa,1998,84.9217
bwa,2000,79.83424
bwa,2001,84.34583
bwa,2003,82.2317
bwa,2006,76.26393
bwa,2009,81.2192
bwa,2010,38.5879
bwa,2011,87.54587
bwa,2019,74.27518
bwa,2020,74.45855
bwa,2021,77.80007
bwa,2022,72.1246
bwa,2023,74.42323
bwa,2024,79.31112
can,1976,93.24785
can,1977,92.91603
can,1978,92.65123
can,1979,92.47827
can,1980,92.40855
can,1981,92.60503
can,1982,92.108
can,1983,91.75675
can,1984,91.50265
can,1985,91.07893
can,1986,91.84118
can,1987,91.68036
can,1988,91.50953
can,1989,91.43102
can,1990,91.3748
can,1991,91.17919
can,1992,90.63566
can,1993,90.09904
can,1994,89.7756
can,1995,89.4997
can,1996,88.90915
can,1997,87.89871
can,1998,87.74403
can,1999,88.11447
can,2000,88.46231
can,2001,89.41435
can,2002,89.09746
can,2003,89.22299
can,2004,89.30058
can,2005,89.09929
can,2006,89.22301
can,2007,89.34727
can,2008,89.33067
can,2009,88.88215
can,2010,89.21252
can,2011,89.11155
can,2012,89.18972
can,2013,88.97154
can,2014,89.07806
can,2015,88.88051
can,2016,89.00511
can,2017,88.90007
can,2018,88.55546
can,2019,88.75699
can,2020,88.2218
can,2021,89.44334
can,2022,89.7267
can,2023,90.01131
can,2024,89.93737
can,2025,89.9667
che,1991,91.02488
che,1992,90.33716
che,1993,89.35823
che,1994,89.95319
che,1995,89.94117
che,1996,86.91419
che,1997,86.56233
che,1998,87.1785
che,1999,87.27487
che,2000,87.53001
che,2001,88.15047
che,2002,87.86981
che,2003,87.36224
che,2004,88.60986
che,2005,88.32657
che,2006,88.10898
che,2007,87.79823
che,2008,88.50209
che,2009,88.59182
che,2010,88.37889
che,2011,88.53381
che,2012,88.48625
che,2013,88.38463
che,2014,88.51002
che,2015,88.31432
che,2016,88.3902
che,2017,88.39957
che,2018,88.73556
che,2019,88.85605
che,2020,89.07261
che,2021,87.58756
che,2022,86.77946
che,2023,86.52268
che,2024,85.76604
chl,1996,76.58541
chl,1997,75.92228
chl,1998,59.54876
chl,1999,59.24946
chl,2000,60.50973
chl,2001,61.23027
chl,2002,61.8978
chl,2003,60.0307
chl,2010,76.79548
chl,2011,75.59321
chl,2012,76.53431
chl,2013,76.42652
chl,2014,75.68448
chl,2015,75.92604
chl,2016,75.2842
chl,2017,74.8184
chl,2018,75.68179
chl,2019,75.42214
chl,2020,77.85486
chl,2021,76.15823
chl,2022,76.71087
chl,2023,76.7712
chl,2024,77.40405
chl,2025,77.55929
civ,1998,21.11437
civ,2012,16.22053
civ,2013,20.81677
civ,2016,25.4236
civ,2017,20.0063
civ,2019,24.05187
civ,2022,27.05984
cmr,2005,39.13077
cmr,2007,26.44665
cmr,2014,27.77898
cmr,2021,37.04143
cod,2005,15.62601
cod,2012,25.0287
cod,2016,27.82581
cog,2005,13.75272
cog,2009,67.24178
cok,2016,77.92139
cok,2019,80.61446
cok,2023,85.24234
col,1991,72.52654
col,2001,55.16091
col,2002,53.59177
col,2003,53.37929
col,2005,54.55226
col,2006,54.91643
col,2007,56.23703
col,2008,52.68804
col,2009,50.44574
col,2010,49.04627
col,2011,48.20067
col,2012,48.43371
col,2013,49.88294
col,2014,51.37461
col,2015,52.04221
col,2016,52.36899
col,2017,52.72562
col,2018,52.71391
col,2019,53.22623
col,2020,52.45355
col,2021,52.51046
col,2022,57.78399
col,2023,58.42873
col,2024,58.8236
col,2025,59.36389
com,2004,30.91029
com,2014,45.07679
com,2021,26.53475
cpv,2009,49.22044
cpv,2015,57.00534
cpv,2017,71.01234
cpv,2018,64.81946
cpv,2019,63.30757
cri,1981,83.64398
cri,1982,84.24603
cri,1983,85.09907
cri,1984,85.30669
cri,1985,84.83235
cri,1986,85.10444
cri,1996,78.20452
cri,1997,74.80597
cri,1998,76.23766
cri,2000,77.10819
cri,2001,71.61955
cri,2002,70.80463
cri,2003,71.41775
cri,2004,71.21799
cri,2005,73.66653
cri,2006,73.88523
cri,2007,76.44238
cri,2008,75.44651
cri,2009,74.83006
cri,2010,79.24749
cri,2011,81.06791
cri,2012,79.41252
cri,2013,77.5207
cri,2014,77.78243
cri,2015,78.29356
cri,2016,80.48791
cri,2017,79.21343
cri,2018,76.68738
cri,2019,75.78805
cri,2020,76.39115
cri,2021,75.67415
cri,2022,75.96222
cri,2023,79.18133
cri,2024,78.13074
cri,2025,79.66294
cub,2009,98.2226
cub,2010,94.35682
cym,2011,94.43333
cym,2012,94.96312
cym,2013,94.94719
cym,2014,92.46348
cym,2015,95.91633
cyp,1995,99.00398
cyp,1999,86.73569
cyp,2000,86.37574
cyp,2001,86.46322
cyp,2002,86.95511
cyp,2003,86.98508
cyp,2004,86.91582
cyp,2005,86.52353
cyp,2006,87.13911
cyp,2007,88.34826
cyp,2008,88.87818
cyp,2009,88.02689
cyp,2010,88.64299
cyp,2011,89.55258
cyp,2012,90.25162
cyp,2013,89.67219
cyp,2014,88.68428
cyp,2015,89.52837
cyp,2016,90.56883
cyp,2017,90.40999
cyp,2018,90.14201
cyp,2019,89.92283
cyp,2020,90.42492
cyp,2021,91.59066
cyp,2022,91.15343
cyp,2023,91.30655
cyp,2024,92.28502
cze,1993,92.77481
cze,1994,92.72916
cze,1995,91.5701
cze,1996,91.76387
cze,1997,91.7452
cze,1998,90.59535
cze,1999,90.15327
cze,2000,88.93173
cze,2001,89.08526
cze,2002,88.76505
cze,2003,88.0058
cze,2004,88.64677
cze,2005,89.28938
cze,2006,88.91331
cze,2007,89.21953
cze,2008,89.42831
cze,2009,88.62305
cze,2010,87.87555
cze,2011,87.26184
cze,2012,86.67165
cze,2013,86.58636
cze,2014,87.34606
cze,2015,87.31733
cze,2016,86.86957
cze,2017,87.27433
cze,2018,87.6882
cze,2019,87.78416
cze,2020,87.50567
cze,2021,88.45268
cze,2022,88.1983
cze,2023,88.92277
cze,2024,88.72625
deu,1993,93.54582
deu,1994,93.26046
deu,1995,92.97932
deu,1996,93.04601
deu,1997,92.85043
deu,1998,92.77412
deu,1999,93.1046
deu,2000,92.97665
deu,2001,92.44894
deu,2002,92.58509
deu,2003,92.55031
deu,2004,91.91423
deu,2005,91.43665
deu,2006,91.29007
deu,2007,91.70559
deu,2008,92.1476
deu,2009,92.49047
deu,2010,92.54237
deu,2011,92.2636
deu,2012,92.12823
deu,2013,92.32433
deu,2014,92.48297
deu,2015,92.64502
deu,2016,92.60566
deu,2017,92.67873
deu,2018,93.0026
deu,2019,93.35025
deu,2020,93.62363
deu,2021,93.78562
deu,2022,93.68742
deu,2023,93.91328
deu,2024,93.92235
dji,2017,34.98099
dnk,1993,94.59238
dnk,1994,94.54591
dnk,1995,94.64159
dnk,1996,94.87494
dnk,1997,94.88922
dnk,1998,94.66646
dnk,1999,94.63015
dnk,2000,95.26109
dnk,2001,96.07184
dnk,2002,95.50736
dnk,2003,95.03831
dnk,2004,95.36597
dnk,2005,95.24749
dnk,2006,94.76433
dnk,2007,95.22094
dnk,2008,95.28497
dnk,2009,94.82486
dnk,2010,94.87845
dnk,2011,94.93719
dnk,2012,94.82145
dnk,2013,94.68575
dnk,2014,94.69026
dnk,2015,94.79971
dnk,2016,94.61063
dnk,2017,94.95913
dnk,2018,95.1078
dnk,2019,94.89047
dnk,2020,94.71015
dnk,2021,94.65489
dnk,2022,94.73224
dnk,2023,94.38707
dnk,2024,94.32691
dom,2000,70.84557
dom,2001,68.6543
dom,2002,68.44339
dom,2003,70.53491
dom,2004,71.12743
dom,2005,68.46791
dom,2006,69.61375
dom,2007,69.27156
dom,2008,66.8873
dom,2009,68.80894
dom,2010,67.455
dom,2011,68.37496
dom,2012,69.12851
dom,2013,69.12715
dom,2014,70.49981
dom,2015,68.6239
dom,2016,69.19484
dom,2017,69.93474
dom,2018,69.96838
dom,2019,70.82744
dom,2020,69.60095
dom,2021,68.46171
dom,2022,68.1418
dom,2023,68.78415
dom,2024,70.10797
dza,2014,78.92216
dza,2017,76.79649
ecu,2001,53.70297
ecu,2002,55.17564
ecu,2003,56.72426
ecu,2004,53.21618
ecu,2005,56.7583
ecu,2006,54.68773
ecu,2007,53.74492
ecu,2008,54.19742
ecu,2009,55.28628
ecu,2010,57.00036
ecu,2011,54.04679
ecu,2012,54.01368
ecu,2013,54.86465
ecu,2014,55.87547
ecu,2015,54.35673
ecu,2016,51.20033
ecu,2017,50.34475
ecu,2018,50.59308
ecu,2019,49.99463
ecu,2020,46.995
ecu,2021,47.03195
ecu,2022,47.57853
ecu,2023,50.82081
ecu,2024,51.56611
ecu,2025,52.52122
egy,1977,90.37304
egy,1978,71.94355
egy,1979,82.13864
egy,1980,90.33647
egy,1981,89.27395
egy,1982,91.59292
egy,1983,80.64657
egy,1984,80.38582
egy,1997,88.04523
egy,1998,88.41627
egy,1999,89.51998
egy,2000,89.61765
egy,2001,90.55755
egy,2002,91.32979
egy,2003,89.33895
egy,2004,88.74375
egy,2005,91.55983
egy,2006,90.84721
egy,2007,86.5777
egy,2008,89.90851
egy,2009,90.04502
egy,2010,87.72272
egy,2011,90.10275
egy,2012,87.54121
egy,2013,87.96391
egy,2015,83.45236
egy,2016,82.88343
egy,2017,80.01673
egy,2018,77.38858
egy,2019,80.76946
egy,2020,81.87856
egy,2021,81.33125
egy,2022,81.44025
egy,2023,65.14479
egy,2024,48.97114
esp,1973,75.54917
esp,1974,75.65159
esp,1975,77.50934
esp,1976,79.65183
esp,1977,78.59407
esp,1978,79.1632
esp,1979,79.29898
esp,1980,77.81865
esp,1981,76.73832
esp,1982,77.71368
esp,1983,77.81466
esp,1984,77.84652
esp,1985,78.57337
esp,1993,79.62336
esp,1994,80.61675
esp,1995,80.74522
esp,1996,81.36042
esp,1997,82.23709
esp,1998,82.95446
esp,1999,84.52649
esp,2000,85.63542
esp,2001,85.5162
esp,2002,86.55535
esp,2003,87.27874
esp,2004,87.37098
esp,2005,87.00782
esp,2006,87.46004
esp,2007,87.7007
esp,2008,87.90357
esp,2009,88.24191
esp,2010,88.1059
esp,2011,88.92647
esp,2012,88.02275
esp,2013,88.61025
esp,2014,87.38121
esp,2015,87.59292
esp,2016,88.03906
esp,2017,88.20077
esp,2018,89.05319
esp,2019,88.91582
esp,2020,88.64142
esp,2021,88.6036
esp,2022,88.71274
esp,2023,89.01788
esp,2024,89.13831
esp,2025,89.21909
est,1989,99.37161
est,1990,99.14404
est,1991,98.79482
est,1992,98.20857
est,1993,97.54768
est,1994,97.11103
est,1995,97.76675
est,1996,97.67275
est,1997,97.63509
est,1998,95.78017
est,1999,95.38867
est,2000,95.05071
est,2001,96.41712
est,2002,96.60095
est,2003,95.52328
est,2004,95.16374
est,2005,95.59992
est,2006,95.74005
est,2007,95.40537
est,2008,95.91733
est,2009,95.10823
est,2010,95.0676
est,2011,95.19271
est,2012,95.19988
est,2013,94.40191
est,2014,94.58119
est,2015,93.82822
est,2016,93.78067
est,2017,94.06364
est,2018,93.8021
est,2019,93.36072
est,2020,93.79064
est,2021,93.69763
est,2022,93.6404
est,2023,92.66347
est,2024,92.55642
eth,1999,21.14869
eth,2005,24.51376
eth,2013,22.38492
eth,2021,24.87397
fin,1989,93.45878
fin,1995,93.0566
fin,1996,93.01393
fin,1997,93.85056
fin,1998,94.35653
fin,1999,93.24261
fin,2000,93.53798
fin,2001,93.45007
fin,2002,93.40382
fin,2003,93.46636
fin,2004,93.43131
fin,2005,93.33735
fin,2006,93.12162
fin,2007,93.44445
fin,2008,93.25698
fin,2009,92.43973
fin,2010,92.54339
fin,2011,92.90607
fin,2012,92.65207
fin,2013,92.28133
fin,2014,92.66691
fin,2015,91.64905
fin,2016,92.23128
fin,2017,92.47312
fin,2018,91.83353
fin,2019,91.88235
fin,2020,91.31838
fin,2021,91.70582
fin,2022,91.72606
fin,2023,92.44045
fin,2024,92.4988
fji,2005,73.95325
fji,2007,61.47302
fji,2011,77.24256
fji,2014,82.51262
fji,2016,80.73447
fji,2024,77.1747
flk,2012,92.81843
flk,2016,91.23223
fra,1979,90.28734
fra,1993,92.10213
fra,1994,91.91003
fra,1995,91.96206
fra,1996,92.49429
fra,1997,92.58201
fra,1998,92.87464
fra,1999,93.0972
fra,2000,93.50787
fra,2001,93.82981
fra,2002,94.08007
fra,2003,93.74276
fra,2004,93.98747
fra,2005,93.97805
fra,2006,93.61874
fra,2007,93.8026
fra,2008,93.69573
fra,2009,93.80358
fra,2010,93.44158
fra,2011,93.26495
fra,2012,93.34906
fra,2013,93.29231
fra,2014,92.77961
fra,2015,92.68997
fra,2016,92.42024
fra,2017,92.22717
fra,2018,92.30283
fra,2019,91.92145
fra,2020,91.25893
fra,2021,91.04174
fra,2022,90.57239
fra,2023,90.33157
fra,2024,89.63823
fsm,2014,48.11229
gbg,2011,95.32267
gbg,2012,95.66109
gbg,2013,95.45109
gbg,2014,95.50554
gbg,2015,95.54337
gbm,2001,92.51146
gbm,2011,92.55024
gbm,2016,91.09821
gbr,1990,93.4862
gbr,1991,98.37469
gbr,1992,98.53951
gbr,1993,92.24259
gbr,1994,92.21674
gbr,1995,92.51537
gbr,1996,92.51881
gbr,1997,92.39551
gbr,1998,92.46608
gbr,1999,92.53056
gbr,2000,92.35293
gbr,2001,92.70069
gbr,2002,92.68402
gbr,2003,92.2868
gbr,2004,92.2556
gbr,2005,92.5068
gbr,2006,92.15584
gbr,2007,92.06461
gbr,2008,92.16946
gbr,2009,91.73162
gbr,2010,91.25034
gbr,2011,91.05199
gbr,2012,90.59195
gbr,2013,90.39209
gbr,2014,89.70297
gbr,2015,89.8276
gbr,2016,89.36389
gbr,2017,89.2268
gbr,2018,89.29991
gbr,2019,89.09833
gbr,2020,89.44795
gbr,2021,89.85129
gbr,2022,89.97071
gbr,2023,89.92244
gbr,2024,90.23283
geo,1998,85.99707
geo,1999,88.05242
geo,2002,79.24671
geo,2003,78.33603
geo,2004,78.34361
geo,2005,79.49873
geo,2009,81.01529
geo,2010,82.71654
geo,2011,85.04325
geo,2012,84.74517
geo,2013,84.45121
geo,2014,84.73445
geo,2015,85.39115
geo,2016,87.78254
geo,2017,88.64772
geo,2018,88.7604
geo,2019,88.86937
geo,2020,89.30027
geo,2021,89.13707
geo,2022,89.11775
geo,2023,89.00187
geo,2024,88.3727
gha,1991,17.02611
gha,2000,23.12846
gha,2006,20.50454
gha,2010,23.70816
gha,2013,26.5818
gha,2015,22.19904
gha,2017,25.8875
gha,2021,35.5393
gha,2022,24.9466
gha,2023,24.53971
gha,2024,26.5281
gin,2002,8.45801
gin,2014,18.13544
gmb,2012,18.67353
gmb,2018,40.45367
gmb,2023,28.10975
gnb,2018,6.98911
gnb,2019,28.63047
gnb,2022,29.35671
grc,1993,73.4143
grc,1994,72.24277
grc,1995,73.17249
grc,1996,73.01816
grc,1997,74.05443
grc,1998,73.2451
grc,1999,74.75326
grc,2000,75.45544
grc,2001,77.21071
grc,2002,77.36107
grc,2003,77.00771
grc,2004,78.56315
grc,2005,78.38361
grc,2006,78.0864
grc,2007,78.55755
grc,2008,78.1115
grc,2009,78.39231
grc,2010,78.39507
grc,2011,78.01598
grc,2012,78.36803
grc,2013,78.16042
grc,2014,79.45858
grc,2015,79.93113
grc,2016,79.61059
grc,2017,79.62949
grc,2018,80.62453
grc,2019,81.46377
grc,2020,80.92165
grc,2021,81.9809
grc,2022,82.90141
grc,2023,82.30565
grc,2024,82.47513
grd,2018,82.48417
grd,2019,75.86622
grd,2020,86.04894
grd,2021,82.48938
grd,2023,83.45014
gtm,2002,40.96044
gtm,2003,41.71425
gtm,2004,43.49336
gtm,2006,44.14019
gtm,2010,46.84711
gtm,2011,58.0294
gtm,2012,44.438
gtm,2013,52.27243
gtm,2014,54.82615
gtm,2015,53.19203
gtm,2016,54.23569
gtm,2017,51.89006
gtm,2018,54.25836
gtm,2019,59.63245
gtm,2021,47.4636
gtm,2022,53.07188
gtm,2023,52.14297
gtm,2024,50.53235
guy,2018,67.314
guy,2019,67.85324
hkg,2010,94.65849
hkg,2011,94.25764
hkg,2012,94.29331
hkg,2013,94.36427
hkg,2014,94.78189
hkg,2015,94.7517
hkg,2016,94.71885
hkg,2017,94.72221
hkg,2018,94.91876
hkg,2019,94.75723
hkg,2020,94.99594
hkg,2021,94.93148
hkg,2022,94.90718
hkg,2023,94.77988
hkg,2024,95.25275
hnd,2005,47.36747
hnd,2006,50.55679
hnd,2007,49.89092
hnd,2008,50.51233
hnd,2009,45.43859
hnd,2010,44.60091
hnd,2011,48.4915
hnd,2012,45.7668
hnd,2013,44.01907
hnd,2014,48.83027
hnd,2015,46.07685
hnd,2016,48.98209
hnd,2017,44.7648
hnd,2018,44.16893
hnd,2019,47.09257
hnd,2020,45.11806
hnd,2021,53.6779
hnd,2022,53.32422
hnd,2023,55.5555
hnd,2024,55.53037
hnd,2025,53.54992
hrv,1996,90.54452
hrv,1997,91.3161
hrv,2002,91.14352
hrv,2003,92.44779
hrv,2004,92.40791
hrv,2005,91.99613
hrv,2006,91.39272
hrv,2007,92.55825
hrv,2008,92.75436
hrv,2009,93.01955
hrv,2010,91.97282
hrv,2011,91.98339
hrv,2012,91.69976
hrv,2013,92.30502
hrv,2014,93.59422
hrv,2015,93.59364
hrv,2016,93.75451
hrv,2017,93.68115
hrv,2018,93.51007
hrv,2019,93.79714
hrv,2020,94.33305
hrv,2021,93.81378
hrv,2022,92.60901
hrv,2023,92.50813
hrv,2024,92.7689
hti,2003,15.33124
hti,2012,17.13684
hun,1996,88.92976
hun,1997,89.209
hun,1998,89.77544
hun,1999,90.2708
hun,2000,90.7628
hun,2001,90.8797
hun,2002,91.26842
hun,2003,91.44566
hun,2004,90.43592
hun,2005,90.9256
hun,2006,91.68683
hun,2007,91.40361
hun,2008,91.99502
hun,2009,91.58079
hun,2010,91.70487
hun,2011,92.11436
hun,2012,92.07296
hun,2013,92.49054
hun,2014,92.61136
hun,2015,92.49002
hun,2016,92.53054
hun,2017,92.61005
hun,2018,92.6034
hun,2019,92.43677
hun,2020,91.23267
hun,2021,90.7145
hun,2022,90.72428
hun,2023,91.36499
hun,2024,91.76214
idn,2000,41.73
idn,2001,43.13337
idn,2002,43.2579
idn,2003,42.78126
idn,2004,42.82418
idn,2005,47.12098
idn,2006,46.27015
idn,2007,43.15925
idn,2008,43.23355
idn,2009,43.03215
idn,2010,44.52893
idn,2011,48.46178
idn,2012,50.56982
idn,2013,51.18508
idn,2014,51.34189
idn,2015,53.29144
idn,2016,52.06068
idn,2017,50.88639
idn,2018,49.64569
idn,2019,49.36596
idn,2020,48.27081
idn,2021,46.99571
idn,2022,46.51559
idn,2023,46.59213
ind,1994,31.51817
ind,2000,32.91648
ind,2005,20.53469
ind,2010,32.34176
ind,2012,35.03212
ind,2018,52.98288
ind,2019,53.82541
ind,2020,47.04849
ind,2021,50.32795
ind,2022,49.74125
ind,2023,48.89423
ind,2024,49.72318
irl,1993,91.84104
irl,1994,92.26859
irl,1995,92.52274
irl,1996,92.67428
irl,1997,92.65662
irl,1998,92.13706
irl,1999,92.39467
irl,2000,92.36357
irl,2001,93.11204
irl,2002,93.43676
irl,2003,93.39097
irl,2004,93.06097
irl,2005,93.28955
irl,2006,93.9442
irl,2007,93.42961
irl,2008,93.16531
irl,2009,93.03569
irl,2010,92.82628
irl,2011,92.82769
irl,2012,92.91648
irl,2013,92.35536
irl,2014,92.51595
irl,2015,92.4452
irl,2016,92.34738
irl,2017,92.92126
irl,2018,92.8177
irl,2019,92.87538
irl,2020,92.38643
irl,2021,93.19177
irl,2022,92.76322
irl,2023,92.47462
irl,2024,92.74042
irn,1996,62.05188
irn,2005,43.74954
irn,2006,43.83964
irn,2007,43.68737
irn,2008,64.13211
irn,2009,64.19065
irn,2010,66.29268
irn,2011,70.26179
irn,2012,69.98219
irn,2013,68.14915
irn,2014,70.76111
irn,2015,69.81936
irn,2016,68.28775
irn,2017,68.1501
irn,2018,67.11234
irn,2019,67.52408
irn,2020,69.90443
irn,2021,70.54228
irn,2022,70.49042
irn,2023,69.72231
irn,2024,70.36178
irq,2021,88.06148
isl,1995,92.39006
isl,1996,91.92328
isl,1997,91.3412
isl,1998,91.99912
isl,1999,91.72897
isl,2000,91.06618
isl,2001,92.42409
isl,2002,92.53015
isl,2003,93.56105
isl,2004,92.46436
isl,2005,93.06461
isl,2006,93.50163
isl,2007,93.2025
isl,2008,93.29277
isl,2009,93.60573
isl,2010,92.36973
isl,2011,91.87534
isl,2012,90.57941
isl,2013,92.34789
isl,2014,93.17597
isl,2015,93.27251
isl,2016,93.29576
isl,2017,93.30692
isl,2018,92.4804
isl,2019,93.20008
isl,2020,93.45776
isl,2021,92.18605
isl,2022,92.18333
isl,2023,91.56832
isl,2024,92.4431
isr,1990,87.27257
isr,1991,88.18773
isr,1992,88.77753
isr,1993,90.77145
isr,1994,89.58245
isr,1996,90.04086
isr,1997,90.70199
isr,1998,91.01229
isr,1999,90.5164
isr,2000,91.00387
isr,2001,91.70385
isr,2002,91.58161
isr,2003,91.37854
isr,2004,91.76551
isr,2005,91.91945
isr,2006,91.59079
isr,2007,91.88222
isr,2008,92.1602
isr,2009,91.90775
isr,2010,92.05307
isr,2011,91.75187
isr,2012,91.26843
isr,2013,91.06562
isr,2014,90.90346
isr,2015,90.98018
isr,2016,90.80687
isr,2017,90.94027
isr,2018,90.6088
isr,2019,90.53999
isr,2020,90.71648
isr,2021,90.52698
isr,2022,89.95234
isr,2023,90.18604
isr,2024,90.17644
ita,1992,77.77056
ita,1993,78.716
ita,1994,78.55325
ita,1995,78.14872
ita,1996,78.52123
ita,1997,78.91905
ita,1998,79.31489
ita,1999,79.30399
ita,2000,79.8834
ita,2001,80.27467
ita,2002,80.44113
ita,2003,80.55185
ita,2004,78.91251
ita,2005,80.4804
ita,2006,80.52552
ita,2007,80.94252
ita,2008,81.62838
ita,2009,82.417
ita,2010,82.33886
ita,2011,82.51335
ita,2012,82.3846
ita,2013,82.48694
ita,2014,82.3223
ita,2015,82.44973
ita,2016,82.70698
ita,2017,83.7357
ita,2018,83.77948
ita,2019,83.64636
ita,2020,84.00945
ita,2021,84.59575
ita,2022,84.51482
ita,2023,84.5221
ita,2024,84.60245
jam,2008,73.11026
jam,2009,71.97694
jam,2010,71.23103
jam,2011,72.32728
jam,2012,71.92672
jam,2013,71.76398
jam,2014,72.30419
jam,2016,71.92021
jam,2017,72.67744
jam,2018,72.69657
jam,2019,73.55563
jam,2020,73.75718
jam,2021,73.13934
jam,2022,73.55451
jam,2023,74.6738
jor,2017,95.42829
jor,2018,95.78367
jor,2019,95.55854
jor,2020,96.14582
jor,2021,96.54099
jor,2022,95.05529
jor,2023,96.58199
jpn,1991,79.63337
jpn,1992,80.68767
jpn,1993,81.93147
jpn,1994,82.6805
jpn,1995,83.12312
jpn,1996,83.88569
jpn,1997,84.27811
jpn,1998,84.36322
jpn,1999,84.64949
jpn,2000,85.46092
jpn,2001,86.29441
jpn,2002,86.91304
jpn,2003,87.32838
jpn,2004,87.65855
jpn,2005,87.96614
jpn,2006,88.87251
jpn,2007,89.3616
jpn,2008,89.95187
jpn,2009,90.33207
jpn,2010,90.70455
jpn,2011,90.93854
jpn,2012,91.16916
jpn,2013,91.27415
jpn,2014,91.32939
jpn,2015,91.81746
jpn,2016,92.14815
jpn,2017,92.31272
jpn,2018,92.40986
jpn,2019,92.61881
jpn,2020,92.67873
jpn,2021,92.76626
jpn,2022,92.88105
jpn,2023,93.2488
jpn,2024,93.38983
jpn,2025,93.60213
kaz,2001,75.30475
kaz,2002,79.13362
kaz,2003,79.93879
kaz,2004,80.89296
kaz,2005,82.36519
kaz,2006,82.62948
kaz,2007,83.04551
kaz,2008,82.99687
kaz,2009,82.73868
kaz,2010,82.73783
kaz,2011,83.07888
kaz,2012,83.36938
kaz,2013,82.89347
kaz,2015,84.80395
kaz,2017,84.31444
kaz,2020,83.6054
ken,1999,34.72989
ken,2019,33.47921
ken,2021,41.13432
ken,2022,40.80433
kgz,1999,74.10763
kgz,2002,58.14659
kgz,2003,51.15219
kgz,2004,49.18581
kgz,2005,48.8565
kgz,2006,78.69054
kgz,2010,81.56423
kgz,2011,81.57247
kgz,2012,81.87614
kgz,2013,80.50937
kgz,2014,81.86976
kgz,2015,82.45016
kgz,2016,81.98059
kgz,2017,81.97473
kgz,2018,84.54408
kgz,2019,84.42989
kgz,2020,84.97422
kgz,2021,85.51982
kgz,2022,85.99441
kgz,2023,86.4651
khm,1996,20.22996
khm,1997,17.53293
khm,1999,35.38279
khm,2000,39.59588
khm,2001,33.45636
khm,2003,32.44362
khm,2007,39.78034
khm,2008,41.38513
khm,2009,37.26022
khm,2010,38.70031
khm,2011,46.31572
khm,2012,45.90159
khm,2013,53.26028
khm,2014,60.57179
khm,2015,61.94702
khm,2016,59.74296
khm,2017,62.95102
khm,2019,56.99553
khm,2020,57.6198
khm,2021,56.12952
khm,2023,57.45411
kir,2015,58.6638
kir,2019,64.27616
kir,2020,58.69813
kir,2023,51.14232
kor,1990,67.48002
kor,1991,66.21859
kor,1992,66.28942
kor,1993,65.91737
kor,1994,67.16291
kor,1995,67.08292
kor,1996,67.08316
kor,1997,67.0725
kor,1998,66.34943
kor,1999,66.78725
kor,2000,36.09047
kor,2001,36.41447
kor,2002,37.23816
kor,2003,36.99354
kor,2004,37.85525
kor,2005,38.85961
kor,2006,39.72097
kor,2007,40.86933
kor,2008,41.76944
kor,2009,42.23553
kor,2010,44.45098
kor,2011,46.46246
kor,2012,47.48705
kor,2013,48.85983
kor,2014,49.53129
kor,2015,78.85083
kor,2016,79.52603
kor,2017,79.29378
kor,2018,79.98829
kor,2019,80.72705
kor,2020,81.25511
kor,2021,82.22811
kor,2022,82.61481
kor,2023,82.93719
kor,2024,83.27331
kor,2025,83.51276
kos,2000,44.10425
kos,2012,90.24077
kos,2013,84.01659
kos,2014,79.69975
kos,2015,80.06971
kos,2016,79.54505
kos,2017,80.92479
kos,2018,81.2018
kos,2019,85.06429
kos,2020,87.03423
kos,2021,88.88636
kos,2022,89.67394
kos,2023,89.83806
kos,2024,91.51201
lao,2010,36.56328
lao,2015,49.29209
lao,2017,35.83367
lao,2022,46.44107
lbn,2019,85.63744
lbr,2010,15.03628
lbr,2017,8.9375
lca,2016,84.67662
lca,2017,81.33337
lca,2018,81.34542
lca,2019,79.04406
lca,2020,81.79241
lca,2021,79.27652
lca,2022,81.11623
lca,2023,80.9759
lca,2024,83.49465
lie,2009,95.86627
lie,2010,95.91732
lie,2011,95.135
lie,2012,95.01758
lie,2013,94.95218
lie,2014,94.76093
lie,2015,94.36737
lie,2016,93.88285
lie,2017,93.67295
lka,2002,74.99715
lka,2003,71.4956
lka,2004,70.97755
lka,2005,68.31246
lka,2006,67.67114
lka,2007,67.49778
lka,2009,69.60016
lka,2010,66.86251
lka,2011,65.2
lka,2013,66.17936
lka,2014,68.70529
lka,2015,66.37173
lka,2016,67.17653
lka,2017,66.0676
lka,2018,68.47824
lka,2019,68.83438
lka,2020,70.49317
lka,2021,70.17209
lka,2022,69.27033
lka,2023,70.31826
lso,2019,75.79508
lso,2024,72.27303
ltu,1997,92.94388
ltu,1998,93.97599
ltu,1999,94.5931
ltu,2000,94.85558
ltu,2001,93.90314
ltu,2002,93.46083
ltu,2003,94.11602
ltu,2004,94.36366
ltu,2005,94.16796
ltu,2006,93.77679
ltu,2007,94.48076
ltu,2008,94.72493
ltu,2009,94.80459
ltu,2010,95.35362
ltu,2011,95.19504
ltu,2012,94.81238
ltu,2013,94.13796
ltu,2014,93.8257
ltu,2015,93.62686
ltu,2016,93.31699
ltu,2017,93.5045
ltu,2018,93.33371
ltu,2019,93.60611
ltu,2020,93.3154
ltu,2021,92.44048
ltu,2022,91.42406
ltu,2023,92.10996
ltu,2024,92.53799
lux,1993,91.76223
lux,1994,90.86365
lux,1995,92.22911
lux,1996,93.30867
lux,1997,92.95678
lux,1998,94.36514
lux,1999,92.41185
lux,2000,93.78776
lux,2001,94.6507
lux,2002,95.31388
lux,2003,94.17211
lux,2004,94.41361
lux,2005,93.76061
lux,2006,94.50515
lux,2007,94.83883
lux,2008,94.40516
lux,2009,93.8245
lux,2010,93.59959
lux,2011,93.15711
lux,2012,92.53999
lux,2013,92.35958
lux,2014,93.42721
lux,2015,90.4757
lux,2016,90.85782
lux,2017,91.11402
lux,2018,92.19482
lux,2019,91.12268
lux,2020,91.6962
lux,2021,89.39874
lux,2022,88.74051
lux,2023,88.93874
lux,2024,89.86162
lva,1996,96.65145
lva,1997,96.60628
lva,1998,96.62373
lva,1999,95.71999
lva,2000,95.65692
lva,2001,95.17402
lva,2002,96.65735
lva,2003,96.00063
lva,2004,94.18476
lva,2005,95.1193
lva,2006,95.48823
lva,2007,95.68536
lva,2008,95.60224
lva,2009,94.66427
lva,2010,93.73887
lva,2011,93.7407
lva,2012,93.36556
lva,2013,92.9033
lva,2014,93.29823
lva,2015,92.95228
lva,2016,92.59966
lva,2017,92.77635
lva,2018,93.78061
lva,2019,91.97164
lva,2020,90.54264
lva,2021,92.73676
lva,2022,92.41149
lva,2023,92.22677
lva,2024,91.03458
mar,1982,43.84622
mar,1994,75.70501
mar,2004,88.01917
mar,2011,79.2901
mar,2012,78.67025
mco,2018,100.22808
mda,2000,90.90414
mda,2001,90.51627
mda,2002,90.72212
mda,2003,91.44586
mda,2004,80.86626
mda,2005,81.77242
mda,2006,92.50603
mda,2007,92.39018
mda,2008,92.95323
mda,2009,93.28521
mda,2010,93.62702
mda,2011,93.24659
mda,2012,93.30541
mda,2013,92.78965
mda,2014,93.37182
mda,2015,93.18595
mda,2016,92.63593
mda,2017,93.03744
mda,2018,93.29568
mda,2019,94.15156
mda,2020,95.19578
mda,2021,94.70078
mda,2022,94.90879
mda,2023,95.65368
mda,2024,95.81777
mdg,2005,44.47051
mdg,2012,21.10571
mdg,2015,27.09598
mdg,2022,38.19496
mdv,2009,70.76149
mdv,2014,62.95879
mdv,2016,64.74658
mdv,2019,73.63414
mex,2001,67.10938
mex,2002,65.85641
mex,2003,65.02671
mex,2004,65.03289
mex,2005,66.62097
mex,2006,66.9019
mex,2007,66.73696
mex,2008,67.21303
mex,2009,66.40994
mex,2010,67.14518
mex,2011,66.8034
mex,2012,67.12032
mex,2013,67.66426
mex,2014,68.65479
mex,2015,68.42025
mex,2016,68.59887
mex,2017,69.70731
mex,2018,69.26059
mex,2019,68.38638
mex,2020,70.76722
mex,2021,67.71755
mex,2022,67.61269
mex,2023,68.41527
mex,2024,68.729
mhl,2019,79.22155
mhl,2021,67.12542
mkd,2002,68.65586
mkd,2003,66.67375
mkd,2006,91.07543
mkd,2007,91.8033
mkd,2008,91.71264
mkd,2009,91.7603
mkd,2010,91.7491
mkd,2011,91.20929
mkd,2012,91.19227
mkd,2013,92.35864
mkd,2014,94.3446
mkd,2015,94.1288
mkd,2016,93.90635
mkd,2017,94.16824
mkd,2018,93.53922
mkd,2019,94.01113
mkd,2020,94.69471
mkd,2021,94.50384
mkd,2022,93.72269
mkd,2023,93.53956
mkd,2024,94.01522
mli,2009,39.39135
mli,2013,18.75708
mli,2014,12.95817
mli,2015,12.38305
mli,2016,14.07301
mli,2017,11.87429
mli,2018,15.96309
mli,2019,29.62721
mli,2020,13.7294
mli,2022,14.81879
mli,2023,14.81177
mlt,2000,94.82811
mlt,2001,95.14221
mlt,2002,94.91158
mlt,2003,91.60785
mlt,2004,94.43898
mlt,2005,94.16124
mlt,2006,94.24126
mlt,2007,93.05015
mlt,2008,93.85369
mlt,2009,93.63436
mlt,2010,94.07551
mlt,2011,94.10038
mlt,2012,93.71596
mlt,2013,93.89928
mlt,2014,93.35787
mlt,2015,93.0222
mlt,2016,93.98037
mlt,2017,91.77764
mlt,2018,91.73327
mlt,2019,90.29153
mlt,2020,90.18735
mlt,2021,91.88445
mlt,2022,90.26499
mlt,2023,90.11542
mlt,2024,89.76628
mmr,2014,47.04693
mmr,2015,44.84489
mmr,2017,46.15729
mmr,2018,42.6378
mmr,2019,41.22097
mmr,2020,45.02449
mne,2011,92.1149
mne,2012,2.83413
mne,2013,90.92715
mne,2014,89.77839
mne,2015,91.41587
mne,2016,90.70653
mne,2017,90.71317
mne,2018,91.98386
mne,2019,91.78666
mne,2020,90.28512
mne,2021,91.93248
mne,2022,90.56007
mne,2023,91.88942
mne,2024,92.36032
mng,2000,78.07386
mng,2003,74.8849
mng,2006,67.74253
mng,2008,63.94083
mng,2009,65.68253
mng,2010,68.33972
mng,2011,68.27471
mng,2012,74.19518
mng,2013,71.59836
mng,2014,70.81876
mng,2015,70.19019
mng,2016,74.59793
mng,2017,71.64394
mng,2018,70.99583
mng,2019,78.7545
mng,2020,79.19744
mng,2021,80.68684
mng,2022,79.18934
mng,2023,79.94378
mng,2024,81.03176
moz,2015,25.96722
moz,2022,45.05526
mrt,2017,26.4247
mrt,2019,26.61965
msr,2020,89.65798
mus,2000,71.87363
mus,2001,87.65755
mus,2002,87.68314
mus,2003,84.49813
mus,2004,86.66539
mus,2005,86.24873
mus,2006,86.56178
mus,2007,83.21679
mus,2008,86.26399
mus,2009,85.98091
mus,2010,85.15395
mus,2011,86.28645
mus,2012,85.30902
mus,2013,86.20354
mus,2014,86.30959
mus,2015,86.41692
mus,2016,87.04245
mus,2017,87.07334
mus,2018,87.19833
mus,2019,87.34232
mus,2020,84.81338
mus,2021,89.22617
mus,2022,87.68418
mus,2023,8.22676
mus,2024,87.94252
mwi,2013,22.9538
mwi,2024,36.99801
mys,1970,58.91925
mys,1991,82.04075
mys,2001,83.73911
mys,2002,83.90789
mys,2003,83.67289
mys,2004,82.51502
mys,2005,83.96288
mys,2006,83.62205
mys,2015,76.00485
mys,2016,75.79858
mys,2017,75.99646
mys,2018,73.68001
mys,2019,76.5435
mys,2020,79.66061
nam,1994,76.40038
nam,2010,74.885
nam,2012,72.96057
nam,2013,74.43639
nam,2014,78.11579
nam,2016,73.63467
nam,2018,67.97031
ncl,2017,83.19055
ncl,2018,87.60147
ncl,2019,88.51664
ncl,2020,88.352
ner,2011,12.22969
ner,2012,30.28973
ner,2017,15.39696
ner,2019,15.14329
ner,2022,13.63928
nga,2011,17.06413
nga,2013,17.00136
nga,2019,20.40634
nga,2022,13.52475
nga,2023,13.07528
nga,2024,13.6111
nic,2012,42.54678
nic,2014,51.31694
niu,2015,64.9652
niu,2017,88.21752
niu,2022,83.60656
nld,1975,91.17883
nld,1976,91.27676
nld,1978,91.56087
nld,1980,91.52086
nld,1982,90.71518
nld,1983,91.36109
nld,1984,91.29111
nld,1985,91.8198
nld,1986,92.34783
nld,1987,92.84507
nld,1993,91.07324
nld,1994,90.19667
nld,1995,89.76806
nld,1996,90.86214
nld,1997,90.70958
nld,1998,91.42957
nld,1999,91.11003
nld,2000,91.13495
nld,2001,91.05693
nld,2002,91.29795
nld,2003,92.18726
nld,2004,91.17216
nld,2005,90.45497
nld,2006,90.04353
nld,2007,90.2454
nld,2008,89.73652
nld,2009,89.53649
nld,2010,89.87223
nld,2011,89.19648
nld,2012,89.17071
nld,2013,88.47484
nld,2014,88.50638
nld,2015,87.90974
nld,2016,87.92201
nld,2017,88.03063
nld,2018,87.92368
nld,2019,88.26827
nld,2020,86.76357
nld,2021,88.67541
nld,2022,87.80812
nld,2023,87.99617
nld,2024,87.62596
nor,1995,95.5498
nor,1996,96.13752
nor,1997,96.28657
nor,1998,96.3078
nor,1999,96.51285
nor,2000,96.60524
nor,2001,95.92902
nor,2002,96.68468
nor,2003,96.45286
nor,2004,96.55016
nor,2005,96.31413
nor,2006,96.0545
nor,2007,95.94784
nor,2008,96.11392
nor,2009,95.76903
nor,2010,96.08199
nor,2011,96.12796
nor,2012,96.64105
nor,2013,96.20969
nor,2014,96.01866
nor,2015,96.07751
nor,2016,95.75078
nor,2017,96.09204
nor,2018,95.84961
nor,2019,96.11295
nor,2020,96.78767
nor,2021,96.9494
nor,2022,97.09435
nor,2023,96.88532
nor,2024,96.81042
npl,1999,20
npl,2008,29.70963
npl,2017,44.14175
nru,2013,84.31237
nru,2021,92.59834
nzl,2009,89.79381
nzl,2013,89.50739
nzl,2014,89.53
nzl,2015,89.4067
nzl,2016,86.79067
nzl,2017,85.95006
nzl,2018,86.0807
nzl,2019,86.05937
omn,2010,95.18473
omn,2020,100
pak,2009,64.43942
pak,2010,60.41709
pak,2011,60.41068
pak,2012,80.30787
pak,2013,62.77504
pak,2014,61.95912
pak,2015,55.61021
pak,2016,55.09971
pak,2018,62.80486
pak,2019,56.94382
pak,2020,70.08755
pak,2021,65.25169
pak,2025,50.22774
pan,1992,85.06589
pan,1993,85.48781
pan,1994,84.14008
pan,1995,82.21659
pan,1996,81.04882
pan,1997,80.00917
pan,1998,78.21516
pan,1999,77.89719
pan,2000,80.02228
pan,2001,80.94874
pan,2002,77.0257
pan,2003,77.18227
pan,2004,76.61347
pan,2005,74.54941
pan,2006,75.15357
pan,2007,76.60806
pan,2009,72.11214
pan,2010,75.08468
pan,2011,79.10672
pan,2012,77.18895
pan,2013,76.82791
pan,2014,76.53651
pan,2015,74.60345
pan,2016,72.48705
pan,2017,73.54284
pan,2018,69.59035
pan,2019,68.28518
pan,2020,64.96384
pan,2021,67.93842
pan,2022,58.498
pan,2023,70.28625
pan,2024,68.59127
per,1996,36.07179
per,1997,42.84588
per,1998,41.45827
per,1999,44.07536
per,2000,40.06343
per,2001,44.77192
per,2002,40.29661
per,2003,41.8949
per,2004,44.25364
per,2005,45.51032
per,2006,46.68377
per,2007,46.58977
per,2008,47.28575
per,2009,47.02711
per,2010,47.02443
per,2011,48.70443
per,2012,49.63822
per,2013,50.53666
per,2014,50.80873
per,2015,51.86419
per,2016,51.40565
per,2017,50.86991
per,2018,50.06451
per,2019,49.91895
per,2020,48.95748
per,2021,49.0176
per,2022,50.4654
per,2023,51.39303
per,2024,53.09889
phl,1995,57.16193
phl,1996,58.02697
phl,1997,60.20129
phl,1998,59.56926
phl,1999,59.55207
phl,2000,59.93214
phl,2001,99.34603
phl,2002,57.42406
phl,2003,59.86486
phl,2005,99.44641
phl,2006,99.57627
phl,2008,99.42623
phl,2012,62.47755
phl,2013,63.30987
phl,2014,63.36185
phl,2015,64.50536
phl,2016,64.79124
phl,2017,65.65546
phl,2018,65.53786
phl,2019,65.90117
phl,2020,65.37214
phl,2021,64.71915
phl,2022,63.27149
phl,2023,64.82441
plw,2014,88.51315
plw,2020,94.94949
plw,2023,92.76161
png,2010,12.21873
pol,1995,91.466
pol,1996,91.36622
pol,1997,91.15904
pol,2000,90.90787
pol,2001,90.78865
pol,2002,90.72452
pol,2003,90.78202
pol,2004,90.57728
pol,2005,91.23856
pol,2006,89.60836
pol,2007,89.31425
pol,2008,89.31807
pol,2009,88.99627
pol,2010,88.2608
pol,2011,88.25731
pol,2012,88.53902
pol,2013,88.98532
pol,2014,89.48152
pol,2015,89.65701
pol,2016,89.41006
pol,2017,89.58843
pol,2018,89.30453
pol,2019,89.41201
pol,2020,89.147
pol,2021,90.98102
pol,2022,90.86967
pol,2023,90.62283
pol,2024,90.40494
pri,2020,91.78001
prt,1993,84.31885
prt,1994,83.671
prt,1995,83.8818
prt,1996,83.51175
prt,1997,84.08573
prt,1998,83.3766
prt,1999,83.86855
prt,2000,84.58881
prt,2001,84.57595
prt,2002,84.728
prt,2003,84.64345
prt,2004,85.93608
prt,2005,85.63173
prt,2006,86.47211
prt,2007,86.65487
prt,2008,86.67951
prt,2009,87.62906
prt,2010,88.26721
prt,2011,89.39025
prt,2012,89.12493
prt,2013,88.39329
prt,2014,89.55121
prt,2015,89.74956
prt,2016,89.61435
prt,2017,90.01432
prt,2018,90.00461
prt,2019,89.39004
prt,2020,89.32634
prt,2021,88.50797
prt,2022,88.64305
prt,2023,89.04497
prt,2024,88.72823
prt,2025,88.52865
pry,1998,51.46917
pry,1999,54.80881
pry,2001,55.9848
pry,2002,54.60548
pry,2003,56.14836
pry,2004,56.30826
pry,2005,61.6439
pry,2006,59.29186
pry,2007,60.78572
pry,2008,60.38577
pry,2009,59.63389
pry,2010,61.7953
pry,2011,63.90632
pry,2012,62.66827
pry,2013,64.52922
pry,2014,64.89713
pry,2015,64.14788
pry,2016,63.44701
pry,2017,65.1165
pry,2018,64.64156
pry,2019,64.32511
pry,2020,63.92218
pry,2021,62.84295
pry,2022,62.96554
pry,2023,64.69538
pry,2024,64.39611
pse,2000,83.38538
pse,2001,85.0741
pse,2002,85.10415
pse,2003,81.33048
pse,2004,84.61164
pse,2005,82.24512
pse,2006,81.87246
pse,2007,80.0312
pse,2008,83.36136
pse,2009,83.68386
pse,2010,84.86269
pse,2011,77.8077
pse,2012,81.89814
pse,2013,80.94763
pse,2014,77.93021
pse,2015,76.08572
pse,2016,77.04452
pse,2017,79.50206
pse,2018,80.40595
pse,2019,82.24519
pse,2020,83.6615
pse,2021,82.80736
pse,2022,81.303
pse,2024,83.79422
pse,2025,81.93565
qat,2006,99.85106
qat,2007,99.8671
qat,2018,100.54082
qat,2019,100.55117
qat,2020,102.45319
reu,2012,90.19889
rou,1994,96.25092
rou,1995,95.63009
rou,1996,95.96498
rou,1997,96.45658
rou,1998,96.25267
rou,1999,96.81012
rou,2000,96.42308
rou,2001,95.82173
rou,2002,96.15279
rou,2003,96.23818
rou,2004,96.50876
rou,2005,95.97351
rou,2006,96.04666
rou,2007,95.39624
rou,2008,96.36179
rou,2009,96.47952
rou,2010,95.85162
rou,2011,95.66348
rou,2012,95.4577
rou,2013,95.50033
rou,2014,95.34255
rou,2015,95.72287
rou,2016,95.54897
rou,2017,95.79445
rou,2018,96.47539
rou,2019,96.66433
rou,2020,96.35554
rou,2021,96.12641
rou,2022,96.09133
rou,2023,96.91924
rou,2024,95.91303
rus,1998,96.51988
rus,2010,96.38366
rus,2011,96.44336
rus,2012,96.53633
rus,2013,96.32485
rus,2014,96.334
rus,2015,96.35499
rus,2016,96.2624
rus,2017,96.11022
rus,2018,95.89613
rus,2019,95.88562
rus,2020,95.83875
rus,2021,95.72721
rus,2022,95.70944
rus,2023,95.34575
rus,2024,94.2397
rwa,2014,41.64341
rwa,2017,53.12256
rwa,2018,52.26788
rwa,2019,51.77199
rwa,2020,52.03052
rwa,2021,53.66831
rwa,2022,53.24935
rwa,2023,48.86288
rwa,2024,48.69473
sdn,2008,44.32884
sdn,2011,64.41127
sdn,2022,66.58517
sen,2011,27.81113
sen,2015,34.74858
sen,2016,23.83431
sen,2019,25.99135
sen,2022,31.34025
sen,2023,31.98656
sen,2024,29.04661
sgp,1985,90.87657
sgp,1986,90.12398
sgp,1987,89.50393
sgp,1988,91.19735
sgp,1989,91.36493
sgp,1991,110.86483
sgp,1992,111.92485
sgp,1993,113.98695
sgp,1994,113.27155
sgp,1995,117.20245
sgp,1996,115.82796
sgp,1997,91.80776
sgp,1998,91.67373
sgp,1999,90.4754
sgp,2001,90.5572
sgp,2002,90.62204
sgp,2003,90.47765
sgp,2004,90.33657
sgp,2021,90.98077
sgp,2022,90.91346
sgp,2023,92.09266
sgp,2024,92.26421
slb,1999,66.58974
slb,2005,32.9408
slb,2013,25.69633
sle,2014,11.18865
sle,2018,10.48104
slv,1998,90.27774
slv,1999,91.7452
slv,2000,93.01875
slv,2001,90.54215
slv,2002,92.22961
slv,2003,91.90676
slv,2004,92.68922
slv,2005,90.80777
slv,2006,90.99798
slv,2007,91.03796
slv,2009,40.84628
slv,2010,51.4202
slv,2011,52.10461
slv,2012,51.75147
slv,2013,51.22419
slv,2014,54.68903
slv,2015,52.73743
slv,2016,52.67255
slv,2017,52.42423
slv,2018,54.14476
slv,2019,52.6518
slv,2020,52.04817
slv,2021,54.48172
slv,2022,56.94907
slv,2023,57.49661
slv,2024,59.69884
smr,1995,83.83477
smr,1996,84.76494
smr,1997,85.55979
smr,1998,86.52493
smr,1999,87.57764
smr,2001,91.10445
smr,2002,91.36951
smr,2003,91.47959
smr,2004,92.0731
smr,2005,92.10591
smr,2006,92.52071
smr,2007,93.0505
smr,2009,93.63938
smr,2010,93.68819
smr,2015,91.53855
smr,2016,93.82787
som,2019,40.5259
som,2022,40.97813
srb,2007,96.48442
srb,2008,89.01945
srb,2009,90.23556
srb,2010,88.663
srb,2011,89.52089
srb,2012,89.73706
srb,2013,88.036
srb,2014,87.5323
srb,2015,88.46819
srb,2016,85.43017
srb,2017,84.99676
srb,2018,86.66701
srb,2019,86.87838
srb,2020,86.38805
srb,2021,92.16861
srb,2022,92.16523
srb,2023,92.02137
srb,2024,91.8632
ssd,2008,26.1938
stp,2017,54.51473
svk,1994,96.42652
svk,1995,96.01792
svk,1996,96.2895
svk,1997,95.99146
svk,1998,95.19061
svk,1999,94.82066
svk,2000,94.70279
svk,2001,94.49253
svk,2002,94.51941
svk,2003,93.29413
svk,2004,92.34987
svk,2005,92.09601
svk,2006,91.73483
svk,2007,91.72175
svk,2008,91.8406
svk,2009,90.24281
svk,2010,90.45998
svk,2011,90.0203
svk,2012,89.89834
svk,2013,90.11731
svk,2014,89.57768
svk,2015,89.47013
svk,2016,89.1472
svk,2017,89.49373
svk,2018,90.17791
svk,2019,90.20687
svk,2020,90.37493
svk,2021,91.25503
svk,2022,91.5147
svk,2023,91.6476
svk,2024,92.22142
svn,1993,95.77465
svn,1994,94.61756
svn,1995,94.52055
svn,1996,94.50943
svn,1997,94.24457
svn,1998,94.35284
svn,1999,94.23819
svn,2000,95.27783
svn,2001,94.66846
svn,2002,95.43138
svn,2003,95.96973
svn,2004,94.91032
svn,2005,95.16232
svn,2006,94.67154
svn,2007,95.18553
svn,2008,95.78594
svn,2009,94.91716
svn,2010,93.23537
svn,2011,93.18815
svn,2012,93.75496
svn,2013,93.37223
svn,2014,92.06752
svn,2015,92.4054
svn,2016,92.59497
svn,2017,92.01161
svn,2018,91.95568
svn,2019,92.79126
svn,2020,92.93084
svn,2021,92.58439
svn,2022,92.9242
svn,2023,92.27607
svn,2024,92.24661
swe,1987,96.19377
swe,1988,96.16319
swe,1989,95.78947
swe,1990,95.46526
swe,1991,95.44205
swe,1992,95.213
swe,1993,95.31235
swe,1994,94.76349
swe,1995,94.08625
swe,1996,94.23813
swe,1997,94.4556
swe,1998,94.49438
swe,1999,94.63612
swe,2000,94.87154
swe,2001,94.86487
swe,2002,95.03742
swe,2003,95.21235
swe,2004,95.05882
swe,2005,94.75246
swe,2006,94.7168
swe,2007,94.68517
swe,2008,94.52609
swe,2009,94.21685
swe,2010,93.99811
swe,2011,94.38281
swe,2012,94.52298
swe,2013,94.24651
swe,2014,94.2498
swe,2015,94.30522
swe,2016,94.40126
swe,2017,94.76037
swe,2018,94.81012
swe,2019,94.62059
swe,2020,94.63988
swe,2021,94.30023
swe,2022,93.92452
swe,2023,93.95287
swe,2024,94.0572
swz,2016,57.99241
swz,2021,61.82784
swz,2023,64.5811
syc,2011,89.58269
syc,2014,82.97462
syc,2015,92.06671
syc,2016,91.15818
syc,2017,92.25087
syc,2018,92.56438
syc,2019,91.57912
syc,2020,93.071
syc,2023,90.51005
syc,2024,91.00011
syr,2007,88.23815
tcd,2018,10.66191
tgo,2006,9.31489
tgo,2010,16.49622
tgo,2011,11.25654
tgo,2015,15.14103
tgo,2017,14.76784
tgo,2019,19.27304
tgo,2022,21.61078
tha,2007,60.60959
tha,2010,58.94139
tha,2011,60.47503
tha,2012,60.23929
tha,2013,55.5093
tha,2014,61.8864
tha,2015,62.44252
tha,2016,62.45427
tha,2017,63.07803
tha,2018,62.14619
tha,2019,63.72176
tha,2020,63.0676
tha,2021,62.19495
tha,2022,63.03281
tha,2023,63.03511
tha,2024,64.00211
tjk,2009,80.85067
tjk,2016,67.782
tls,2001,23.84656
tls,2007,39.97694
tls,2010,39.82724
tls,2013,47.57805
tls,2015,40.97338
tls,2016,23.30437
tls,2021,44.56589
tls,2022,32.06508
ton,2016,47.9478
ton,2018,52.91226
ton,2021,50.84081
ton,2023,63.99378
tto,2011,85.4068
tto,2012,86.63325
tto,2013,85.52398
tto,2014,85.35335
tto,2015,85.54137
tto,2016,84.8281
tto,2019,85.75947
tto,2020,82.77591
tto,2021,84.13585
tto,2022,83.07621
tto,2023,83.65804
tto,2024,84.81986
tun,2005,86.22311
tun,2006,85.26378
tun,2007,86.82107
tun,2008,87.34828
tun,2009,87.38051
tun,2010,87.29469
tun,2011,88.0674
tun,2012,88.1429
tun,2013,87.27222
tun,2015,86.16226
tun,2016,87.11597
tun,2017,88.75696
tun,2019,87.32863
tun,2021,86.19559
tur,1990,81.33536
tur,1991,80.51512
tur,1992,75.43424
tur,1993,82.8225
tur,1994,80.01806
tur,1995,80.78176
tur,1996,83.46019
tur,1997,84.66899
tur,1998,86.11111
tur,1999,80.61633
tur,2000,84.07833
tur,2001,85.11764
tur,2002,86.16342
tur,2003,86.92058
tur,2004,85.70581
tur,2005,84.37098
tur,2006,84.85229
tur,2007,86.79045
tur,2008,86.52947
tur,2009,82.49702
tur,2010,82.16054
tur,2011,83.43026
tur,2012,84.59114
tur,2013,85.2397
tur,2014,85.58882
tur,2015,85.75059
tur,2016,85.58147
tur,2017,85.04147
tur,2018,85.36759
tur,2019,85.8194
tur,2020,86.2995
tur,2021,86.18229
tur,2022,86.30663
tur,2023,86.42646
tur,2024,85.83922
tuv,2016,75.38048
tuv,2017,87.64398
tuv,2022,86.66667
tza,2001,27.17279
tza,2006,17.47621
tza,2010,7.52296
tza,2012,22.82802
tza,2014,30.88265
tza,2020,23.0151
tza,2024,27.1894
uga,2010,35.19794
uga,2011,26.3404
uga,2012,33.90369
uga,2013,31.32873
uga,2014,35.22019
uga,2017,42.46441
uga,2019,44.9238
uga,2021,28.74359
ukr,2009,95.61982
ukr,2010,95.53258
ukr,2011,95.41588
ukr,2012,95.5439
ukr,2013,95.69231
ukr,2014,95.10443
ukr,2015,95.08985
ukr,2016,95.29926
ukr,2017,94.88458
ukr,2018,94.45808
ukr,2019,93.80515
ukr,2020,94.02125
ukr,2021,93.64889
ury,1998,76.84496
ury,1999,76.53622
ury,2000,77.70611
ury,2001,76.2168
ury,2002,76.43539
ury,2003,76.82627
ury,2004,75.49006
ury,2005,76.36212
ury,2006,75.11357
ury,2007,74.49898
ury,2008,74.56477
ury,2009,74.53767
ury,2010,75.08238
ury,2011,76.02238
ury,2012,76.913
ury,2013,77.16867
ury,2014,77.41063
ury,2015,76.92962
ury,2016,76.70843
ury,2017,76.7805
ury,2018,76.62285
ury,2019,76.03421
ury,2020,76.68912
ury,2021,75.65475
ury,2022,75.50737
ury,2023,75.44809
ury,2024,74.84172
usa,1976,94.39861
usa,1977,94.18437
usa,1978,94.21851
usa,1979,94.07733
usa,1980,94.08118
usa,1981,94.01176
usa,1982,93.76159
usa,1983,93.62649
usa,1984,93.70554
usa,1985,93.87751
usa,1986,94.11287
usa,1987,93.96191
usa,1988,93.77499
usa,1989,93.72755
usa,1990,93.72583
usa,1991,93.67237
usa,1992,94.08955
usa,1993,94.04308
usa,1994,93.65438
usa,1995,93.77317
usa,1996,93.7654
usa,1997,93.83661
usa,1998,94.06633
usa,1999,94.2902
usa,2003,94.22698
usa,2004,94.27579
usa,2005,94.43089
usa,2006,94.3531
usa,2007,94.47372
usa,2008,94.72776
usa,2009,94.64514
usa,2010,94.71632
usa,2011,94.78284
usa,2012,94.68256
usa,2013,94.70519
usa,2014,94.88049
usa,2015,95.02165
usa,2016,95.12348
usa,2017,94.9825
usa,2018,95.08273
usa,2019,95.14363
usa,2020,94.7891
usa,2021,94.57557
usa,2022,94.95439
usa,2023,95.05883
usa,2024,94.90592
usa,2025,94.95661
uzb,2016,33.64463
uzb,2017,34.21693
uzb,2018,40.75562
uzb,2019,42.19575
uzb,2020,75.25142
ven,2005,60.03513
ven,2006,60.30245
ven,2007,60.75303
ven,2008,61.53689
ven,2009,60.92284
ven,2010,60.24144
ven,2011,61.18384
ven,2012,62.35509
ven,2016,65.62504
ven,2017,62.76959
vnm,2007,45.71245
vnm,2009,48.00356
vnm,2010,51.39415
vnm,2011,52.11557
vnm,2012,52.09856
vnm,2013,52.19917
vnm,2014,54.13375
vnm,2015,57.51065
vnm,2016,58.52674
vnm,2017,59.31962
vnm,2018,59.45442
vnm,2019,63.16964
vnm,2020,63.67675
vnm,2021,54.67236
vnm,2022,65.2335
vnm,2023,57.10313
vnm,2024,56.62237
vut,2006,57.87929
vut,2009,57.61456
vut,2010,63.03043
vut,2019,57.58951
vut,2020,62.46817
wlf,2018,90.9571
wlf,2019,84.0678
wlf,2023,59.33105
wsm,2012,84.00639
wsm,2017,78.6617
wsm,2018,67.00749
wsm,2022,74.61817
yem,1999,72.18112
yem,2010,66.7058
yem,2014,60.59598
zaf,2000,77.0285
zaf,2001,69.61735
zaf,2002,76.87916
zaf,2003,76.99188
zaf,2004,77.75669
zaf,2005,75.96916
zaf,2006,76.57634
zaf,2007,78.59039
zaf,2008,83.64868
zaf,2009,85.09009
zaf,2010,85.05552
zaf,2011,85.64331
zaf,2012,86.6261
zaf,2013,86.79321
zaf,2014,87.97243
zaf,2015,87.5596
zaf,2016,87.43023
zaf,2017,86.71867
zaf,2018,87.14386
zaf,2019,86.36763
zaf,2020,86.58894
zaf,2021,86.41022
zaf,2022,86.47065
zaf,2023,85.96241
zaf,2024,84.90781
zmb,2015,36.26738
zmb,2017,38.17592
zmb,2018,41.61106
zmb,2019,40.13478
zmb,2020,41.47226
zmb,2021,40.21919
zmb,2022,38.21848
zmb,2023,41.81191
zmb,2024,44.29363
zwe,2011,46.48497
zwe,2014,45.84156
zwe,2019,50.60171
zwe,2021,56.6906
zwe,2022,47.14806
zwe,2023,48.90913
zwe,2024,50.51159
