geo,time,males_aged_65plus_unemployment_rate_percent
abw,1991,4.545
abw,2010,5.777
abw,2011,3.9
afg,2008,3.667
afg,2012,0.793
afg,2014,5.565
afg,2017,7.862
afg,2020,9.284
afg,2021,4.042
ago,2004,5.839
ago,2010,0.613
ago,2011,4.455
ago,2014,1.835
ago,2019,2.37
ago,2020,1.574
ago,2021,1.065
ago,2022,1.47
ago,2023,19.187
ago,2024,4.112
alb,2008,4.908
alb,2009,8.146
alb,2013,2.598
alb,2014,2.006
alb,2015,1.747
alb,2016,1.663
alb,2017,1.263
alb,2018,1.308
alb,2019,0.902
alb,2020,1.256
alb,2021,4.036
alb,2022,4.263
alb,2023,1.152
ant,2004,13.071
ant,2005,7.44
ant,2006,8.981
ant,2007,2.814
ant,2008,2.341
ant,2009,6.847
ant,2011,4.255
are,2016,1.783
are,2020,1.094
are,2021,0.277
are,2022,0.422
are,2023,0.996
are,2024,1.345
arg,2004,10.174
arg,2005,9.752
arg,2006,8.755
arg,2008,5.522
arg,2009,6.209
arg,2010,5.471
arg,2011,4.17
arg,2012,3.077
arg,2013,3.944
arg,2014,3.53
arg,2017,3.761
arg,2018,6.831
arg,2019,5.569
arg,2020,5.127
arg,2021,3.502
arg,2022,4.21
arg,2023,2.83
arg,2024,1.472
arm,2001,14.508
arm,2008,14.138
arm,2009,8.229
arm,2010,8.052
arm,2011,9.3
arm,2012,12.036
arm,2013,5.9
arm,2014,6.771
arm,2015,9.928
arm,2016,11.015
arm,2017,12.105
arm,2018,4.782
arm,2019,4.963
arm,2020,3.675
arm,2021,4.939
arm,2022,4.423
arm,2023,4.833
asm,1990,0.99
atg,2001,4.61
aus,1979,1.803
aus,1980,1.461
aus,1981,1.411
aus,1982,1.269
aus,1983,1.896
aus,1984,1.56
aus,1985,1.615
aus,1986,1.52
aus,1987,1.26
aus,1988,1.406
aus,1989,1.664
aus,1990,1.504
aus,1991,2.066
aus,1992,2.29
aus,1993,2.3
aus,1994,1.848
aus,1995,1.569
aus,1996,1.825
aus,1997,1.66
aus,1998,1.126
aus,1999,0.98
aus,2000,1.155
aus,2001,1.488
aus,2002,1.034
aus,2003,0.87
aus,2004,0.968
aus,2005,0.81
aus,2006,1.375
aus,2007,1.205
aus,2008,0.918
aus,2009,1.396
aus,2010,1.693
aus,2011,1.164
aus,2012,1.866
aus,2013,1.69
aus,2014,2.565
aus,2015,1.601
aus,2016,1.766
aus,2017,1.615
aus,2018,1.704
aus,2019,2.342
aus,2020,2.485
aus,2021,2.411
aus,2022,2.015
aus,2023,1.655
aus,2024,1.554
aut,1982,0.685
aut,1983,0.862
aut,1986,1.98
aut,1987,1.163
aut,1988,1.409
aut,1989,1.22
aut,1991,1.235
aut,1998,7.847
aut,2006,0.606
aut,2007,0.319
aut,2009,0.74
aut,2010,0.395
aut,2011,0.302
aut,2014,0.95
aut,2017,1.287
aut,2018,0.981
aut,2020,0.432
aut,2021,0.473
aut,2022,1.087
aut,2023,1.379
aut,2024,2.306
aze,1999,25.225
aze,2010,21.45
aze,2019,3.096
aze,2021,4.303
bdi,1990,0.353
bel,2007,1.773
bel,2008,1.435
bel,2012,1.642
bel,2016,1.289
bel,2022,2.381
bel,2023,3.546
bel,2024,2.547
ben,1992,0.392
ben,2002,0.235
ben,2011,1.08
ben,2013,0.486
bfa,2006,0.907
bfa,2014,3.141
bfa,2023,4.474
bfa,2024,0.534
bgd,2003,0.855
bgd,2005,2.203
bgd,2006,2.084
bgd,2010,2.256
bgd,2011,0.357
bgd,2013,0.635
bgd,2016,0.6
bgd,2022,0.63
bgd,2023,0.557
bgd,2024,0.458
bgr,2000,2.291
bgr,2001,9.579
bgr,2002,4.468
bgr,2005,1.174
bgr,2006,2.754
bgr,2007,2.763
bgr,2010,5.297
bgr,2013,3.304
bgr,2014,2.925
bgr,2015,4.452
bgr,2016,2.39
bgr,2017,2.45
bgr,2018,3.124
bgr,2019,3.88
bgr,2020,2.127
bgr,2021,3.057
bgr,2022,2.546
bgr,2023,2.919
bgr,2024,2.496
bhr,1991,2.858
bhs,1990,2.214
bhs,1994,13.559
bhs,1998,5.048
bhs,2003,3.091
bhs,2005,4.466
bhs,2008,2.571
bhs,2009,3.5
bhs,2011,7.109
bhs,2012,7.019
bhs,2023,4.923
bih,2007,3.481
bih,2012,5.077
bih,2016,9.915
bih,2020,0.973
bih,2021,3.478
bih,2022,1.341
bih,2023,1.743
bih,2024,2.083
blr,1999,0.491
blr,2009,2.897
blr,2016,3.727
blr,2017,9.127
blr,2018,4.574
blr,2019,6.872
blr,2020,4.441
blr,2021,6.439
blr,2022,4.592
blr,2023,2.764
blr,2024,2.776
blz,1994,5.832
blz,2012,8.247
blz,2013,4.711
blz,2015,3.872
blz,2019,2.563
bmu,1991,4.674
bmu,2000,0.968
bmu,2010,1.786
bmu,2012,2.614
bmu,2014,1
bol,1986,34.419
bol,1987,18.852
bol,1995,4.494
bol,1996,3.689
bol,1997,0.702
bol,2000,0.712
bol,2009,1.909
bol,2011,1.334
bol,2015,0.672
bol,2016,1.18
bol,2017,0.984
bol,2018,0.85
bol,2019,1.043
bol,2020,2.114
bol,2021,1.589
bol,2022,0.891
bol,2023,0.831
bol,2024,0.737
bra,1989,0.56
bra,1990,0.845
bra,1992,1.102
bra,1995,1.602
bra,1996,2.031
bra,1997,3.182
bra,1998,3.559
bra,1999,2.527
bra,2001,2.363
bra,2002,2.745
bra,2003,2.711
bra,2004,1.775
bra,2005,2.949
bra,2006,1.863
bra,2007,2.027
bra,2008,1.511
bra,2009,2.417
bra,2011,1.401
bra,2012,1.441
bra,2013,1.139
bra,2014,1.176
bra,2015,1.667
bra,2016,2.41
bra,2017,3.197
bra,2018,3.336
bra,2019,3.787
bra,2020,3.148
bra,2021,3.531
bra,2022,2.716
bra,2023,2.391
bra,2024,2.318
brb,1987,5
brb,1994,0
brb,1995,7.692
brb,1996,0
brb,2009,5.5
brb,2010,5.4
brb,2013,3.448
brb,2014,1.6
brb,2017,3.792
brb,2021,6.839
btn,2010,3.8
bwa,1985,10.24
bwa,1991,3.577
bwa,1996,8.378
bwa,2006,3.311
bwa,2010,0.206
bwa,2011,3.833
bwa,2019,3.413
bwa,2020,3.851
bwa,2021,4.307
bwa,2022,5.821
bwa,2023,7.237
bwa,2024,6.358
can,1976,2.357
can,1977,2.436
can,1978,1.729
can,1979,1.883
can,1980,1.854
can,1981,1.927
can,1982,2.732
can,1983,2.323
can,1984,2.449
can,1985,2.323
can,1986,2.523
can,1987,2.33
can,1988,1.908
can,1989,2.021
can,1990,1.628
can,1991,3.484
can,1992,4.412
can,1993,5.555
can,1994,4.672
can,1995,3.857
can,1996,3.616
can,1997,2.974
can,1998,2.698
can,1999,3.022
can,2000,2.534
can,2001,2.896
can,2002,3.05
can,2003,3.528
can,2004,3.137
can,2005,3.215
can,2006,4.976
can,2007,3.491
can,2008,2.976
can,2009,4.654
can,2010,4.954
can,2011,4.961
can,2012,4.805
can,2013,4.828
can,2014,4.91
can,2015,4.774
can,2016,5.642
can,2017,5.293
can,2018,4.819
can,2019,4.292
can,2020,7.434
can,2021,8.067
can,2022,4.91
can,2023,4.394
can,2024,4.343
can,2025,4.666
che,2003,0.78
che,2005,0.518
che,2006,0.76
che,2009,0.684
che,2010,1.34
che,2011,0.609
che,2012,0.731
che,2013,0.519
che,2014,0.547
che,2015,1.336
che,2016,0.342
che,2017,0.513
che,2018,1.282
che,2020,0.882
che,2021,0.874
che,2022,0.689
che,2023,1.885
che,2024,1.726
chl,1983,5.069
chl,1984,2.638
chl,1986,1.023
chl,1988,1.367
chl,1989,1.169
chl,1990,1.447
chl,1991,1.483
chl,1992,2.018
chl,1993,0.732
chl,1994,1.624
chl,1995,0.968
chl,1996,4.893
chl,1998,5.846
chl,2000,5.235
chl,2003,4.854
chl,2006,3.287
chl,2009,3.924
chl,2010,3.463
chl,2011,3.278
chl,2012,2.648
chl,2013,2.35
chl,2014,3.281
chl,2015,2.69
chl,2016,2.78
chl,2017,2.872
chl,2018,2.609
chl,2019,2.732
chl,2020,3.812
chl,2021,4.178
chl,2022,4.064
chl,2023,4.509
chl,2024,5.241
chl,2025,5.124
chn,2000,0.174
civ,2013,1.397
cmr,2005,1.142
cmr,2010,0.356
cod,2005,0.925
cod,2012,2.934
cod,2016,1.555
cod,2020,1.04
cog,2005,4.356
cog,2009,29.451
cok,2011,0.649
col,1991,3.877
col,1992,3.902
col,1994,3.246
col,1996,3.78
col,2001,6.484
col,2002,6.252
col,2003,7.133
col,2004,5.113
col,2005,4.531
col,2007,4.63
col,2008,4.412
col,2009,5.222
col,2010,4.919
col,2011,5.342
col,2012,5.013
col,2013,4.405
col,2014,4.175
col,2015,4.243
col,2016,4.279
col,2017,3.782
col,2018,4.239
col,2019,5.251
col,2020,7.678
col,2021,7.357
col,2022,6.078
col,2023,5.02
col,2024,5.244
col,2025,4.685
com,2014,1.443
cpv,1990,20.351
cpv,2009,7.158
cpv,2019,1.1
cri,2002,2.471
cri,2003,2.358
cri,2004,2.531
cri,2005,4.297
cri,2006,4.206
cri,2008,2.44
cri,2009,2.883
cri,2010,5.719
cri,2011,2.48
cri,2012,4.647
cri,2013,4.231
cri,2014,3.785
cri,2015,2.388
cri,2016,2.358
cri,2017,1.928
cri,2018,2.391
cri,2019,4.065
cri,2020,4.613
cri,2021,5.805
cri,2022,2.495
cri,2023,1.533
cri,2024,1.276
cri,2025,1.751
cub,2009,0
cub,2010,0
cym,2007,8.436
cym,2008,14.469
cym,2011,13.37
cym,2012,10.82
cym,2013,16.601
cym,2014,5.281
cym,2015,2.8
cyp,1992,0.165
cyp,2012,1.533
cyp,2013,6.86
cyp,2014,1.51
cyp,2016,3.316
cyp,2017,1.801
cyp,2018,1.03
cyp,2019,1.282
cyp,2020,1.135
cyp,2021,1.047
cyp,2022,1.625
cyp,2023,1.413
cyp,2024,1.553
cze,1993,5.75
cze,1994,3.03
cze,1995,4.442
cze,1996,4.219
cze,1997,3.352
cze,1998,4.629
cze,1999,4.283
cze,2000,2.021
cze,2001,3.427
cze,2002,3.523
cze,2003,3.93
cze,2004,2.441
cze,2005,2.838
cze,2006,2.004
cze,2007,1.222
cze,2008,0.958
cze,2009,0.483
cze,2010,0.846
cze,2011,0.858
cze,2012,2.538
cze,2013,1.169
cze,2014,1.109
cze,2015,1.052
cze,2016,0.575
cze,2017,0.717
cze,2018,0.469
cze,2019,0.321
cze,2021,0.333
cze,2024,0.8
deu,1985,0.703
deu,1987,0.75
deu,1991,1.087
deu,1992,1.329
deu,1993,0.784
deu,1994,1.285
deu,1995,1.118
deu,1996,1.377
deu,1997,1.564
deu,1998,0.752
deu,1999,1.069
deu,2000,0.849
deu,2003,0.809
deu,2004,0.798
deu,2005,0.657
deu,2011,1.801
deu,2012,0.798
deu,2013,0.645
deu,2014,0.727
deu,2015,0.956
deu,2016,0.563
deu,2017,0.724
deu,2018,0.778
deu,2019,0.756
deu,2020,0.659
deu,2021,1.089
deu,2022,1.046
deu,2023,1.208
deu,2024,1.278
dji,2017,13.837
dma,1997,10.25
dma,2001,2.147
dnk,1984,2.081
dnk,1990,1.922
dnk,1991,2.598
dnk,2007,1.833
dnk,2008,0.662
dnk,2010,1.192
dnk,2011,0.864
dnk,2013,0.519
dnk,2015,0.864
dnk,2016,1.09
dnk,2017,1.189
dnk,2018,0.849
dnk,2019,1.743
dnk,2020,1.794
dnk,2021,3.038
dnk,2022,1.748
dnk,2023,2.345
dnk,2024,2.868
dom,2000,1.178
dom,2001,1.535
dom,2002,1.106
dom,2003,1.276
dom,2004,0.787
dom,2005,0.899
dom,2006,0.55
dom,2007,0.549
dom,2009,1.264
dom,2010,1.366
dom,2011,0.53
dom,2012,0.495
dom,2014,1.195
dom,2015,0.928
dom,2016,1.288
dom,2017,0.796
dom,2018,0.51
dom,2021,0.808
dom,2022,0.698
dom,2023,0.523
dom,2024,0.456
dza,2010,0.007
ecu,1996,3.153
ecu,1997,3.623
ecu,1998,6.408
ecu,2000,1.563
ecu,2001,1.486
ecu,2003,3.902
ecu,2004,2.01
ecu,2005,1.017
ecu,2006,1.398
ecu,2007,1.209
ecu,2008,1.102
ecu,2009,0.923
ecu,2010,0.952
ecu,2011,0.546
ecu,2012,0.522
ecu,2013,0.474
ecu,2014,0.686
ecu,2015,0.521
ecu,2016,1.342
ecu,2017,0.908
ecu,2018,0.565
ecu,2019,0.594
ecu,2020,1.198
ecu,2021,0.892
ecu,2022,0.845
ecu,2023,0.625
ecu,2024,0.673
ecu,2025,0.851
esp,1977,0.645
esp,1978,0.831
esp,1979,0.587
esp,1980,1.062
esp,1981,1.686
esp,1982,1.616
esp,1983,1.361
esp,1984,1.274
esp,1985,2.233
esp,1986,3.125
esp,1987,1.71
esp,1988,1.47
esp,1989,1.42
esp,1990,0.936
esp,1991,1.665
esp,1992,2.716
esp,1993,1.55
esp,1994,1.477
esp,1999,1.579
esp,2005,1.726
esp,2007,2.092
esp,2010,8.352
esp,2013,3.046
esp,2014,8.448
esp,2015,3.118
esp,2017,3.861
esp,2018,4.649
esp,2019,4.303
esp,2020,4.234
esp,2021,2.132
esp,2022,5.676
esp,2023,5.68
esp,2024,6.951
esp,2025,3.717
est,1999,8.351
est,2012,3.525
est,2013,5.564
est,2014,3.506
est,2015,3.118
est,2016,3.196
est,2017,2.449
est,2018,5.679
est,2019,2.892
est,2020,4.808
est,2022,1.513
est,2023,3.307
est,2024,1.706
eth,1999,1.463
eth,2005,0.868
eth,2013,0.611
eth,2021,0.814
fin,1985,0
fin,1986,6.667
fin,2015,2.759
fin,2016,1.859
fin,2019,2.747
fin,2021,2.376
fin,2022,2.163
fin,2023,3.074
fin,2024,3.062
fji,1996,3.797
fji,2007,2.257
fji,2014,0.37
fra,1995,2.014
fra,2006,1.172
fra,2007,1.437
fra,2008,4.279
fra,2009,4.459
fra,2010,2.633
fra,2011,1.747
fra,2012,1.211
fra,2013,2.984
fra,2014,2.625
fra,2015,2.387
fra,2016,2.355
fra,2017,3.722
fra,2018,2.913
fra,2019,2.549
fra,2020,2.979
fra,2021,4.507
fra,2022,3.497
fra,2023,4.721
fra,2024,4.908
fro,2005,3.046
fro,2009,4.247
fro,2010,0.676
fro,2011,3.125
fro,2012,2.836
fro,2013,6.832
gab,1993,7.458
gbm,2016,0.571
gbr,1983,3.071
gbr,1984,4.502
gbr,1985,7.768
gbr,1986,9.28
gbr,1987,7.942
gbr,1988,5.539
gbr,1989,7.821
gbr,1990,4.905
gbr,1991,5.712
gbr,1992,4.539
gbr,1993,4.306
gbr,1994,3.605
gbr,1995,2.715
gbr,1996,3.905
gbr,1997,4.167
gbr,1998,3.356
gbr,1999,2.953
gbr,2000,2.09
gbr,2001,2.444
gbr,2002,3.458
gbr,2003,2.293
gbr,2004,3.041
gbr,2005,2.579
gbr,2006,2.573
gbr,2007,2.251
gbr,2008,2.535
gbr,2009,3.448
gbr,2010,3.086
gbr,2011,2.61
gbr,2012,2.717
gbr,2013,2.393
gbr,2014,2.419
gbr,2015,1.833
gbr,2016,1.14
gbr,2017,1.825
gbr,2018,1.534
gbr,2019,1.614
gbr,2020,2.426
gbr,2021,2.663
gbr,2022,1.849
gbr,2023,2.129
gbr,2024,2.845
geo,1999,2.825
geo,2000,3.228
geo,2001,2.513
geo,2002,2.604
geo,2003,1.197
geo,2004,2.479
geo,2005,1.863
geo,2007,1.681
geo,2008,2.865
geo,2009,2.459
geo,2010,1.573
geo,2011,1.841
geo,2012,2.285
geo,2013,3.688
geo,2014,1.604
geo,2015,2.007
geo,2016,3.517
geo,2017,4.905
geo,2018,5.181
geo,2019,3.453
geo,2020,3.992
geo,2021,2.41
geo,2022,1.397
geo,2023,1.223
geo,2024,2.33
gha,2000,14.376
gha,2006,1.051
gha,2010,1.193
gha,2015,2.783
gha,2021,1.706
gha,2023,0.704
gin,2002,2.433
gin,2014,2.477
gin,2019,3.376
glp,2016,2.5
gmb,2012,1.046
gmb,2023,1.435
grc,1981,0.28
grc,1982,0.661
grc,1988,0.513
grc,1989,0.485
grc,1990,0.467
grc,1991,0.583
grc,1992,0.959
grc,1993,1.028
grc,1994,0.819
grc,1995,0.476
grc,1996,0.858
grc,1997,0.801
grc,1998,2.164
grc,1999,1.72
grc,2000,1.029
grc,2001,1.891
grc,2002,1.639
grc,2003,1.284
grc,2004,0.585
grc,2005,0.768
grc,2006,0.923
grc,2007,1.18
grc,2008,1.097
grc,2009,0.915
grc,2010,1.396
grc,2011,1.722
grc,2012,4.437
grc,2013,10.383
grc,2014,12.899
grc,2015,12.849
grc,2016,15.29
grc,2017,12.022
grc,2018,11.408
grc,2019,8.33
grc,2020,8.03
grc,2021,7.812
grc,2022,8.655
grc,2023,6.867
grc,2024,4.908
grd,1991,4.11
grd,1994,7.5
grd,1996,2
grd,1998,3.914
grd,2019,3.67
gtm,2002,1.012
gtm,2004,1.813
gtm,2010,2.363
gtm,2013,1.312
gtm,2014,0.625
gtm,2016,0.286
gtm,2017,0.424
gtm,2018,0.426
gtm,2023,1.052
gtm,2024,0.576
guf,1990,15.772
guf,2016,6.9
guy,2002,5.497
guy,2018,3.88
guy,2019,2.995
hkg,1985,2.164
hkg,1986,1.965
hkg,1987,0.645
hkg,1988,0.21
hkg,1989,0.212
hkg,1990,0.432
hkg,1991,0.88
hkg,1992,0.71
hkg,1993,1.25
hkg,1994,0.52
hkg,1995,1.5
hkg,1996,0.53
hkg,1997,0.57
hkg,1998,1.15
hkg,2000,1.635
hkg,2001,1.449
hkg,2002,3.78
hkg,2003,2.59
hkg,2004,3.34
hkg,2005,1.63
hkg,2006,0.785
hkg,2007,1.127
hkg,2008,1.416
hkg,2009,1.35
hkg,2010,1.653
hkg,2011,1.172
hkg,2012,0.856
hkg,2013,1.569
hkg,2014,2.714
hkg,2015,2.013
hkg,2016,1.801
hkg,2017,1.914
hkg,2018,1.631
hkg,2019,1.518
hkg,2020,3.661
hkg,2021,3.519
hkg,2022,2.959
hkg,2023,1.66
hkg,2024,2.475
hnd,2005,0.852
hnd,2006,0.905
hnd,2007,0.51
hnd,2008,0.548
hnd,2009,0.504
hnd,2010,0.943
hnd,2013,1.094
hnd,2014,1.479
hnd,2015,2.556
hnd,2016,2.901
hnd,2017,1.109
hnd,2018,1.946
hnd,2019,1.223
hnd,2020,8.38
hnd,2021,5.214
hnd,2022,4.386
hnd,2023,3.197
hnd,2024,1.919
hnd,2025,1.352
hrv,2021,3.834
hti,1990,3.629
hti,2003,11.77
hun,1996,5.311
hun,1997,15.447
hun,1998,18.932
hun,2005,1.077
hun,2006,1.436
hun,2010,0.871
hun,2013,1.16
hun,2014,2.119
hun,2015,3.318
hun,2018,0.33
hun,2019,1.647
hun,2020,1.743
hun,2021,2.28
hun,2022,1.737
hun,2023,1.404
hun,2024,1.808
idn,1991,0.12
idn,1994,0.217
idn,1996,0.148
idn,1997,0.141
idn,2001,0.468
idn,2003,1.408
idn,2004,2.584
idn,2005,1.282
idn,2006,0.5
idn,2007,0.638
idn,2008,0.063
idn,2009,0.079
idn,2010,0.207
idn,2015,0.089
idn,2016,0.195
idn,2017,0.257
idn,2018,0.325
idn,2019,0.169
idn,2020,0.371
idn,2021,0.33
idn,2022,0.148
idn,2023,0.23
ind,2005,0.927
ind,2010,0.547
ind,2012,0.693
ind,2018,1.81
ind,2019,1.549
ind,2020,2.128
ind,2021,1.704
ind,2022,1.288
ind,2023,0.921
ind,2024,0.607
irl,1983,2.817
irl,1984,2.446
irl,1985,3.567
irl,1986,1.474
irl,1987,2.596
irl,1988,1.956
irl,1989,2.015
irl,1990,2.495
irl,1991,2.114
irl,1992,1.546
irl,1993,1.467
irl,1994,2.334
irl,1995,0.815
irl,1996,2.022
irl,1997,0.827
irl,1998,0.871
irl,2004,0.772
irl,2007,0.532
irl,2008,0.496
irl,2009,0.987
irl,2010,1.492
irl,2011,1.039
irl,2012,1.537
irl,2013,1.803
irl,2014,1.053
irl,2015,1.404
irl,2016,1.942
irl,2017,1.122
irl,2018,1.42
irl,2019,1.169
irl,2020,1.52
irl,2021,2.83
irl,2022,2.007
irn,2005,2.471
irn,2006,1.552
irn,2007,1.312
irn,2008,1.144
irn,2009,1.624
irn,2010,1.896
irn,2011,1.909
irn,2012,0.708
irn,2013,1.433
irn,2014,1.196
irn,2015,1.017
irn,2016,1.894
irn,2017,2.098
irn,2018,1.798
irn,2019,1.44
irn,2020,1.086
irn,2021,0.944
irn,2022,1.38
irn,2023,0.964
irn,2024,1.263
irq,2007,1.331
irq,2012,2.288
irq,2014,7.893
irq,2016,6.946
irq,2017,9.203
irq,2021,2.259
isl,2007,2.385
isl,2008,1.913
isl,2009,2.684
isl,2010,3.547
isl,2011,3.391
isl,2012,4.028
isl,2013,4.162
isl,2014,1.952
isl,2018,1.235
isl,2019,1.19
isl,2020,1.727
isl,2021,3.03
isl,2022,1.481
isr,1987,1.786
isr,1988,1.675
isr,1989,2.279
isr,2012,4.595
isr,2013,4.06
isr,2014,3.807
isr,2015,3.348
isr,2016,2.82
isr,2017,2.894
isr,2018,2.854
isr,2019,2.625
isr,2020,2.491
isr,2021,2.464
isr,2022,2.669
isr,2023,2.278
isr,2024,1.398
ita,1983,1.57
ita,1984,0.614
ita,1986,0.588
ita,1987,0.592
ita,1988,0.783
ita,1989,0.475
ita,1990,0.562
ita,1992,0.568
ita,1993,2.501
ita,1994,1.348
ita,1995,1.244
ita,1996,1.115
ita,1997,0.771
ita,1998,1.217
ita,1999,0.852
ita,2000,1.357
ita,2001,0.941
ita,2002,1.255
ita,2003,1.06
ita,2004,1.709
ita,2005,1.117
ita,2006,0.96
ita,2007,0.542
ita,2008,1.185
ita,2009,0.668
ita,2010,1.142
ita,2011,0.981
ita,2012,1.313
ita,2013,1.627
ita,2014,1.285
ita,2015,1.473
ita,2016,1.475
ita,2017,1.49
ita,2018,1.934
ita,2019,2.307
ita,2020,1.777
ita,2021,2.65
ita,2022,2.227
ita,2023,1.686
ita,2024,1.363
jam,1975,4.25
jam,1976,6.398
jam,1978,4.56
jam,1981,3.455
jam,1982,4.537
jam,1988,2.878
jam,1990,3.015
jam,1994,3.655
jam,1998,2.604
jam,2003,2.717
jam,2004,2.094
jam,2008,1.475
jam,2009,1.588
jam,2010,1.301
jam,2011,1.746
jam,2012,2.091
jam,2013,1.866
jam,2014,0.909
jam,2016,1.282
jam,2017,1.546
jam,2018,1.585
jam,2019,0.993
jam,2020,0.941
jam,2021,0.989
jam,2022,0.961
jam,2023,0.8
jor,2000,3.4
jor,2001,0.3
jor,2002,0.2
jor,2003,1.6
jor,2005,1.2
jor,2006,0.7
jor,2007,1.9
jor,2008,1.1
jor,2009,3.1
jor,2010,2.2
jor,2011,0.5
jor,2012,2.6
jor,2013,0.6
jor,2014,2.9
jor,2017,2.717
jor,2018,1.024
jor,2019,2.867
jor,2020,1.97
jor,2021,0.594
jpn,1968,0.6
jpn,1969,0.6
jpn,1970,0.6
jpn,1971,1.3
jpn,1972,1.3
jpn,1973,1.2
jpn,1974,1.2
jpn,1975,1.8
jpn,1976,2.4
jpn,1977,2.3
jpn,1978,2.3
jpn,1979,2.2
jpn,1980,2.2
jpn,1981,2.6
jpn,1982,2.2
jpn,1983,2.7
jpn,1984,2.2
jpn,1985,2.1
jpn,1986,1.6
jpn,1987,1.6
jpn,1988,1.5
jpn,1989,1.5
jpn,1990,1.4
jpn,1991,1.3
jpn,1992,1.6
jpn,1993,1.6
jpn,1994,1.9
jpn,1995,2.2
jpn,1996,2.1
jpn,1997,2
jpn,1998,2.6
jpn,1999,2.9
jpn,2000,3.117
jpn,2001,3.321
jpn,2002,2.817
jpn,2003,3.212
jpn,2004,2.724
jpn,2005,2.66
jpn,2006,2.746
jpn,2007,2.424
jpn,2008,2.627
jpn,2009,3.25
jpn,2010,3.338
jpn,2011,2.842
jpn,2012,2.873
jpn,2013,2.838
jpn,2014,2.762
jpn,2015,2.548
jpn,2016,2.517
jpn,2017,2.197
jpn,2018,2.041
jpn,2019,2.009
jpn,2020,2.28
jpn,2021,2.425
jpn,2022,2.083
jpn,2023,2.4
jpn,2024,2.2
jpn,2025,2.3
kaz,2002,0.359
kaz,2008,0.201
kaz,2011,0.077
kaz,2017,0.2
kaz,2020,0.6
ken,1999,1.953
ken,2005,2.181
ken,2019,0.768
ken,2021,1.065
ken,2022,1.879
kgz,2002,1.429
kgz,2004,0.5
kgz,2005,1.326
kgz,2006,0.83
kgz,2009,1
kgz,2015,2.365
kgz,2020,0.989
kgz,2021,0.198
kgz,2022,0.28
kgz,2023,0.162
khm,1998,2.035
khm,2009,1.237
khm,2014,1.266
kir,2020,2.041
kna,1980,1.665
kna,1991,2.627
kna,2001,1.042
kor,2000,0.989
kor,2001,0.749
kor,2002,0.706
kor,2003,0.643
kor,2004,0.924
kor,2005,0.98
kor,2006,0.946
kor,2007,0.887
kor,2008,1.131
kor,2009,1.278
kor,2010,2.234
kor,2011,1.942
kor,2012,1.894
kor,2013,1.728
kor,2014,1.902
kor,2015,2.522
kor,2016,2.476
kor,2017,3.089
kor,2018,3.13
kor,2019,3.266
kor,2020,3.49
kor,2021,3.43
kor,2022,2.618
kor,2023,2.566
kor,2024,2.775
kor,2025,2.624
kos,2012,12.068
kos,2013,4.977
kos,2014,13.346
kos,2015,7.137
kos,2016,20.124
kos,2017,10.866
kos,2020,3.593
kos,2021,8.095
kos,2023,3.412
kos,2024,9.551
lao,2015,3.708
lbn,2004,5.242
lbn,2007,5.23
lbn,2019,3.197
lbr,2010,1.724
lbr,2017,3.396
lby,2012,2.1
lca,2003,16.341
lca,2004,14.841
lca,2016,9.466
lca,2017,4.704
lca,2018,7.373
lca,2019,5.382
lca,2020,13.152
lca,2021,6.605
lca,2022,5.315
lca,2023,9.546
lca,2024,3.111
lka,2009,0.339
lka,2012,0.415
lka,2016,0.333
lka,2018,0.597
lka,2019,0.676
lka,2020,0.427
lka,2022,0.757
lka,2023,0.411
lso,1999,20.878
lso,2008,38.904
lso,2013,11.332
lso,2019,3.667
lso,2024,3.252
ltu,2003,4.504
ltu,2008,2.866
ltu,2009,3.309
ltu,2010,2.294
ltu,2011,1.727
ltu,2015,1.766
ltu,2016,2.042
ltu,2017,0.98
ltu,2018,1.277
ltu,2020,0.592
ltu,2023,1.221
ltu,2024,1.686
lva,1998,7.13
lva,1999,9.521
lva,2004,8.739
lva,2005,6.782
lva,2006,2.754
lva,2007,1.973
lva,2009,4.919
lva,2010,7.42
lva,2012,2.82
lva,2013,4.602
lva,2014,2.202
mac,1992,5.653
mac,1998,3.571
mac,2000,5.556
mac,2002,4.348
mac,2006,3.704
mac,2011,0.3
mac,2013,1.2
mac,2014,0.9
mac,2015,0.7
mac,2016,1.724
mac,2018,1.172
mac,2019,1.434
mac,2020,2.115
mar,1982,6.944
mar,2011,0.169
mar,2012,0.508
mar,2021,1.5
mar,2022,0.986
mco,2016,2.607
mda,2002,0.82
mda,2003,0.373
mdg,2003,3.962
mdg,2005,1.206
mdg,2010,5.962
mdg,2022,1.953
mdv,1995,0.382
mdv,2000,0.945
mdv,2014,2.035
mdv,2016,4.876
mex,2002,0.648
mex,2003,0.734
mex,2004,0.978
mex,2005,1.172
mex,2006,1.304
mex,2007,1.312
mex,2008,1.449
mex,2009,1.818
mex,2010,1.952
mex,2011,2.064
mex,2012,1.929
mex,2013,1.936
mex,2014,1.625
mex,2015,1.456
mex,2016,1.263
mex,2017,1.169
mex,2018,1.044
mex,2019,1.054
mex,2020,1.858
mex,2021,1.466
mex,2022,1.206
mex,2023,0.879
mex,2024,0.942
mkd,2002,3.165
mkd,2003,2.254
mkd,2005,3.664
mkd,2006,4.55
mkd,2007,4.396
mkd,2008,11.078
mkd,2009,10.634
mkd,2010,9.502
mkd,2011,9.378
mkd,2012,10.33
mkd,2013,10.961
mkd,2014,6.737
mkd,2016,0.905
mkd,2017,1.738
mkd,2018,2.772
mkd,2021,1.435
mli,2009,1.009
mli,2010,2.681
mli,2014,4.169
mmr,2014,0.594
mne,2012,4.122
mne,2014,7.224
mne,2015,3.239
mne,2016,6.552
mne,2018,1.342
mne,2019,4.732
mne,2021,7.192
mne,2024,3.975
mng,2024,3.188
mnp,2003,14.859
moz,2015,0.64
moz,2022,1.056
mrt,2012,4.915
mrt,2017,4.405
mrt,2019,3.026
mtq,2016,13.3
mus,1995,3.19
mus,2011,3.375
mwi,2011,0.969
mwi,2013,1.49
mwi,2017,2.544
mys,1970,0.857
mys,1980,0.488
mys,2019,50
nam,1997,3.8
nam,2004,3.905
nam,2010,3.853
nam,2012,1.599
nam,2016,4.88
ncl,2014,0.364
ner,2001,0.581
nga,1986,2.345
nga,2019,0.723
nga,2022,0.927
nga,2023,1.108
nga,2024,1.608
nic,1989,4.787
nic,2006,2.241
nic,2012,1.862
nld,1977,1.405
nld,1979,0.952
nld,2002,0.988
nld,2005,1.985
nld,2006,2.55
nld,2007,0.735
nld,2008,2.467
nld,2009,0.869
nld,2010,1.333
nld,2011,2.303
nld,2012,4.054
nld,2013,3.872
nld,2014,6.573
nld,2015,5.702
nld,2016,2.818
nld,2017,3.418
nld,2018,3.535
nld,2019,2.487
nld,2020,2.478
nld,2021,3.104
nld,2022,3.54
nld,2023,3.042
nld,2024,2.586
nld_curacao,2018,6.7
nld_curacao,2020,14.3
nor,1984,1.996
nor,1985,2.132
nor,1986,2.114
nor,1987,1.961
nor,1988,2.222
nor,1989,2.326
nor,1996,2.911
nor,2000,3.934
nor,2001,3.997
nor,2005,0.884
nor,2007,1.613
nor,2009,1.98
nor,2013,1.755
nor,2015,1.649
nor,2016,1.593
nor,2019,1.509
nor,2020,2.188
nor,2021,2.138
nor,2023,1.046
nor,2024,1.788
npl,2017,3.155
nzl,1986,1.3
nzl,1987,0.725
nzl,1988,2.245
nzl,1989,3.049
nzl,1990,1.875
nzl,1991,2.792
nzl,1993,1.375
nzl,1994,1.991
nzl,1996,0.514
nzl,1997,0.85
nzl,1998,0.774
nzl,1999,1.712
nzl,2000,2.12
nzl,2001,1.163
nzl,2002,2.074
nzl,2003,1.354
nzl,2004,1.003
nzl,2005,1.226
nzl,2006,1.472
nzl,2007,0.897
nzl,2008,1.095
nzl,2009,1.633
nzl,2010,1.658
nzl,2011,1.655
nzl,2012,1.758
nzl,2013,1.905
nzl,2014,1.643
nzl,2015,1.679
nzl,2016,1.158
nzl,2017,0.896
nzl,2018,1.631
nzl,2019,1.477
nzl,2020,1.956
nzl,2021,0.977
nzl,2022,1.069
nzl,2023,1.88
nzl,2024,2.178
nzl,2025,1.837
omn,2017,13.245
omn,2018,0
omn,2020,0
pak,1988,1.253
pak,1990,1.178
pak,1991,7.956
pak,1992,8.692
pak,1993,7.971
pak,1994,6.876
pak,1995,8.91
pak,1997,9.23
pak,1998,8.468
pak,2000,11.488
pak,2002,11.504
pak,2004,10.358
pak,2012,3.882
pak,2013,1.43
pak,2015,8.922
pak,2016,1.266
pak,2018,2.287
pak,2019,2.258
pak,2020,2.588
pak,2021,0.949
pak,2025,0.828
pan,2009,3.177
pan,2010,1.518
pan,2011,1.106
pan,2013,1.096
pan,2016,1.263
pan,2018,1.358
pan,2019,1.479
pan,2020,2.536
pan,2021,3.667
pan,2022,1.099
pan,2023,0.682
pan,2024,2.41
per,1996,6.977
per,1997,5.658
per,1998,3.479
per,1999,2.831
per,2001,3.231
per,2002,4.178
per,2003,3.194
per,2004,2.236
per,2005,2.475
per,2006,2.228
per,2007,1.608
per,2008,1.905
per,2009,2.877
per,2010,1.406
per,2011,2.263
per,2012,1.582
per,2013,2.169
per,2014,1.673
per,2015,1.615
per,2016,2.804
per,2017,3.296
per,2018,1.536
per,2019,2.224
per,2020,2.967
per,2021,3.535
per,2022,3.528
per,2023,3.583
per,2024,4.335
phl,1985,1.329
phl,1987,8.457
phl,1988,7.818
phl,1989,7.91
phl,1990,6.25
phl,1991,8.543
phl,1992,6.242
phl,1993,5.913
phl,1994,6.061
phl,1995,6.642
phl,1996,6.428
phl,1997,6.323
phl,1998,7.29
phl,1999,5.761
phl,2001,0.24
phl,2003,0.281
phl,2004,0.222
phl,2005,0.178
phl,2006,0.238
phl,2007,0.224
phl,2008,0.178
phl,2009,0.164
phl,2010,0.126
phl,2011,0.169
phl,2012,0.114
phl,2013,0.258
phl,2014,0.22
phl,2015,0.209
phl,2016,0.246
phl,2017,0.242
phl,2018,0.196
phl,2019,0.451
phl,2020,0.517
phl,2021,0.465
phl,2022,0.322
phl,2023,0.261
plw,1995,11.321
pol,1997,1.984
pol,1998,2.22
pol,1999,2.225
pol,2000,0.763
pol,2001,2.092
pol,2002,3.089
pol,2003,2.064
pol,2004,2.572
pol,2005,2.913
pol,2006,1.439
pol,2007,1.756
pol,2008,1.774
pol,2010,1.451
pol,2011,1.591
pol,2012,1.998
pol,2013,2.037
pol,2014,2.234
pol,2015,1.467
pol,2016,1.81
pol,2017,1.262
pol,2018,0.986
pol,2019,0.782
pol,2020,1.061
pol,2021,0.288
pol,2022,0.622
pol,2023,0.912
pol,2024,0.656
pri,1976,8.25
pri,1977,9.077
pri,1978,3.771
pri,1979,4.262
pri,1981,9.911
pri,1983,5.273
pri,1984,5.635
pri,1985,5.742
pri,1987,4.94
pri,1988,5.263
pri,1991,9.091
pri,1992,4.348
pri,1993,4.348
pri,1995,4.545
pri,1996,4.545
pri,1997,3.704
pri,1998,4.167
pri,1999,4.545
pri,2002,4
pri,2003,3.571
pri,2006,6.667
pri,2007,3.333
pri,2020,11.757
prt,1978,0.763
prt,1979,0.885
prt,1980,0.463
prt,1981,1.087
prt,1982,0.581
prt,1984,2.067
prt,1985,2.87
prt,1987,0.954
prt,1988,0.888
prt,1994,1.48
prt,1997,0.557
prt,2001,0.451
prt,2005,0.259
prt,2007,0.341
prt,2008,0.256
prt,2009,0.365
prt,2010,0.291
prt,2011,0.642
prt,2012,1.352
prt,2013,1.314
prt,2014,1.638
prt,2015,2.221
prt,2016,1.71
prt,2017,2.413
prt,2018,1.408
prt,2019,1.516
prt,2020,1.313
prt,2021,1.364
prt,2022,1.781
prt,2023,2.25
prt,2024,1.943
prt,2025,2.173
pry,1994,1.537
pry,1999,1.835
pry,2001,3.053
pry,2002,4.405
pry,2003,4.755
pry,2004,1.769
pry,2005,1.599
pry,2007,1.984
pry,2011,2.219
pry,2012,1.519
pry,2013,1.013
pry,2014,1.562
pry,2015,2.049
pry,2016,2.945
pry,2017,2.34
pry,2018,3.561
pry,2019,2.506
pry,2020,2.089
pry,2021,3.426
pry,2022,2.672
pry,2023,2.854
pry,2024,2.623
pse,2000,2.215
pse,2001,2.719
pse,2002,8.286
pse,2003,4.495
pse,2004,5.845
pse,2005,3.118
pse,2006,2.165
pse,2007,3.076
pse,2008,3.705
pse,2009,7.626
pse,2010,7.933
pse,2011,2.459
pse,2012,2.795
pse,2013,3.76
pse,2014,2.705
pse,2015,5.929
pse,2016,3.947
pse,2017,5.434
pse,2018,2.042
pse,2019,3.579
pse,2020,4.854
pse,2021,6.207
pse,2022,5.04
pse,2024,12.086
pse,2025,11.854
pyf,2002,0.461
pyf,2007,1.664
pyf,2012,1.646
reu,1990,9.005
reu,2016,2.9
rou,2006,0.2
rou,2007,0.244
rou,2008,0.135
rou,2014,0.206
rou,2015,0.143
rou,2020,0.669
rou,2021,2.677
rou,2022,2.173
rou,2023,2.903
rou,2024,3.529
rus,2010,3.424
rus,2011,3.099
rus,2012,3.14
rus,2013,2.998
rus,2014,2.808
rus,2015,2.719
rus,2016,3.202
rus,2017,2.962
rus,2018,2.462
rus,2019,2.862
rus,2020,2.48
rus,2021,2.275
rus,2022,2.17
rus,2023,1.862
rus,2024,1.677
rwa,1996,0.237
rwa,2017,3.269
rwa,2018,4.198
rwa,2019,2.569
rwa,2020,3.87
rwa,2021,5.131
rwa,2022,5.581
rwa,2023,4.723
rwa,2024,4.318
sau,2020,0.444
sau,2021,0.658
sau,2022,0.243
sau,2024,0.313
sdn,2008,11.007
sdn,2009,14
sdn,2011,6.663
sen,2006,3.438
sen,2015,2.604
sen,2022,1.632
sgp,1984,1.008
sgp,1985,1.984
sgp,1986,4.274
sgp,1987,0.749
sgp,1988,1.587
sgp,1989,0.776
sgp,1991,0.7
sgp,1992,0.58
sgp,1993,1.68
sgp,1994,0.51
sgp,1995,0.6
sgp,1996,1.85
sgp,1997,1.56
sgp,1998,1.08
sgp,1999,4.52
sgp,2001,1.84
sgp,2002,3.52
sgp,2003,3.39
sgp,2004,2.8
sgp,2005,5.417
sgp,2006,3.83
sgp,2007,2.69
sgp,2008,3.89
sgp,2009,5
sgp,2010,3.11
sgp,2011,3.88
sgp,2012,4.754
sgp,2013,4.116
sgp,2014,3.543
sgp,2015,4.539
sgp,2016,4.131
sgp,2017,3.917
sgp,2018,4.589
sgp,2019,4.02
sgp,2020,5.506
sgp,2021,4.338
sgp,2022,3.468
sgp,2023,2.928
sgp,2024,2.716
shn,1998,6.667
sle,2004,1.588
sle,2014,1.532
sle,2018,2.307
slv,1996,5.739
slv,1997,9.175
slv,1998,4.6
slv,1999,2.7
slv,2002,3.444
slv,2003,8.797
slv,2004,8.855
slv,2006,9.828
slv,2007,8.782
slv,2009,8.414
slv,2010,1.412
slv,2011,0.826
slv,2012,1.701
slv,2013,1.372
slv,2014,1.312
slv,2015,2.06
slv,2016,2.025
slv,2017,1.864
slv,2018,0.996
slv,2019,1.397
slv,2020,1.135
slv,2021,1.836
slv,2024,0.687
smr,1985,2.273
smr,1986,4.687
smr,1988,0.901
smr,1989,0
smr,1991,15.833
smr,1992,17.5
smr,1997,0
smr,2006,2.564
smr,2007,2.632
smr,2009,4
smr,2016,1.754
smr,2017,5.556
smr,2018,3.846
smr,2019,1.587
smr,2021,2.632
srb,2005,1.164
srb,2006,1.121
srb,2007,0.966
srb,2012,3.51
srb,2014,0.721
srb,2015,0.97
srb,2016,0.689
srb,2017,1.439
srb,2018,0.866
srb,2019,0.705
srb,2020,0.527
srb,2021,0.567
srb,2022,1.031
srb,2023,1.694
srb,2024,0.742
ssd,2008,1.842
sur,2011,100
svk,1998,15.424
svk,1999,3.912
svk,2000,8.068
svk,2001,12.828
svk,2002,7.913
svk,2004,7.538
svk,2005,7.252
svk,2008,2.047
svk,2010,5.102
svk,2013,5.65
svk,2014,3.434
svk,2015,2.682
svk,2016,2.01
svk,2017,1.985
svk,2022,2.517
svk,2023,0.504
svn,1991,0.706
svn,2021,3.12
svn,2022,3.536
svn,2023,4.042
svn,2024,7.719
swe,2006,1.65
swe,2007,1.134
swe,2008,1.781
swe,2009,1.973
swe,2010,1.64
swe,2011,1.722
swe,2012,1.742
swe,2013,1.571
swe,2014,2.164
swe,2015,2.22
swe,2016,2.271
swe,2017,2.386
swe,2018,2.414
swe,2019,2.232
swe,2020,1.72
swe,2021,2.465
swe,2022,3.253
swe,2023,2.725
swe,2024,3.466
swz,1995,4.265
swz,2016,11.572
swz,2023,15.07
syc,1994,1.047
syc,2011,4.405
syr,2002,1.319
syr,2003,2.111
syr,2007,0.516
syr,2009,2.606
syr,2010,0.652
tgo,2006,2.025
tgo,2010,0.824
tha,2009,0.203
tha,2011,0.085
tha,2012,0.016
tha,2014,0.036
tha,2017,0.051
tha,2019,0.03
tha,2020,0.066
tha,2021,0.06
tha,2022,0.014
tha,2023,0.027
tls,2007,2.127
tls,2015,0.789
tls,2022,0.175
tto,1987,8.421
tto,1988,7.595
tto,1989,4.286
tto,1990,7.895
tto,1991,1.389
tto,1993,5.882
tto,1995,4.918
tto,1996,5.263
tto,1998,4.918
tto,1999,5.882
tto,2000,6.154
tto,2002,1.786
tto,2005,1.37
tto,2007,1.587
tun,1989,7.174
tun,2005,0.48
tun,2006,1.516
tun,2007,1.408
tun,2008,1.344
tun,2009,1.136
tun,2010,3.004
tun,2011,1.456
tun,2012,1.174
tun,2013,1.372
tun,2015,0.793
tun,2016,1.599
tun,2017,0.905
tun,2019,1.952
tun,2022,3.518
tun,2023,2.24
tur,1988,1.635
tur,1989,1.276
tur,2000,0.661
tur,2001,1.054
tur,2002,0.966
tur,2003,0.798
tur,2004,1.443
tur,2005,1.098
tur,2006,1.047
tur,2007,1.167
tur,2008,1.173
tur,2009,1.838
tur,2010,2.084
tur,2011,1.63
tur,2012,1.201
tur,2013,1.514
tur,2014,2.545
tur,2015,3.071
tur,2016,3.202
tur,2017,2.562
tur,2018,3.236
tur,2019,3.624
tur,2020,3.278
tur,2021,3.859
tur,2022,4.07
tur,2023,3.13
tur,2024,3.49
twn,1978,0.19
twn,1979,3.448
twn,1981,0.05
twn,1983,1.538
twn,1984,0.14
twn,1985,0.23
twn,1986,0.25
twn,1987,0.15
twn,1988,0.1
twn,1989,0.27
twn,1990,0.04
twn,1991,0.14
twn,1992,0.05
twn,1993,0.12
twn,1994,0.13
twn,1995,0.13
twn,1996,0.17
twn,1997,0.32
twn,1998,0.17
twn,1999,0.33
twn,2000,0.28
twn,2001,0.05
twn,2002,0.15
twn,2003,0.15
twn,2004,0.08
twn,2005,0.53
twn,2006,0.23
twn,2007,0.16
twn,2008,0.22
twn,2009,0.18
twn,2010,0.19
twn,2011,0.18
twn,2012,0.19
twn,2013,0.17
twn,2014,0.13
twn,2015,0.14
twn,2016,0.14
twn,2017,0.13
twn,2018,0.14
twn,2019,0.42
twn,2020,0.36
tza,2001,0.824
tza,2006,0.565
tza,2011,1.57
tza,2013,0.021
tza,2014,0.238
tza,2020,0.513
ukr,2004,0.37
ukr,2005,0.1
ukr,2009,0
ukr,2010,0
ukr,2013,0
ukr,2014,0.11
ukr,2015,0.45
ukr,2016,0.66
ukr,2017,0.6
ukr,2020,0.109
ukr,2021,0.376
ury,1991,0.355
ury,1994,3.136
ury,1995,3.293
ury,1998,2.865
ury,1999,5.608
ury,2000,5.533
ury,2001,6.263
ury,2002,4.037
ury,2003,6.767
ury,2004,4.279
ury,2005,4.396
ury,2006,5.126
ury,2007,4.363
ury,2008,2.654
ury,2009,3.213
ury,2010,2.818
ury,2011,2.554
ury,2012,2.691
ury,2013,2.078
ury,2014,1.805
ury,2015,2.571
ury,2016,2.527
ury,2017,2.027
ury,2018,2.64
ury,2019,3.135
ury,2020,3.142
ury,2021,2.21
ury,2022,2.316
ury,2023,2.993
ury,2024,3.373
usa,1948,3.4
usa,1949,5.1
usa,1950,4.8
usa,1951,3.5
usa,1952,3
usa,1953,2.4
usa,1954,4.4
usa,1955,4
usa,1956,3.5
usa,1957,3.4
usa,1958,5.2
usa,1959,4.8
usa,1960,4.2
usa,1961,5.5
usa,1962,4.6
usa,1963,4.5
usa,1964,4
usa,1965,3.5
usa,1966,3.1
usa,1967,2.8
usa,1968,2.8
usa,1969,2.2
usa,1970,3.3
usa,1971,3.4
usa,1972,3.6
usa,1973,3
usa,1974,3.3
usa,1975,5.4
usa,1976,5.1
usa,1977,5.2
usa,1978,4.2
usa,1979,3.4
usa,1980,3.1
usa,1981,2.9
usa,1982,3.7
usa,1983,3.9
usa,1984,3
usa,1985,3.1
usa,1986,3.2
usa,1987,2.6
usa,1988,2.5
usa,1989,2.4
usa,1990,3
usa,1991,3.3
usa,1992,3.3
usa,1993,3.2
usa,1994,3.999
usa,1995,4.178
usa,1996,3.273
usa,1997,2.976
usa,1998,3.065
usa,1999,2.993
usa,2000,3.319
usa,2001,2.957
usa,2002,3.441
usa,2003,3.992
usa,2004,3.717
usa,2005,3.45
usa,2006,2.828
usa,2007,3.4
usa,2008,4.463
usa,2009,6.689
usa,2010,7.078
usa,2011,6.539
usa,2012,6.151
usa,2013,5.527
usa,2014,4.559
usa,2015,3.812
usa,2016,3.757
usa,2017,3.383
usa,2018,3.208
usa,2019,2.895
usa,2020,6.854
usa,2021,4.342
usa,2022,3.059
usa,2023,2.764
usa,2024,3.164
usa,2025,3.352
vct,1991,6.356
ven,2001,3.838
ven,2005,6.246
ven,2006,4.324
ven,2007,3.033
ven,2008,2.711
ven,2009,3.017
ven,2010,3.373
ven,2011,2.634
ven,2012,2.549
ven,2016,2.218
ven,2017,2.239
ven,2020,20.275
vgb,1991,0.549
vnm,2004,0.342
vnm,2007,0.13
vnm,2010,0.056
vnm,2011,0.055
vnm,2015,0.237
vnm,2016,0.309
vnm,2017,0.215
vnm,2018,0.039
vnm,2019,0.371
vnm,2020,0.41
vnm,2021,0.559
vnm,2022,0.1
vnm,2023,0.21
vnm,2024,0.11
vut,2009,0.836
vut,2020,0.314
wsm,2001,0.364
wsm,2006,0.126
wsm,2014,1.685
yem,1994,5.85
yem,1999,3.115
yem,2010,10.63
yem,2014,1.241
zaf,2000,13.051
zaf,2001,8.441
zaf,2002,6.951
zaf,2003,5.392
zaf,2004,8.913
zaf,2005,5.726
zaf,2006,6.203
zaf,2007,5.679
zaf,2008,7.686
zaf,2009,3.381
zaf,2010,3.499
zaf,2011,3.888
zaf,2012,2.987
zaf,2013,3.94
zaf,2014,3.818
zaf,2015,3.25
zaf,2016,3.077
zaf,2017,3.232
zaf,2018,3.412
zaf,2019,4.457
zaf,2020,5.369
zaf,2021,4.628
zaf,2022,3.387
zaf,2023,3.016
zaf,2024,3.797
zmb,2000,3.734
zmb,2012,1.288
zmb,2021,0.952
zmb,2023,1.655
zwe,1997,0.547
zwe,1999,0.716
zwe,2011,1.703
zwe,2014,1.22
zwe,2019,1.552
zwe,2021,1.44
zwe,2022,2.324
zwe,2023,1.956
zwe,2024,2.092
