geo,time,aged_65plus_unemployment_rate_percent
abw,1991,4.938
abw,2007,5.201
abw,2010,7.376
abw,2011,2.9
afg,2008,4.005
afg,2012,0.958
afg,2014,5.742
afg,2017,7.68
afg,2020,8.627
afg,2021,4.73
ago,2004,8.002
ago,2009,0.788
ago,2010,0.767
ago,2011,3.155
ago,2014,1.36
ago,2019,1.342
ago,2020,0.967
ago,2021,1.074
ago,2022,1.351
ago,2023,19.977
ago,2024,5.157
alb,2008,4.963
alb,2009,7.813
alb,2010,3.21
alb,2013,1.76
alb,2014,1.588
alb,2015,1.184
alb,2016,1.678
alb,2017,2.783
alb,2018,1.036
alb,2019,1.005
alb,2020,0.896
alb,2021,2.389
alb,2022,3.968
alb,2023,1.506
ant,2004,11.822
ant,2005,8.553
ant,2006,11.635
ant,2007,5.582
ant,2008,1.61
ant,2009,6.414
ant,2011,5.134
are,2016,1.692
are,2020,1.025
are,2021,0.259
are,2022,0.402
are,2023,0.958
are,2024,1.26
arg,2004,10.381
arg,2005,9.248
arg,2006,7.488
arg,2008,5.102
arg,2009,5.617
arg,2010,4.692
arg,2011,3.742
arg,2012,2.863
arg,2013,3.044
arg,2014,3.385
arg,2017,4.471
arg,2018,6.234
arg,2019,4.972
arg,2020,4.013
arg,2021,3.305
arg,2022,3.899
arg,2023,2.877
arg,2024,1.305
arm,2001,12.74
arm,2008,10.85
arm,2009,5.961
arm,2010,6.098
arm,2011,6.785
arm,2012,7.716
arm,2013,5.662
arm,2014,6.81
arm,2015,8.584
arm,2016,8.46
arm,2017,9.049
arm,2018,4.212
arm,2019,3.629
arm,2020,3.614
arm,2021,3.172
arm,2022,4.746
arm,2023,3.939
asm,1990,1.208
atg,2001,3.39
aus,1979,1.617
aus,1980,1.353
aus,1981,1.495
aus,1982,1.142
aus,1983,1.517
aus,1984,1.46
aus,1985,1.604
aus,1986,1.339
aus,1987,1.094
aus,1988,1.269
aus,1989,1.536
aus,1990,1.605
aus,1991,1.77
aus,1992,2.087
aus,1993,1.978
aus,1994,1.814
aus,1995,1.472
aus,1996,1.673
aus,1997,1.599
aus,1998,1.151
aus,1999,0.916
aus,2000,1.024
aus,2001,1.442
aus,2002,0.925
aus,2003,0.875
aus,2004,0.909
aus,2005,1.007
aus,2006,1.331
aus,2007,1.173
aus,2008,1.011
aus,2009,1.266
aus,2010,1.528
aus,2011,1.148
aus,2012,1.616
aus,2013,1.511
aus,2014,2.224
aus,2015,1.515
aus,2016,1.545
aus,2017,1.424
aus,2018,1.498
aus,2019,1.94
aus,2020,2.295
aus,2021,2.12
aus,2022,1.953
aus,2023,1.764
aus,2024,1.997
aut,1983,0.546
aut,1986,1.25
aut,1987,1.333
aut,1988,0.73
aut,1989,0.658
aut,1991,11.679
aut,1998,5.64
aut,2004,1.002
aut,2005,1.033
aut,2006,0.507
aut,2007,0.441
aut,2009,0.603
aut,2010,0.308
aut,2011,0.525
aut,2012,0.401
aut,2014,0.808
aut,2015,0.468
aut,2016,0.495
aut,2017,0.847
aut,2018,0.689
aut,2019,0.561
aut,2020,0.424
aut,2021,1.053
aut,2022,1.134
aut,2023,1.784
aut,2024,2.096
aze,1999,32.329
aze,2019,1.617
aze,2021,2.665
bdi,1990,0.286
bel,2007,1.254
bel,2008,1.205
bel,2012,1.366
bel,2013,0.989
bel,2015,0.867
bel,2016,1.713
bel,2017,1.601
bel,2019,1.724
bel,2022,2.491
bel,2023,3.06
bel,2024,2.188
ben,1992,0.402
ben,2002,0.226
ben,2011,0.956
ben,2013,0.616
bfa,2006,1.059
bfa,2014,2.454
bfa,2023,4.356
bfa,2024,2.442
bgd,2003,0.987
bgd,2005,3.418
bgd,2006,3.243
bgd,2010,3.636
bgd,2011,0.471
bgd,2013,0.718
bgd,2016,0.9
bgd,2022,0.759
bgd,2023,0.505
bgd,2024,0.492
bgr,2000,2.84
bgr,2001,8.31
bgr,2002,5.207
bgr,2003,1.91
bgr,2005,1.194
bgr,2006,2.874
bgr,2007,2.456
bgr,2008,2.267
bgr,2009,1.95
bgr,2010,6.343
bgr,2011,3.173
bgr,2013,3.829
bgr,2014,4.999
bgr,2015,3.772
bgr,2016,3.033
bgr,2017,2.531
bgr,2018,3.008
bgr,2019,2.902
bgr,2020,2.332
bgr,2021,3.01
bgr,2022,2.043
bgr,2023,2.086
bgr,2024,2.277
bhr,1991,2.81
bhs,1990,1.61
bhs,1994,11.133
bhs,1998,3.226
bhs,2003,3.067
bhs,2005,3.563
bhs,2008,2.986
bhs,2009,4.5
bhs,2011,32.718
bhs,2012,7.089
bhs,2023,5.677
bih,2006,2.14
bih,2007,2.683
bih,2012,3.148
bih,2014,3.481
bih,2016,8.687
bih,2020,1.045
bih,2021,3.568
bih,2022,1.206
bih,2023,0.949
bih,2024,1.25
blr,1999,0.55
blr,2009,3.211
blr,2016,3.043
blr,2017,6.65
blr,2018,4.471
blr,2019,6.476
blr,2020,4.408
blr,2021,4.96
blr,2022,3.655
blr,2023,3.277
blr,2024,2.333
blz,1994,5.263
blz,2012,8.144
blz,2013,4.726
blz,2014,1.703
blz,2015,3.166
blz,2019,2.298
bmu,1991,3.581
bmu,2000,1.002
bmu,2010,1.489
bmu,2012,2.91
bmu,2014,2
bol,1986,30.264
bol,1987,18.448
bol,1995,3.334
bol,1996,2.282
bol,1997,0.49
bol,2000,0.762
bol,2009,1.549
bol,2011,0.827
bol,2012,0.797
bol,2013,0.62
bol,2014,0.541
bol,2015,0.507
bol,2016,0.79
bol,2017,0.674
bol,2018,0.5
bol,2019,0.731
bol,2020,2.076
bol,2021,0.979
bol,2022,0.667
bol,2023,0.474
bol,2024,0.447
bra,1989,0.5
bra,1990,0.871
bra,1992,1.121
bra,1995,1.624
bra,1996,1.992
bra,1997,3.206
bra,1998,3.442
bra,1999,2.445
bra,2001,2.159
bra,2002,2.356
bra,2003,2.61
bra,2004,1.467
bra,2005,2.594
bra,2006,1.779
bra,2007,1.736
bra,2008,1.507
bra,2009,2.216
bra,2011,1.62
bra,2012,1.386
bra,2013,1.196
bra,2014,1.257
bra,2015,1.732
bra,2016,2.351
bra,2017,3.103
bra,2018,3.339
bra,2019,3.427
bra,2020,3.327
bra,2021,3.439
bra,2022,2.836
bra,2023,2.314
bra,2024,2.336
brb,1992,4.167
brb,1994,5
brb,1995,5
brb,1996,7.143
brb,2003,4.348
brb,2009,4.3
brb,2010,3.2
brb,2013,2
brb,2014,0.9
brb,2017,2.529
brb,2019,1.622
brb,2021,5.996
btn,2010,5.5
btn,2012,0.033
bwa,1985,9.455
bwa,1991,3.65
bwa,1996,8.017
bwa,2006,2.792
bwa,2010,0.286
bwa,2011,4.723
bwa,2013,0.932
bwa,2019,4.589
bwa,2020,3.048
bwa,2021,5.429
bwa,2022,6.001
bwa,2023,9.216
bwa,2024,6.908
can,1976,2.162
can,1977,2.177
can,1978,1.863
can,1979,1.958
can,1980,1.651
can,1981,1.802
can,1982,2.685
can,1983,2.225
can,1984,2.1
can,1985,2.023
can,1986,2.443
can,1987,2.71
can,1988,2.18
can,1989,1.896
can,1990,1.611
can,1991,3.929
can,1992,4.896
can,1993,5.298
can,1994,5.087
can,1995,4.251
can,1996,3.832
can,1997,3.094
can,1998,2.76
can,1999,2.745
can,2000,2.651
can,2001,3.314
can,2002,3.167
can,2003,3.417
can,2004,3.218
can,2005,3.415
can,2006,4.637
can,2007,3.397
can,2008,2.96
can,2009,4.398
can,2010,4.83
can,2011,4.721
can,2012,4.827
can,2013,4.495
can,2014,4.288
can,2015,4.523
can,2016,4.776
can,2017,5.078
can,2018,4.316
can,2019,4.161
can,2020,7.86
can,2021,8.009
can,2022,4.805
can,2023,4.133
can,2024,4.238
can,2025,4.247
che,1996,1.461
che,1999,2.335
che,2003,0.663
che,2004,0.398
che,2005,0.536
che,2006,0.916
che,2007,0.947
che,2008,1.117
che,2009,0.74
che,2010,0.825
che,2011,0.848
che,2012,0.835
che,2013,0.516
che,2014,0.663
che,2015,1.592
che,2016,0.536
che,2017,0.557
che,2018,0.965
che,2019,0.814
che,2020,1.179
che,2021,0.817
che,2022,0.672
che,2023,1.357
che,2024,1.498
chl,1983,4.839
chl,1984,2.644
chl,1986,0.854
chl,1988,1.088
chl,1989,0.924
chl,1990,1.178
chl,1991,1.188
chl,1992,1.618
chl,1993,0.974
chl,1994,1.359
chl,1995,0.91
chl,1996,4.553
chl,1998,5.517
chl,2000,4.767
chl,2003,4.359
chl,2006,2.962
chl,2009,3.401
chl,2010,2.983
chl,2011,2.857
chl,2012,2.455
chl,2013,2.137
chl,2014,2.886
chl,2015,2.813
chl,2016,2.548
chl,2017,2.672
chl,2018,2.442
chl,2019,2.607
chl,2020,4.34
chl,2021,4.316
chl,2022,3.995
chl,2023,4.681
chl,2024,5.016
chl,2025,5.084
chn,2000,0.228
civ,2012,1.369
civ,2013,0.894
cmr,2005,0.959
cmr,2010,0.18
cmr,2014,0.31
cod,2005,0.775
cod,2012,2.088
cod,2016,1.028
cod,2020,0.553
cog,2005,4.497
cog,2009,21.219
cok,2011,0.408
col,1991,3.306
col,1992,3.266
col,1996,2.945
col,2001,5.71
col,2002,5.865
col,2003,6.017
col,2004,4.593
col,2005,3.722
col,2007,3.895
col,2008,3.767
col,2009,4.35
col,2010,4.508
col,2011,4.571
col,2012,4.09
col,2013,3.562
col,2014,3.675
col,2015,3.421
col,2016,3.536
col,2017,3.099
col,2018,3.677
col,2019,4.397
col,2020,6.832
col,2021,6.68
col,2022,5.184
col,2023,4.359
col,2024,4.187
col,2025,3.822
com,2004,3.415
com,2014,1.049
cpv,1990,19.272
cpv,2009,6.25
cpv,2015,12.372
cpv,2017,0.859
cpv,2019,0.9
cri,2001,1.269
cri,2002,2.433
cri,2003,2.338
cri,2004,2.158
cri,2005,3.616
cri,2006,3.819
cri,2008,1.937
cri,2009,2.57
cri,2010,5.289
cri,2011,2.341
cri,2012,3.832
cri,2013,3.363
cri,2014,2.783
cri,2015,1.859
cri,2016,1.995
cri,2017,1.788
cri,2018,2.138
cri,2019,3.828
cri,2020,4.823
cri,2021,5.176
cri,2022,2.269
cri,2023,1.276
cri,2024,1.175
cri,2025,1.432
cub,2009,0
cub,2010,0
cym,2005,6.875
cym,2006,2.162
cym,2007,5
cym,2008,10.938
cym,2011,9.148
cym,2012,9.266
cym,2013,13.268
cym,2014,4.686
cym,2015,3.1
cyp,1992,0.221
cyp,2012,1.106
cyp,2013,5.394
cyp,2014,1.825
cyp,2015,1.181
cyp,2016,2.291
cyp,2017,1.321
cyp,2018,1.141
cyp,2019,1.104
cyp,2020,1.32
cyp,2021,1.106
cyp,2022,1.694
cyp,2023,1.627
cyp,2024,1.8
cze,1993,5.721
cze,1994,2.974
cze,1995,4.265
cze,1996,4.208
cze,1997,3.372
cze,1998,6.082
cze,1999,5.373
cze,2000,2.939
cze,2001,4.469
cze,2002,3.91
cze,2003,3.74
cze,2004,2.431
cze,2005,3.022
cze,2006,2.53
cze,2007,1.132
cze,2008,0.827
cze,2009,0.608
cze,2010,1.487
cze,2011,1.429
cze,2012,2.884
cze,2013,1.518
cze,2014,1.25
cze,2015,1.104
cze,2016,0.795
cze,2017,0.918
cze,2018,0.887
cze,2019,0.462
cze,2020,0.17
cze,2021,0.284
cze,2022,0.718
cze,2023,0.459
cze,2024,1.067
deu,1983,0.287
deu,1985,0.496
deu,1986,0.946
deu,1987,1.48
deu,1988,0.658
deu,1989,0.496
deu,1990,0.464
deu,1991,1.075
deu,1992,0.953
deu,1993,0.913
deu,1994,0.988
deu,1995,0.892
deu,1996,0.945
deu,1997,1.078
deu,1998,0.856
deu,1999,1.036
deu,2000,0.713
deu,2001,0.488
deu,2002,0.447
deu,2003,0.87
deu,2004,0.812
deu,2005,0.732
deu,2008,1.451
deu,2011,1.524
deu,2012,0.874
deu,2013,0.794
deu,2014,0.814
deu,2015,0.895
deu,2016,0.604
deu,2017,0.793
deu,2018,0.806
deu,2019,0.773
deu,2020,0.684
deu,2021,1.07
deu,2022,1.037
deu,2023,1.07
deu,2024,1.302
dji,2017,10.363
dma,1997,10.559
dma,2001,2.096
dnk,1983,0.82
dnk,1984,2.499
dnk,1987,1.67
dnk,1989,1.978
dnk,1990,2.409
dnk,1991,3.388
dnk,1992,1.748
dnk,1993,2.217
dnk,1996,4.605
dnk,1998,3.097
dnk,2007,1.932
dnk,2008,0.644
dnk,2010,0.932
dnk,2011,0.799
dnk,2012,0.536
dnk,2013,0.35
dnk,2014,0.334
dnk,2015,0.692
dnk,2016,1.02
dnk,2017,0.95
dnk,2018,1.003
dnk,2019,1.612
dnk,2020,1.877
dnk,2021,2.798
dnk,2022,2.356
dnk,2023,2.313
dnk,2024,3.171
dom,2000,0.989
dom,2001,1.394
dom,2002,0.914
dom,2003,1.122
dom,2004,0.751
dom,2005,0.716
dom,2006,0.585
dom,2007,0.448
dom,2008,0.409
dom,2009,1.027
dom,2010,1.169
dom,2011,0.502
dom,2012,0.547
dom,2014,1.008
dom,2015,0.806
dom,2016,1.061
dom,2017,0.65
dom,2018,0.482
dom,2020,0.531
dom,2021,0.659
dom,2022,0.605
dom,2023,0.501
dom,2024,0.554
ecu,1996,2.797
ecu,1997,2.988
ecu,1998,5.061
ecu,2000,1.109
ecu,2001,1.264
ecu,2003,3.381
ecu,2004,1.569
ecu,2005,0.933
ecu,2006,0.922
ecu,2007,1.08
ecu,2008,0.811
ecu,2009,0.696
ecu,2010,0.693
ecu,2011,0.396
ecu,2012,0.512
ecu,2013,0.436
ecu,2014,0.539
ecu,2015,0.474
ecu,2016,0.96
ecu,2017,0.626
ecu,2018,0.426
ecu,2019,0.393
ecu,2020,0.859
ecu,2021,0.647
ecu,2022,0.593
ecu,2023,0.431
ecu,2024,0.465
ecu,2025,0.597
esp,1977,0.465
esp,1978,0.54
esp,1979,0.386
esp,1980,0.84
esp,1981,1.35
esp,1982,1.072
esp,1983,0.934
esp,1984,0.717
esp,1985,1.79
esp,1986,2.723
esp,1987,1.754
esp,1988,1.484
esp,1989,1.558
esp,1990,1.234
esp,1991,1.609
esp,1992,3.277
esp,1993,1.769
esp,1994,2.351
esp,1995,1.97
esp,1996,1.411
esp,1997,1.623
esp,1999,1.004
esp,2000,1.711
esp,2001,1.496
esp,2002,1.585
esp,2003,2.04
esp,2004,1.613
esp,2005,2.325
esp,2007,2.534
esp,2008,1.051
esp,2009,3.982
esp,2010,6.886
esp,2011,1.968
esp,2012,1.85
esp,2013,3.514
esp,2014,8.805
esp,2015,2.513
esp,2016,3.768
esp,2017,3.789
esp,2018,4.144
esp,2019,4.023
esp,2020,5.539
esp,2021,2.887
esp,2022,6.595
esp,2023,6.307
esp,2024,8.406
esp,2025,5.549
est,1999,5.242
est,2001,10.939
est,2005,1.974
est,2006,2.112
est,2008,2.044
est,2009,3.964
est,2010,3.194
est,2011,4.027
est,2012,4.007
est,2013,2.871
est,2014,2.927
est,2015,3.972
est,2016,2.574
est,2017,2.298
est,2018,4.029
est,2019,2.19
est,2020,3.41
est,2021,1.257
est,2022,1.087
est,2023,2.845
est,2024,2.27
eth,1999,1.366
eth,2005,0.832
eth,2013,0.648
eth,2021,0.727
fin,1985,0
fin,1986,8.333
fin,1988,4.545
fin,2013,1.75
fin,2015,2.61
fin,2016,2.611
fin,2017,2.164
fin,2018,0.731
fin,2019,3.081
fin,2021,2.493
fin,2022,2.371
fin,2023,3.57
fin,2024,3.306
fji,1996,5.137
fji,2007,3.137
fji,2014,0.279
fji,2024,1.298
fra,1983,1.185
fra,1986,0.875
fra,1987,1.168
fra,1988,0.898
fra,1989,1.451
fra,1991,1.561
fra,1995,1.83
fra,1996,1.543
fra,2006,1.999
fra,2007,2.128
fra,2008,3.411
fra,2009,3.897
fra,2010,2.753
fra,2011,2.052
fra,2012,1.524
fra,2013,2.865
fra,2014,3
fra,2015,2.464
fra,2016,2.858
fra,2017,3.167
fra,2018,2.856
fra,2019,3.085
fra,2020,3.339
fra,2021,4.279
fra,2022,3.91
fra,2023,4.08
fra,2024,3.895
fro,2005,5.248
fro,2008,1.042
fro,2009,4.119
fro,2010,0.855
fro,2011,2.692
fro,2012,3.406
fro,2013,5.552
gab,1993,4.579
gbm,2006,0.092
gbm,2016,0.426
gbr,1983,2.959
gbr,1984,4.336
gbr,1985,6.18
gbr,1986,7.489
gbr,1987,6.01
gbr,1988,5.027
gbr,1989,6.321
gbr,1990,3.902
gbr,1991,5.015
gbr,1992,4.44
gbr,1993,4.229
gbr,1994,3.24
gbr,1995,2.611
gbr,1996,3.161
gbr,1997,3.341
gbr,1998,2.616
gbr,1999,2.282
gbr,2000,1.632
gbr,2001,1.921
gbr,2002,2.817
gbr,2003,1.985
gbr,2004,2.312
gbr,2005,2.312
gbr,2006,2.168
gbr,2007,1.984
gbr,2008,2.196
gbr,2009,2.885
gbr,2010,2.489
gbr,2011,2.478
gbr,2012,2.337
gbr,2013,2.09
gbr,2014,2.007
gbr,2015,1.751
gbr,2016,1.472
gbr,2017,1.577
gbr,2018,1.433
gbr,2019,1.497
gbr,2020,1.991
gbr,2021,2.424
gbr,2022,1.907
gbr,2023,1.703
gbr,2024,2.527
geo,1999,2.059
geo,2000,2.171
geo,2001,1.662
geo,2002,1.773
geo,2003,1.306
geo,2004,1.409
geo,2005,1.268
geo,2007,1.203
geo,2008,1.947
geo,2009,1.702
geo,2010,0.986
geo,2011,1.089
geo,2012,1.247
geo,2013,2.24
geo,2014,1.276
geo,2015,1.218
geo,2016,2.246
geo,2017,3.639
geo,2018,3.282
geo,2019,2.371
geo,2020,2.757
geo,2021,2.155
geo,2022,1.13
geo,2023,1.294
geo,2024,1.504
gha,1991,0.988
gha,2000,14.342
gha,2006,1.406
gha,2010,1.292
gha,2013,0.256
gha,2015,3.253
gha,2017,0.44
gha,2021,1.988
gha,2022,0.503
gha,2023,1.06
gha,2024,0.221
gin,2002,1.895
gin,2014,2.874
gin,2019,2.774
glp,2016,1.5
gmb,2012,4.923
gmb,2023,1.417
grc,1981,0.261
grc,1982,0.609
grc,1987,0.285
grc,1988,0.469
grc,1989,0.407
grc,1990,0.449
grc,1991,0.685
grc,1992,0.924
grc,1993,0.874
grc,1994,0.742
grc,1995,0.938
grc,1996,1.151
grc,1997,0.949
grc,1998,2.188
grc,1999,1.432
grc,2000,1.001
grc,2001,1.441
grc,2002,1.41
grc,2003,1.133
grc,2004,1.128
grc,2005,1.661
grc,2006,1.129
grc,2007,1.033
grc,2008,0.868
grc,2009,0.876
grc,2010,1.604
grc,2011,2.917
grc,2012,4.643
grc,2013,9.418
grc,2014,12.071
grc,2015,10.709
grc,2016,13.553
grc,2017,11.916
grc,2018,11.21
grc,2019,9.116
grc,2020,8.374
grc,2021,7.831
grc,2022,7.754
grc,2023,7.271
grc,2024,5.887
grd,1991,3.774
grd,1994,9.559
grd,1996,3.763
grd,1998,2.487
grd,2019,5.446
grd,2023,3.566
gtm,2002,0.682
gtm,2003,0.888
gtm,2004,1.528
gtm,2006,0.274
gtm,2010,1.718
gtm,2011,1.288
gtm,2013,1.42
gtm,2014,0.693
gtm,2016,0.215
gtm,2017,0.432
gtm,2018,0.32
gtm,2021,0.411
gtm,2023,2.023
gtm,2024,0.595
guf,1990,13.687
guf,2016,5.1
guy,2002,5.773
guy,2018,3.969
guy,2019,3.635
hkg,1985,1.644
hkg,1986,1.695
hkg,1987,0.695
hkg,1988,0.284
hkg,1989,0.148
hkg,1991,0.158
hkg,1992,0.73
hkg,1993,1.18
hkg,1994,1.45
hkg,1995,1.41
hkg,1996,0.43
hkg,1997,0.48
hkg,1998,0.96
hkg,2000,1.147
hkg,2001,1.43
hkg,2002,3.3
hkg,2003,2.12
hkg,2004,2.96
hkg,2005,1.32
hkg,2006,0.873
hkg,2007,0.457
hkg,2008,0.693
hkg,2009,1.52
hkg,2010,1.352
hkg,2011,1.061
hkg,2012,0.763
hkg,2013,1.378
hkg,2014,2.504
hkg,2015,1.805
hkg,2016,1.906
hkg,2017,1.872
hkg,2018,1.446
hkg,2019,1.485
hkg,2020,3.589
hkg,2021,3.305
hkg,2022,2.678
hkg,2023,1.661
hkg,2024,2.15
hnd,2005,0.619
hnd,2006,0.78
hnd,2007,0.434
hnd,2008,0.446
hnd,2009,0.402
hnd,2010,0.731
hnd,2011,0.562
hnd,2013,0.76
hnd,2014,1.13
hnd,2015,1.815
hnd,2016,2.235
hnd,2017,0.725
hnd,2018,1.483
hnd,2019,0.927
hnd,2020,6.567
hnd,2021,5.416
hnd,2022,3.859
hnd,2023,2.206
hnd,2024,1.334
hnd,2025,1.05
hrv,2011,1.203
hrv,2014,4.164
hrv,2017,4.166
hrv,2020,2.536
hrv,2021,5.537
hrv,2022,2.615
hrv,2023,0.827
hrv,2024,3.4
hti,1990,3.79
hti,2003,12.907
hun,1996,7.17
hun,1997,13.565
hun,1998,21.142
hun,2005,3.263
hun,2006,1.253
hun,2007,0.724
hun,2008,1.28
hun,2009,1.145
hun,2010,0.585
hun,2011,0.689
hun,2012,2.872
hun,2013,2.372
hun,2014,2.136
hun,2015,2.461
hun,2016,1.67
hun,2017,0.441
hun,2018,0.606
hun,2019,1.328
hun,2020,1.837
hun,2021,2.828
hun,2022,2.039
hun,2023,2.363
hun,2024,2.512
idn,1991,0.099
idn,1992,0.1
idn,1993,0.098
idn,1994,0.225
idn,1996,0.162
idn,1997,0.17
idn,2001,0.917
idn,2003,2.568
idn,2004,3.276
idn,2005,1.633
idn,2006,0.563
idn,2007,0.627
idn,2008,0.13
idn,2009,0.077
idn,2010,0.845
idn,2015,0.06
idn,2016,0.167
idn,2017,0.169
idn,2018,0.255
idn,2019,0.148
idn,2020,0.296
idn,2021,0.238
idn,2022,0.122
idn,2023,0.182
ind,2005,0.972
ind,2010,0.796
ind,2012,0.835
ind,2018,1.942
ind,2019,1.427
ind,2020,2.404
ind,2021,1.832
ind,2022,1.471
ind,2023,0.967
ind,2024,0.811
irl,1983,2.698
irl,1984,2.737
irl,1985,3.419
irl,1986,2.154
irl,1987,2.988
irl,1988,2.543
irl,1989,2.326
irl,1990,2.559
irl,1991,2.661
irl,1992,2.568
irl,1993,2.29
irl,1994,3.12
irl,1995,1.437
irl,1996,2.699
irl,1997,1.429
irl,1998,0.792
irl,1999,0.589
irl,2002,0.679
irl,2003,0.506
irl,2004,0.941
irl,2007,0.711
irl,2008,0.407
irl,2009,1.069
irl,2010,1.946
irl,2011,1.276
irl,2012,1.582
irl,2013,2.131
irl,2014,1.777
irl,2015,1.895
irl,2016,1.849
irl,2017,1.589
irl,2018,1.407
irl,2019,1.27
irl,2020,1.673
irl,2021,2.784
irl,2022,2.544
irl,2023,1.069
irn,2005,2.273
irn,2006,1.409
irn,2007,1.187
irn,2008,1.042
irn,2009,1.396
irn,2010,1.69
irn,2011,1.857
irn,2012,0.649
irn,2013,1.32
irn,2014,1.09
irn,2015,0.924
irn,2016,1.721
irn,2017,2
irn,2018,1.688
irn,2019,1.374
irn,2020,1.047
irn,2021,0.908
irn,2022,1.495
irn,2023,0.875
irn,2024,1.209
irq,2007,2.557
irq,2012,2.059
irq,2014,6.905
irq,2016,8.637
irq,2017,8.616
irq,2021,2.079
isl,1999,4.389
isl,2000,3.813
isl,2006,1.99
isl,2007,1.857
isl,2008,1.629
isl,2009,2.471
isl,2010,3.557
isl,2011,4.123
isl,2012,3.334
isl,2013,2.901
isl,2014,1.765
isl,2018,1.666
isl,2019,1.126
isl,2020,1.396
isl,2021,2.282
isl,2022,1.14
isl,2023,1.299
isr,1987,1.492
isr,1988,1.264
isr,1989,1.873
isr,2012,4.104
isr,2013,3.653
isr,2014,3.541
isr,2015,3.231
isr,2016,2.968
isr,2017,2.722
isr,2018,2.357
isr,2019,2.175
isr,2020,2.156
isr,2021,2.684
isr,2022,2.478
isr,2023,2.119
isr,2024,1.308
ita,1983,3.011
ita,1984,0.601
ita,1985,0.681
ita,1986,0.773
ita,1987,0.778
ita,1988,0.834
ita,1989,0.428
ita,1990,0.817
ita,1991,0.748
ita,1992,1.061
ita,1993,3.602
ita,1994,1.697
ita,1995,2.71
ita,1996,2.804
ita,1997,2.449
ita,1998,1.857
ita,1999,1.676
ita,2000,1.955
ita,2001,1.935
ita,2002,1.651
ita,2003,1.885
ita,2004,1.933
ita,2005,1.228
ita,2006,1.323
ita,2007,0.66
ita,2008,1.613
ita,2009,1.045
ita,2010,1.16
ita,2011,1.07
ita,2012,1.835
ita,2013,1.74
ita,2014,1.31
ita,2015,1.787
ita,2016,1.903
ita,2017,1.848
ita,2018,2.167
ita,2019,2.154
ita,2020,1.854
ita,2021,2.56
ita,2022,2.626
ita,2023,2.064
ita,2024,1.939
jam,1975,6.818
jam,1976,8.968
jam,1978,7.969
jam,1981,7.134
jam,1982,7.32
jam,1988,2.791
jam,1990,3.771
jam,1994,5.638
jam,1998,2.478
jam,2003,3.745
jam,2004,2.273
jam,2008,1.567
jam,2009,1.337
jam,2010,1.174
jam,2011,1.348
jam,2012,1.906
jam,2013,1.845
jam,2014,1.112
jam,2016,1.236
jam,2017,1.376
jam,2018,1.305
jam,2019,1.029
jam,2020,1.163
jam,2021,0.862
jam,2022,1.104
jam,2023,0.703
jor,2000,3.3
jor,2001,0.3
jor,2002,0.2
jor,2003,1.6
jor,2005,1.5
jor,2006,0.6
jor,2007,1.8
jor,2008,1
jor,2009,3
jor,2010,2.1
jor,2011,0.4
jor,2012,2.5
jor,2013,0.6
jor,2014,2.9
jor,2017,2.607
jor,2018,0.995
jor,2019,2.756
jor,2020,2.442
jor,2021,0.57
jpn,1968,0.9
jpn,1969,0.4
jpn,1970,0.4
jpn,1971,0.9
jpn,1972,0.9
jpn,1973,0.8
jpn,1974,0.8
jpn,1975,1.2
jpn,1976,1.6
jpn,1977,1.6
jpn,1978,1.5
jpn,1979,1.5
jpn,1980,1.4
jpn,1981,1.7
jpn,1982,1.7
jpn,1983,1.7
jpn,1984,1.7
jpn,1985,1.7
jpn,1986,1.3
jpn,1987,1.3
jpn,1988,1.2
jpn,1989,0.9
jpn,1990,0.8
jpn,1991,1
jpn,1992,1
jpn,1993,1
jpn,1994,1.4
jpn,1995,1.3
jpn,1996,1.5
jpn,1997,1.5
jpn,1998,2.1
jpn,1999,2.2
jpn,2000,2.283
jpn,2001,2.45
jpn,2002,2.14
jpn,2003,2.432
jpn,2004,2.135
jpn,2005,2.034
jpn,2006,2.111
jpn,2007,1.911
jpn,2008,2.117
jpn,2009,2.531
jpn,2010,2.518
jpn,2011,2.189
jpn,2012,2.258
jpn,2013,2.221
jpn,2014,2.232
jpn,2015,2.01
jpn,2016,1.974
jpn,2017,1.794
jpn,2018,1.542
jpn,2019,1.569
jpn,2020,1.759
jpn,2021,1.921
jpn,2022,1.608
jpn,2023,1.7
jpn,2024,1.7
jpn,2025,1.9
kaz,2002,0.24
kaz,2012,0.073
kaz,2015,0.306
kaz,2017,0.4
kaz,2020,0.6
ken,1999,1.242
ken,2005,1.913
ken,2019,0.677
ken,2021,0.902
ken,2022,1.714
kgz,2002,2.474
kgz,2004,0.619
kgz,2005,0.884
kgz,2006,1.312
kgz,2009,0.8
kgz,2010,1.052
kgz,2011,0.975
kgz,2015,1.556
kgz,2018,0.556
kgz,2020,0.857
kgz,2021,0.394
kgz,2022,0.265
kgz,2023,0.165
khm,1996,0.64
khm,1998,2.861
khm,2009,1.207
khm,2014,1.424
khm,2016,1.253
kir,2020,2.591
kna,1980,1.895
kna,1991,2.111
kna,2001,1.152
kor,2000,0.628
kor,2001,0.475
kor,2002,0.499
kor,2003,0.426
kor,2004,0.642
kor,2005,0.67
kor,2006,0.629
kor,2007,0.609
kor,2008,0.754
kor,2009,0.936
kor,2010,1.938
kor,2011,1.625
kor,2012,1.595
kor,2013,1.512
kor,2014,1.559
kor,2015,2.253
kor,2016,2.239
kor,2017,2.694
kor,2018,2.891
kor,2019,3.288
kor,2020,3.622
kor,2021,3.693
kor,2022,2.892
kor,2023,2.658
kor,2024,2.955
kor,2025,2.893
kos,2012,16.726
kos,2013,3.767
kos,2014,11.996
kos,2015,8.976
kos,2016,17.081
kos,2017,9.147
kos,2018,4.036
kos,2019,3.953
kos,2020,6.362
kos,2021,7.693
kos,2023,4.684
kos,2024,21.796
lao,2010,0.712
lao,2015,6.096
lbn,2004,4.855
lbn,2007,4.955
lbn,2019,2.836
lbr,2010,1.343
lbr,2017,2.119
lby,2012,4.8
lca,2003,17.697
lca,2004,15.218
lca,2016,7.164
lca,2017,5.578
lca,2018,7.277
lca,2019,4.611
lca,2020,9.463
lca,2021,5.205
lca,2022,6.132
lca,2023,8.982
lca,2024,3.636
lka,2009,0.25
lka,2010,0.469
lka,2012,0.498
lka,2013,0.479
lka,2015,0.302
lka,2016,0.302
lka,2017,0.511
lka,2018,0.522
lka,2019,0.539
lka,2020,0.407
lka,2021,0.261
lka,2022,0.637
lka,2023,0.33
lso,1999,28.404
lso,2008,42.988
lso,2013,12.759
lso,2019,4.886
lso,2024,3.598
ltu,2003,7.362
ltu,2008,2.821
ltu,2009,2.476
ltu,2010,2.088
ltu,2011,1.059
ltu,2012,0.747
ltu,2013,1.347
ltu,2014,1.521
ltu,2015,1.021
ltu,2016,1.391
ltu,2017,0.629
ltu,2018,0.997
ltu,2019,0.539
ltu,2020,0.84
ltu,2021,0.265
ltu,2022,0.692
ltu,2023,1.019
ltu,2024,1.057
lva,1998,6.624
lva,1999,6.878
lva,2004,4.484
lva,2005,6.003
lva,2006,2.335
lva,2007,2.589
lva,2008,0.847
lva,2009,2.903
lva,2010,4.701
lva,2011,2.255
lva,2012,2.929
lva,2013,3.529
lva,2014,1.766
lva,2015,3.093
lva,2016,1.813
lva,2017,4.282
lva,2022,1.899
mac,1992,12.278
mac,1996,2.778
mac,1997,3.125
mac,1998,2.632
mac,2000,4
mac,2002,3.125
mac,2006,2.778
mac,2011,0.2
mac,2013,0.9
mac,2014,0.9
mac,2015,0.7
mac,2016,1.19
mac,2017,0.549
mac,2018,0.546
mac,2019,0.937
mac,2020,1.61
mar,1982,7.17
mar,2011,0.312
mar,2012,0.416
mar,2021,1.5
mar,2022,0.911
mco,2016,3.413
mda,2000,0.301
mda,2002,0.383
mda,2003,0.182
mdg,2003,7.18
mdg,2005,2.468
mdg,2010,6.573
mdg,2022,1.357
mdv,1995,0.342
mdv,2000,0.872
mdv,2014,1.792
mdv,2016,3.878
mex,2002,0.675
mex,2003,0.67
mex,2004,0.897
mex,2005,1.099
mex,2006,1.102
mex,2007,1.091
mex,2008,1.197
mex,2009,1.48
mex,2010,1.574
mex,2011,1.592
mex,2012,1.51
mex,2013,1.549
mex,2014,1.35
mex,2015,1.158
mex,2016,0.984
mex,2017,0.986
mex,2018,0.933
mex,2019,0.946
mex,2020,1.586
mex,2021,1.289
mex,2022,0.976
mex,2023,0.789
mex,2024,0.759
mhl,2021,1.901
mkd,2002,2.678
mkd,2003,2.114
mkd,2005,2.825
mkd,2006,3.773
mkd,2007,3.3
mkd,2008,9.954
mkd,2009,12.641
mkd,2010,7.477
mkd,2011,7.081
mkd,2012,9.418
mkd,2013,7.426
mkd,2014,6.811
mkd,2016,1.339
mkd,2017,1.424
mkd,2018,1.796
mkd,2021,1.041
mli,2009,1.395
mli,2010,3.734
mli,2014,4.576
mlt,2015,2.856
mmr,2014,0.609
mne,2012,3.211
mne,2013,4.132
mne,2014,5.371
mne,2015,2.653
mne,2016,3.535
mne,2017,1.822
mne,2018,2.178
mne,2019,3.986
mne,2021,4.114
mne,2023,1.444
mne,2024,2.341
mng,2021,1.071
mng,2024,2.997
mnp,2003,20.968
moz,2015,0.337
moz,2022,0.764
mrt,2012,4.405
mrt,2017,3.747
mrt,2019,2.856
msr,2001,18.18
mtq,2016,13.1
mus,1995,3.402
mus,2011,2.653
mus,2014,1.221
mus,2016,0.733
mus,2023,2.502
mwi,2011,0.517
mwi,2013,1.405
mwi,2017,1.503
mys,1970,1.166
mys,1980,0.665
mys,1991,0.2
nam,1997,2.4
nam,2004,4.298
nam,2010,4.027
nam,2012,0.989
nam,2014,0.837
nam,2016,3.276
nam,2018,0.68
ncl,2014,0.491
ner,2001,0.71
nga,1986,1.727
nga,2013,0.834
nga,2019,0.746
nga,2022,1.245
nga,2023,1.488
nga,2024,1.286
nic,1989,5.361
nic,2006,1.833
nic,2012,1.437
nld,1977,2.232
nld,1979,1.519
nld,2002,0.757
nld,2004,3.585
nld,2005,2.271
nld,2006,4.063
nld,2007,1.065
nld,2008,3.884
nld,2009,2.03
nld,2010,1.158
nld,2011,3.644
nld,2012,3.845
nld,2013,3.641
nld,2014,5.201
nld,2015,5.238
nld,2016,2.745
nld,2017,3.516
nld,2018,3.463
nld,2019,2.488
nld,2020,2.108
nld,2021,3.194
nld,2022,4.062
nld,2023,3.272
nld,2024,2.695
nld_curacao,2014,2.2
nld_curacao,2015,7.867
nld_curacao,2018,6.7
nld_curacao,2020,15.4
nor,1984,1.245
nor,1985,1.311
nor,1986,1.312
nor,1987,1.25
nor,1988,1.409
nor,1989,1.449
nor,1995,2.213
nor,1996,1.889
nor,1998,1.732
nor,2000,2.668
nor,2001,4.068
nor,2005,1.296
nor,2007,1.207
nor,2009,1.493
nor,2010,1.149
nor,2011,1.021
nor,2013,1.395
nor,2015,1.356
nor,2016,1.478
nor,2017,0.923
nor,2019,1.232
nor,2020,2.16
nor,2021,1.251
nor,2022,1.07
nor,2023,1.509
nor,2024,1.215
npl,2017,2.451
nzl,1986,1.599
nzl,1987,1.519
nzl,1988,1.602
nzl,1989,3.413
nzl,1990,2.462
nzl,1991,2.328
nzl,1993,1.343
nzl,1994,1.672
nzl,1996,0.835
nzl,1997,0.883
nzl,1998,0.901
nzl,1999,1.486
nzl,2000,1.518
nzl,2001,1.135
nzl,2002,1.831
nzl,2003,1.126
nzl,2004,1.018
nzl,2005,1.449
nzl,2006,1.681
nzl,2007,0.847
nzl,2008,1.149
nzl,2009,1.418
nzl,2010,1.592
nzl,2011,1.673
nzl,2012,1.6
nzl,2013,1.604
nzl,2014,1.582
nzl,2015,1.554
nzl,2016,1.22
nzl,2017,1.153
nzl,2018,1.65
nzl,2019,1.427
nzl,2020,1.89
nzl,2021,1.132
nzl,2022,1.1
nzl,2023,1.676
nzl,2024,2.178
nzl,2025,1.735
omn,2017,19.555
omn,2018,0
omn,2020,0
omn,2024,1.7
pak,1991,11.204
pak,1992,11.243
pak,1993,10.181
pak,1994,9.048
pak,1995,12.845
pak,1997,13.954
pak,1998,14.23
pak,2000,16.952
pak,2002,16.924
pak,2004,14.506
pak,2012,4.053
pak,2013,1.519
pak,2015,8.12
pak,2016,1.347
pak,2018,2.9
pak,2019,2.067
pak,2020,3.558
pak,2021,0.867
pak,2025,0.738
pan,2009,2.917
pan,2010,1.113
pan,2011,0.842
pan,2012,0.579
pan,2013,0.999
pan,2016,0.901
pan,2017,0.653
pan,2018,1.177
pan,2019,1.398
pan,2020,1.82
pan,2021,3.018
pan,2022,1.093
pan,2023,0.748
pan,2024,2.12
per,1996,6.552
per,1997,4.237
per,1998,2.729
per,1999,1.645
per,2001,2.241
per,2002,2.688
per,2003,2.16
per,2004,1.73
per,2005,1.864
per,2006,1.49
per,2007,1.498
per,2008,1.929
per,2009,2.023
per,2010,1.412
per,2011,1.659
per,2012,1.08
per,2013,1.517
per,2014,1.303
per,2015,1.751
per,2016,2.118
per,2017,2.338
per,2018,1.237
per,2019,1.66
per,2020,2.494
per,2021,2.54
per,2022,2.969
per,2023,2.843
per,2024,3.372
phl,1985,1.405
phl,1987,9.172
phl,1988,8.272
phl,1989,8.22
phl,1990,7.461
phl,1991,9.698
phl,1992,6.701
phl,1993,6.357
phl,1994,6.656
phl,1995,7.511
phl,1996,6.635
phl,1997,6.599
phl,1998,7.047
phl,1999,5.866
phl,2001,0.195
phl,2003,0.224
phl,2004,0.193
phl,2005,0.176
phl,2006,0.203
phl,2007,0.192
phl,2008,0.169
phl,2009,0.121
phl,2010,0.122
phl,2011,0.147
phl,2012,0.112
phl,2013,0.189
phl,2014,0.189
phl,2015,0.176
phl,2016,0.217
phl,2017,0.214
phl,2018,0.175
phl,2019,0.293
phl,2020,0.348
phl,2021,0.408
phl,2022,0.326
phl,2023,0.263
plw,1995,14.11
png,2000,0.444
pol,1997,1.979
pol,1998,1.935
pol,1999,1.929
pol,2000,0.831
pol,2001,2.205
pol,2002,2.93
pol,2003,1.813
pol,2004,2.236
pol,2005,2.308
pol,2006,1.518
pol,2007,1.996
pol,2008,1.56
pol,2009,0.906
pol,2010,1.9
pol,2011,1.535
pol,2012,1.793
pol,2013,1.894
pol,2014,1.964
pol,2015,1.669
pol,2016,1.647
pol,2017,1.072
pol,2018,0.856
pol,2019,0.656
pol,2020,0.956
pol,2021,0.512
pol,2022,0.847
pol,2023,0.937
pol,2024,0.722
pri,1976,7.322
pri,1977,8.221
pri,1978,3.245
pri,1979,3.726
pri,1981,8.503
pri,1992,3.571
pri,1993,3.333
pri,1995,3.333
pri,1996,3.448
pri,1997,2.703
pri,1998,2.941
pri,1999,3.03
pri,2000,2.632
pri,2002,2.703
pri,2003,2.439
pri,2005,2.564
pri,2006,2.174
pri,2007,2.326
pri,2008,2.439
pri,2020,12.588
prt,1980,0.629
prt,1981,1.079
prt,1982,0.758
prt,1984,1.791
prt,1985,2.371
prt,1986,0.485
prt,1987,0.653
prt,1988,0.822
prt,1994,0.922
prt,1997,0.447
prt,1999,0.231
prt,2001,0.292
prt,2004,0.339
prt,2005,0.214
prt,2006,0.063
prt,2007,0.222
prt,2008,0.15
prt,2009,0.355
prt,2010,0.54
prt,2011,1.017
prt,2012,1.579
prt,2013,1.225
prt,2014,1.753
prt,2015,2.494
prt,2016,1.99
prt,2017,2.361
prt,2018,1.821
prt,2019,1.955
prt,2020,1.45
prt,2021,2.073
prt,2022,1.864
prt,2023,2.863
prt,2024,2.297
prt,2025,2.247
pry,1999,1.189
pry,2001,2.485
pry,2002,2.792
pry,2003,3.782
pry,2004,1.272
pry,2005,0.951
pry,2007,1.729
pry,2011,1.838
pry,2012,1.006
pry,2013,1.296
pry,2014,1.911
pry,2015,1.364
pry,2016,2.196
pry,2017,2.028
pry,2018,2.596
pry,2019,1.835
pry,2020,1.642
pry,2021,2.762
pry,2022,1.926
pry,2023,2.396
pry,2024,1.997
pse,2000,2.087
pse,2001,2.38
pse,2002,7.309
pse,2003,3.835
pse,2004,4.934
pse,2005,2.696
pse,2006,1.813
pse,2007,2.325
pse,2008,3.083
pse,2009,7.377
pse,2010,6.747
pse,2011,2.065
pse,2012,2.301
pse,2013,3.11
pse,2014,2.141
pse,2015,5.062
pse,2016,3.991
pse,2017,4.746
pse,2018,2.114
pse,2019,3.208
pse,2020,4.492
pse,2021,5.899
pse,2022,4.578
pse,2024,11.09
pse,2025,11.158
pyf,2002,0.334
pyf,2007,1.249
pyf,2012,1.18
reu,1990,10.829
reu,2016,1.9
rou,2006,0.11
rou,2007,0.136
rou,2008,0.081
rou,2009,0.043
rou,2010,0.111
rou,2014,0.102
rou,2015,0.178
rou,2017,0.199
rou,2018,0.139
rou,2019,0.215
rou,2020,0.4
rou,2021,2.555
rou,2022,1.977
rou,2023,2.762
rou,2024,3.701
rus,2010,3.633
rus,2011,2.848
rus,2012,3.084
rus,2013,2.71
rus,2014,2.861
rus,2015,2.842
rus,2016,3.125
rus,2017,3.349
rus,2018,2.723
rus,2019,2.65
rus,2020,2.436
rus,2021,2.295
rus,2022,1.836
rus,2023,1.882
rus,2024,1.782
rwa,1996,0.156
rwa,2017,2.345
rwa,2018,3.238
rwa,2019,2.341
rwa,2020,4.69
rwa,2021,4.912
rwa,2022,4.925
rwa,2023,3.979
rwa,2024,4.359
sau,2020,0.532
sau,2021,0.811
sau,2022,0.28
sau,2023,0.4
sau,2024,0.318
sdn,2008,12.155
sdn,2009,15
sdn,2011,6.683
sen,2002,1.711
sen,2006,4.432
sen,2015,2.092
sen,2022,1.061
sgp,1984,0.978
sgp,1986,3.794
sgp,1987,1.152
sgp,1989,1.186
sgp,1991,1.12
sgp,1992,0.93
sgp,1993,1.38
sgp,1994,0.82
sgp,1995,0.47
sgp,1996,1.54
sgp,1997,1.59
sgp,1998,0.83
sgp,1999,4.24
sgp,2001,1.4
sgp,2002,3.74
sgp,2003,2.86
sgp,2004,3.37
sgp,2005,5.247
sgp,2006,3.69
sgp,2007,2.71
sgp,2008,3.26
sgp,2009,4.67
sgp,2010,2.92
sgp,2011,3.01
sgp,2012,4.378
sgp,2013,3.704
sgp,2014,3.37
sgp,2015,4.156
sgp,2016,3.869
sgp,2017,3.413
sgp,2018,3.785
sgp,2019,3.739
sgp,2020,5.348
sgp,2021,3.851
sgp,2022,3.455
sgp,2023,2.854
sgp,2024,2.591
shn,1998,7.407
sle,2004,1.492
sle,2014,1.695
sle,2018,1.481
slv,1996,2.002
slv,1997,6.761
slv,1998,3.551
slv,1999,1.875
slv,2002,2.336
slv,2003,6.352
slv,2004,6.536
slv,2006,6.645
slv,2007,6.011
slv,2009,6.212
slv,2010,1.081
slv,2011,0.601
slv,2012,1.15
slv,2013,0.992
slv,2014,0.855
slv,2015,1.595
slv,2016,1.371
slv,2017,1.183
slv,2018,0.701
slv,2019,0.913
slv,2020,0.715
slv,2021,1.276
slv,2023,0.351
slv,2024,0.438
smr,1985,6.436
smr,1997,0
smr,2006,1.724
smr,2007,1.818
smr,2009,4.167
smr,2015,1.038
smr,2016,2.083
smr,2017,4.124
smr,2018,3.261
smr,2019,1.835
smr,2020,2.419
smr,2021,3.378
smr,2022,1.724
som,2019,5.62
srb,2005,0.69
srb,2006,0.998
srb,2007,0.956
srb,2012,3.039
srb,2013,0.946
srb,2014,0.71
srb,2015,0.964
srb,2016,0.762
srb,2017,1.504
srb,2018,0.785
srb,2019,0.689
srb,2020,0.422
srb,2021,0.49
srb,2022,0.772
srb,2023,1.396
srb,2024,0.794
ssd,2008,1.837
stp,2012,29.862
stp,2017,6.204
svk,1998,10.09
svk,1999,8.144
svk,2000,14.575
svk,2001,10.215
svk,2002,12.599
svk,2003,5.096
svk,2004,7.665
svk,2005,9.113
svk,2007,2.783
svk,2008,1.622
svk,2010,4.725
svk,2011,5.333
svk,2012,4.419
svk,2013,4.646
svk,2014,3.496
svk,2015,2.706
svk,2016,2.457
svk,2017,1.869
svk,2018,0.689
svk,2020,0.962
svk,2021,0.911
svk,2022,1.622
svk,2023,0.439
svn,1991,0.953
svn,1996,5.883
svn,2021,2.566
svn,2022,4.752
svn,2023,5.688
svn,2024,7.862
swe,2004,1.648
swe,2005,1.563
swe,2006,2.197
swe,2007,1.732
swe,2008,2.066
swe,2009,2.451
swe,2010,2.071
swe,2011,2.014
swe,2012,2.625
swe,2013,2.027
swe,2014,2.792
swe,2015,2.433
swe,2016,2.46
swe,2017,2.826
swe,2018,2.746
swe,2019,2.344
swe,2020,1.938
swe,2021,2.919
swe,2022,3.201
swe,2023,3.367
swe,2024,3.934
swz,1995,4.952
swz,2016,7.1
swz,2021,7.911
swz,2023,13.308
syc,1994,1.115
syc,2002,3.195
syc,2011,2.203
syr,2002,1.322
syr,2003,2.896
syr,2007,0.63
syr,2009,3.552
syr,2010,0.625
syr,2011,5.972
tgo,2006,1.517
tgo,2010,0.874
tha,2009,0.195
tha,2010,0.015
tha,2011,0.058
tha,2012,0.01
tha,2014,0.026
tha,2015,0.052
tha,2017,0.052
tha,2019,0.024
tha,2020,0.04
tha,2021,0.052
tha,2022,0.03
tha,2023,0.033
tha,2024,0.025
tls,2007,1.558
tls,2013,0.712
tls,2015,0.789
tls,2021,0.658
tls,2022,0.205
tto,1987,7.254
tto,1988,5.769
tto,1989,4.21
tto,1990,7.216
tto,1991,1.961
tto,1993,5
tto,1995,4.396
tto,1996,4.396
tto,1998,4.819
tto,1999,5.263
tto,2000,4.301
tto,2002,2.41
tto,2005,1.98
tto,2006,1.031
tto,2007,2.128
tto,2010,2.649
tun,1989,7.442
tun,2005,0.414
tun,2006,1.435
tun,2007,1.29
tun,2008,1.427
tun,2009,1.024
tun,2010,3.006
tun,2011,1.397
tun,2012,1.098
tun,2013,1.308
tun,2015,0.775
tun,2016,1.458
tun,2017,0.847
tun,2019,2.077
tun,2021,0.163
tun,2022,3.115
tun,2023,2.207
tur,1988,1.436
tur,1989,1.082
tur,2000,0.504
tur,2001,0.782
tur,2002,0.794
tur,2003,0.682
tur,2004,1.091
tur,2005,0.834
tur,2006,0.844
tur,2007,0.837
tur,2008,1.017
tur,2009,1.397
tur,2010,1.538
tur,2011,1.198
tur,2012,0.915
tur,2013,1.125
tur,2014,2.107
tur,2015,2.464
tur,2016,2.559
tur,2017,2.155
tur,2018,2.749
tur,2019,3.127
tur,2020,2.746
tur,2021,3.033
tur,2022,3.227
tur,2023,2.686
tur,2024,2.896
twn,1978,3.226
twn,1979,3.077
twn,1981,1.492
twn,1982,1.471
twn,1985,1.099
twn,1989,0.826
twn,2005,0.633
twn,2009,1.546
twn,2019,0.344
twn,2020,0.31
tza,2001,0.649
tza,2006,0.975
tza,2011,1.363
tza,2013,0.078
tza,2014,0.214
tza,2020,0.318
tza,2024,0.3
uga,2012,1.266
ukr,2004,0.51
ukr,2005,0.11
ukr,2009,0
ukr,2010,0
ukr,2013,0
ukr,2014,0.1
ukr,2015,0.25
ukr,2016,0.29
ukr,2017,0.3
ukr,2018,0.152
ukr,2019,0.098
ukr,2020,0.112
ukr,2021,0.272
ury,1991,0.243
ury,1994,4.251
ury,1995,5.709
ury,1998,2.961
ury,1999,4.619
ury,2000,5.332
ury,2001,7.32
ury,2002,5.215
ury,2003,8.649
ury,2004,5.045
ury,2005,4.265
ury,2006,5.297
ury,2007,4.318
ury,2008,2.797
ury,2009,3.394
ury,2010,3.219
ury,2011,2.719
ury,2012,2.731
ury,2013,2.249
ury,2014,2.124
ury,2015,2.691
ury,2016,2.798
ury,2017,2.035
ury,2018,2.831
ury,2019,3.382
ury,2020,3.262
ury,2021,2.605
ury,2022,2.849
ury,2023,3.118
ury,2024,3.008
usa,1948,3.2
usa,1949,4.9
usa,1950,4.5
usa,1951,3.4
usa,1952,2.9
usa,1953,2.2
usa,1954,4.1
usa,1955,3.6
usa,1956,3.2
usa,1957,3.4
usa,1958,4.8
usa,1959,4.3
usa,1960,3.8
usa,1961,5.1
usa,1962,4.5
usa,1963,4.1
usa,1964,3.8
usa,1965,3.3
usa,1966,3
usa,1967,2.8
usa,1968,2.8
usa,1969,2.2
usa,1970,3.2
usa,1971,3.5
usa,1972,3.6
usa,1973,3
usa,1974,3.4
usa,1975,5.2
usa,1976,5.1
usa,1977,5
usa,1978,4
usa,1979,3.4
usa,1980,3.1
usa,1981,3.2
usa,1982,3.5
usa,1983,3.7
usa,1984,3.3
usa,1985,3.2
usa,1986,3
usa,1987,2.5
usa,1988,2.7
usa,1989,2.6
usa,1990,3
usa,1991,3.3
usa,1992,3.8
usa,1993,3.2
usa,1994,3.967
usa,1995,3.938
usa,1996,3.5
usa,1997,3.21
usa,1998,3.166
usa,1999,3.084
usa,2000,3.071
usa,2001,2.949
usa,2002,3.649
usa,2003,3.828
usa,2004,3.579
usa,2005,3.481
usa,2006,2.899
usa,2007,3.27
usa,2008,4.228
usa,2009,6.438
usa,2010,6.689
usa,2011,6.537
usa,2012,6.221
usa,2013,5.346
usa,2014,4.623
usa,2015,3.832
usa,2016,3.827
usa,2017,3.587
usa,2018,3.26
usa,2019,2.97
usa,2020,7.494
usa,2021,4.448
usa,2022,2.967
usa,2023,2.815
usa,2024,3.122
usa,2025,3.335
vct,1991,4.9
ven,2001,3.345
ven,2005,5.365
ven,2006,3.739
ven,2007,2.579
ven,2008,2.272
ven,2009,2.366
ven,2010,2.729
ven,2011,2.148
ven,2012,2.051
ven,2016,1.712
ven,2017,1.619
ven,2020,21.187
vgb,1991,0.433
vnm,2004,0.286
vnm,2007,0.088
vnm,2010,0.05
vnm,2011,0.063
vnm,2012,0.056
vnm,2013,0.044
vnm,2014,0.078
vnm,2015,0.181
vnm,2016,0.273
vnm,2017,0.2
vnm,2018,0.044
vnm,2019,0.34
vnm,2020,0.327
vnm,2021,0.488
vnm,2022,0.069
vnm,2023,0.146
vnm,2024,0.149
vut,2009,0.985
vut,2020,0.218
wsm,2001,0.548
wsm,2006,0.085
wsm,2014,2.174
yem,1994,5.453
yem,1999,2.733
yem,2010,13.206
yem,2014,1.205
zaf,2000,16.317
zaf,2001,6.951
zaf,2002,7.511
zaf,2003,6.344
zaf,2004,7.885
zaf,2005,6.957
zaf,2006,6.296
zaf,2007,7.181
zaf,2008,7.716
zaf,2009,4.265
zaf,2010,3.25
zaf,2011,4.524
zaf,2012,3.695
zaf,2013,3.769
zaf,2014,3.175
zaf,2015,4.053
zaf,2016,3.015
zaf,2017,3.794
zaf,2018,2.827
zaf,2019,3.897
zaf,2020,5.267
zaf,2021,4.582
zaf,2022,4.673
zaf,2023,3.532
zaf,2024,3.169
zmb,2000,3.231
zmb,2008,2.882
zmb,2010,2.701
zmb,2012,0.84
zmb,2015,4.499
zmb,2017,0.494
zmb,2021,0.873
zmb,2023,1.217
zmb,2024,0.786
zwe,1997,0.298
zwe,1999,0.952
zwe,2004,0.704
zwe,2011,1.111
zwe,2014,0.876
zwe,2019,1.436
zwe,2021,1.479
zwe,2022,1.85
zwe,2023,1.147
zwe,2024,1.838
