geo,time,males_aged_25_54_unemployment_rate_percent
abw,1991,4.898
abw,2007,2.31
abw,2010,8.716
afg,2008,1.866
afg,2012,0.789
afg,2014,6.211
afg,2017,7.858
afg,2020,8.78
afg,2021,5.063
ago,2004,10.583
ago,2009,3.099
ago,2010,4.859
ago,2011,6.117
ago,2014,8.786
ago,2019,11.834
ago,2020,12.784
ago,2021,11.061
ago,2022,10.271
ago,2023,8.046
ago,2024,8.72
aia,2001,4.83
alb,2002,4.496
alb,2005,4.944
alb,2007,13.911
alb,2008,10.919
alb,2009,10.096
alb,2010,10.085
alb,2011,11.014
alb,2012,13.107
alb,2013,17.032
alb,2014,17.645
alb,2015,14.941
alb,2016,14.305
alb,2017,12.896
alb,2018,11.034
alb,2019,10.662
alb,2020,10.952
alb,2021,10.346
alb,2022,9.825
alb,2023,10.247
ant,1986,9.1
ant,1995,7.466
ant,1996,8.897
ant,1997,9.736
ant,1998,11.446
ant,2000,11.015
ant,2004,14.06
ant,2005,15.626
ant,2006,9.896
ant,2007,9.464
ant,2008,7.307
ant,2009,6.862
ant,2011,8.056
are,2005,1.734
are,2016,0.635
are,2017,0.88
are,2018,0.941
are,2019,0.916
are,2020,3.259
are,2021,1.622
are,2022,1.088
are,2023,1.102
are,2024,0.759
arg,2004,8.143
arg,2005,6.632
arg,2006,5.534
arg,2008,4.361
arg,2009,5.564
arg,2010,4.692
arg,2011,4.282
arg,2012,4.414
arg,2013,3.953
arg,2014,4.689
arg,2017,5.593
arg,2018,6.026
arg,2019,7.06
arg,2020,8.518
arg,2021,6.092
arg,2022,4.379
arg,2023,4.16
arg,2024,1.151
arm,2001,30.233
arm,2008,17.954
arm,2009,16.124
arm,2010,16.059
arm,2011,14.742
arm,2012,14.547
arm,2013,12.339
arm,2014,14.372
arm,2015,16.238
arm,2016,16.876
arm,2017,17.36
arm,2018,6.38
arm,2019,7.59
arm,2020,6.864
arm,2021,7.249
arm,2022,5.512
arm,2023,6.726
asm,1990,4.343
atg,2001,6.067
atg,2018,5.389
aus,1979,3.121
aus,1980,3.178
aus,1981,3.116
aus,1982,4.359
aus,1983,6.93
aus,1984,6.172
aus,1985,5.63
aus,1986,5.484
aus,1987,5.663
aus,1988,4.758
aus,1989,4.173
aus,1990,4.874
aus,1991,7.535
aus,1992,8.701
aus,1993,9.095
aus,1994,7.86
aus,1995,6.952
aus,1996,6.739
aus,1997,6.661
aus,1998,6.333
aus,1999,5.573
aus,2000,5.146
aus,2001,5.406
aus,2002,5.064
aus,2003,4.582
aus,2004,3.958
aus,2005,3.652
aus,2006,3.44
aus,2007,2.951
aus,2008,2.906
aus,2009,4.511
aus,2010,3.745
aus,2011,3.572
aus,2012,3.795
aus,2013,4.435
aus,2014,4.59
aus,2015,4.561
aus,2016,4.095
aus,2017,4.065
aus,2018,3.894
aus,2019,3.927
aus,2020,5.017
aus,2021,3.931
aus,2022,2.78
aus,2023,2.771
aus,2024,2.904
aut,1983,3.238
aut,1984,3.791
aut,1985,3.502
aut,1986,3.084
aut,1987,3.4
aut,1988,3.009
aut,1989,2.636
aut,1990,2.619
aut,1991,2.958
aut,1992,3.042
aut,1993,3.587
aut,1995,3.597
aut,1996,5.114
aut,1997,4.546
aut,1998,4.92
aut,1999,4.478
aut,2000,4.192
aut,2001,3.401
aut,2002,4.572
aut,2003,4.461
aut,2004,4.963
aut,2005,4.51
aut,2006,4.185
aut,2007,3.878
aut,2008,3.457
aut,2009,4.981
aut,2010,4.616
aut,2011,3.95
aut,2012,4.372
aut,2013,4.998
aut,2014,5.387
aut,2015,5.486
aut,2016,5.728
aut,2017,5.544
aut,2018,4.737
aut,2019,4.203
aut,2020,4.739
aut,2021,6.003
aut,2022,4.631
aut,2023,4.835
aut,2024,5.273
aze,1999,13.427
aze,2000,9.293
aze,2001,8.549
aze,2002,7.938
aze,2003,7.435
aze,2004,6.419
aze,2005,5.66
aze,2006,5.349
aze,2007,5.398
aze,2008,4.397
aze,2009,3.969
aze,2010,2.862
aze,2011,3.157
aze,2012,3.222
aze,2013,3.004
aze,2014,3.052
aze,2015,3.15
aze,2016,3.263
aze,2017,3.198
aze,2018,3.262
aze,2019,3.639
aze,2020,5.446
aze,2021,4.231
aze,2022,3.954
bdi,1990,0.66
bdi,2006,3.922
bdi,2014,1.681
bdi,2020,0.963
bel,1983,6.244
bel,1984,6.115
bel,1985,5.97
bel,1986,5.906
bel,1987,6.327
bel,1988,6.187
bel,1989,4.625
bel,1990,3.993
bel,1991,3.949
bel,1992,4.25
bel,1993,5.086
bel,1994,6.441
bel,1995,6.233
bel,1996,6.567
bel,1997,6.174
bel,1998,6.62
bel,1999,6.143
bel,2000,4.621
bel,2001,4.832
bel,2002,5.432
bel,2003,6.589
bel,2004,5.974
bel,2005,6.571
bel,2006,6.522
bel,2007,5.95
bel,2008,5.68
bel,2009,6.684
bel,2010,7.185
bel,2011,6.416
bel,2012,6.865
bel,2013,7.546
bel,2014,8.197
bel,2015,8.163
bel,2016,7.317
bel,2017,6.279
bel,2018,5.663
bel,2019,5.069
bel,2020,5.107
bel,2021,5.676
bel,2022,5.09
bel,2023,5.325
bel,2024,5.294
ben,1986,0.18
ben,1992,2.517
ben,2002,0.998
ben,2010,0.872
ben,2011,2.081
ben,2013,2.183
ben,2019,0.98
ben,2022,1.605
bfa,2006,2.388
bfa,2014,3.136
bfa,2018,4.288
bfa,2019,1.596
bfa,2022,1.357
bfa,2023,4.614
bfa,2024,2.033
bgd,1986,0.41
bgd,1989,0.48
bgd,1996,1.33
bgd,2000,1.16
bgd,2003,3.7
bgd,2005,2.071
bgd,2006,1.706
bgd,2010,2.238
bgd,2011,1.422
bgd,2013,1.857
bgd,2016,1.833
bgd,2017,2.035
bgd,2022,2.743
bgd,2023,2.164
bgd,2024,2.315
bgr,2000,14.584
bgr,2001,18.418
bgr,2002,16.849
bgr,2003,13.045
bgr,2004,11.302
bgr,2005,9.11
bgr,2006,7.731
bgr,2007,5.697
bgr,2008,4.656
bgr,2009,6.013
bgr,2010,9.843
bgr,2011,11.514
bgr,2012,12.396
bgr,2013,12.571
bgr,2014,11.384
bgr,2015,9.067
bgr,2016,7.588
bgr,2017,5.901
bgr,2018,5.349
bgr,2019,4.357
bgr,2020,5.207
bgr,2021,5.035
bgr,2022,4.133
bgr,2023,4.222
bgr,2024,4.34
bhr,1991,2.146
bhr,2001,7.17
bhr,2010,0.22
bhr,2011,0.244
bhr,2012,0.236
bhr,2015,0.068
bhs,1990,5.759
bhs,2007,4.69
bhs,2019,7.79
bhs,2023,7.912
bih,2001,12.635
bih,2006,25.695
bih,2007,23.571
bih,2008,18.697
bih,2009,20.51
bih,2010,22.925
bih,2011,23.161
bih,2012,23.152
bih,2013,23.633
bih,2014,22.861
bih,2015,22.971
bih,2016,19.649
bih,2017,17.314
bih,2018,16.034
bih,2019,13.137
bih,2020,12.573
bih,2021,11.535
bih,2022,9.87
bih,2023,8.365
bih,2024,8.13
blr,1999,5.923
blr,2009,6.471
blr,2016,7.191
blr,2017,6.74
blr,2018,5.28
blr,2019,4.504
blr,2020,3.957
blr,2021,4.269
blr,2022,3.646
blr,2023,3.445
blr,2024,2.762
blz,1994,5.944
blz,2012,4.998
blz,2013,3.912
blz,2014,2.709
blz,2015,3.828
blz,2016,2.563
blz,2017,3.373
blz,2018,3.339
blz,2019,3.697
bmu,1991,6.155
bmu,2000,2.207
bmu,2009,3.451
bmu,2010,6.295
bmu,2012,6.272
bmu,2014,8.634
bol,1986,22.306
bol,1987,23.455
bol,1995,2.705
bol,1996,4.408
bol,1997,1.956
bol,2000,2.538
bol,2008,1.457
bol,2009,2.031
bol,2011,1.381
bol,2012,1.372
bol,2013,1.479
bol,2014,1.002
bol,2015,2.149
bol,2016,2.717
bol,2017,3.106
bol,2018,3.06
bol,2019,3.039
bol,2020,4.969
bol,2021,3.999
bol,2022,2.569
bol,2023,2.405
bol,2024,2.217
bra,1989,2.38
bra,1990,3.088
bra,1992,4.248
bra,1995,4.161
bra,1996,4.503
bra,1997,4.867
bra,1998,5.333
bra,1999,6.132
bra,2001,5.947
bra,2002,5.815
bra,2003,6.403
bra,2004,5.212
bra,2005,5.211
bra,2006,4.975
bra,2007,4.75
bra,2008,4.066
bra,2009,4.863
bra,2011,3.709
bra,2012,4.232
bra,2013,4.17
bra,2014,4.143
bra,2015,5.465
bra,2016,7.562
bra,2017,8.562
bra,2018,8.078
bra,2019,7.512
bra,2020,9.291
bra,2021,8.253
bra,2022,5.616
bra,2023,5.077
bra,2024,4.312
brb,1986,9.302
brb,1987,8.674
brb,1988,8.608
brb,1989,6.553
brb,1992,16.514
brb,1994,13.717
brb,1995,12.369
brb,1996,9.072
brb,1997,8.333
brb,2003,7.421
brb,2009,8.853
brb,2010,9.388
brb,2013,10.451
brb,2014,10.634
brb,2015,9.361
brb,2016,6.721
brb,2017,6.732
brb,2018,6.931
brb,2019,7.473
brb,2021,9.344
brb,2022,6.172
brb,2023,5.845
brn,2014,3.5
brn,2017,5.966
brn,2018,4.281
brn,2019,4.218
brn,2020,4.028
brn,2021,2.926
brn,2022,3.54
brn,2023,4.124
brn,2024,3.002
btn,2009,1.093
btn,2010,1.944
btn,2011,1.308
btn,2012,1.412
btn,2013,1.537
btn,2014,1.569
btn,2015,1.446
btn,2018,1.735
btn,2019,1.916
btn,2020,3.385
btn,2021,2.897
btn,2022,2.966
btn,2023,1.483
btn,2024,1.515
bwa,1985,17.895
bwa,1991,9.534
bwa,1996,16.101
bwa,2001,11.131
bwa,2006,13.262
bwa,2009,10.929
bwa,2010,12.319
bwa,2011,14.423
bwa,2019,16.476
bwa,2020,17.202
bwa,2021,17.587
bwa,2022,19.761
bwa,2023,17.46
bwa,2024,20.058
can,1976,4.424
can,1977,5.126
can,1978,5.444
can,1979,4.863
can,1980,5.101
can,1981,5.222
can,1982,8.746
can,1983,9.947
can,1984,9.478
can,1985,8.702
can,1986,7.883
can,1987,7.18
can,1988,6.281
can,1989,6.303
can,1990,7.179
can,1991,9.421
can,1992,10.667
can,1993,10.546
can,1994,9.621
can,1995,8.664
can,1996,8.78
can,1997,7.945
can,1998,7.176
can,1999,6.508
can,2000,5.726
can,2001,6.311
can,2002,6.846
can,2003,6.55
can,2004,6.126
can,2005,5.824
can,2006,5.6
can,2007,5.474
can,2008,5.608
can,2009,8.233
can,2010,7.555
can,2011,6.657
can,2012,6.414
can,2013,6.215
can,2014,6.148
can,2015,6.268
can,2016,6.534
can,2017,5.769
can,2018,4.988
can,2019,4.946
can,2020,7.946
can,2021,6.333
can,2022,4.282
can,2023,4.593
can,2024,5.502
can,2025,5.968
che,1990,1.569
che,1991,0.763
che,1992,1.599
che,1993,2.137
che,1994,2.667
che,1995,2.111
che,1996,3.16
che,1997,3.959
che,1998,2.824
che,1999,2.18
che,2000,1.603
che,2001,0.998
che,2002,2.184
che,2003,3.347
che,2004,3.474
che,2005,3.173
che,2006,2.728
che,2007,2.295
che,2008,2.239
che,2009,3.291
che,2010,4.203
che,2011,3.712
che,2012,3.825
che,2013,4.294
che,2014,4.452
che,2015,4.132
che,2016,4.535
che,2017,4.256
che,2018,3.918
che,2019,3.509
che,2020,4.172
che,2021,4.382
che,2022,3.542
che,2023,3.275
che,2024,3.732
chl,1983,12.423
chl,1984,10.5
chl,1986,6.402
chl,1988,4.029
chl,1989,3.322
chl,1990,4.111
chl,1991,3.937
chl,1992,2.846
chl,1993,3.062
chl,1994,4.293
chl,1995,3.335
chl,1996,3.792
chl,1998,7.163
chl,2000,7.942
chl,2003,6.543
chl,2006,4.678
chl,2009,7.082
chl,2010,6.429
chl,2011,5.36
chl,2012,4.705
chl,2013,4.919
chl,2014,5.617
chl,2015,5.658
chl,2016,6.189
chl,2017,6.445
chl,2018,6.714
chl,2019,6.634
chl,2020,10.963
chl,2021,9.129
chl,2022,7.655
chl,2023,8.376
chl,2024,7.756
chl,2025,8.007
chn,2000,2.778
civ,1998,2.749
civ,2012,6.624
civ,2013,3.295
civ,2016,1.769
civ,2017,2.813
civ,2019,1.695
civ,2022,1.932
cmr,2005,17.7
cmr,2007,2.139
cmr,2010,3.124
cmr,2014,2.448
cmr,2021,2.153
cod,2005,3.163
cod,2012,4.817
cod,2016,4.45
cod,2020,2.021
cog,2005,13.215
cog,2009,25.772
cok,1991,3.832
cok,2011,6.649
col,1986,5.26
col,1987,4.41
col,2001,9.158
col,2002,9.318
col,2003,7.917
col,2004,8.06
col,2005,6.492
col,2007,6.313
col,2008,6.626
col,2009,6.957
col,2010,6.685
col,2011,5.973
col,2012,5.875
col,2013,5.682
col,2014,5.249
col,2015,5.234
col,2016,5.463
col,2017,5.791
col,2018,5.995
col,2019,6.686
col,2020,11.538
col,2021,9.479
col,2022,7.27
col,2023,6.751
col,2024,6.897
col,2025,5.827
com,2004,3.612
com,2014,6.266
com,2021,3.808
cpv,1990,12.145
cpv,2009,9.662
cpv,2015,23.573
cpv,2017,9.193
cpv,2018,10.836
cpv,2019,10.4
cri,2001,3.051
cri,2002,3.617
cri,2003,3.477
cri,2004,3.276
cri,2005,3.151
cri,2006,2.425
cri,2007,1.726
cri,2008,2.556
cri,2009,4.322
cri,2010,3.706
cri,2011,6.176
cri,2012,5.82
cri,2013,5.064
cri,2014,4.421
cri,2015,4.99
cri,2016,4.851
cri,2017,4.686
cri,2018,5.532
cri,2019,5.724
cri,2020,11.08
cri,2021,8.896
cri,2022,6.589
cri,2023,5.891
cri,2024,5.164
cri,2025,4.91
cub,2009,1.32
cub,2010,2.03
cub,2012,3.256
cym,2011,6.353
cym,2012,5.075
cym,2013,2.924
cym,2014,3.387
cym,2015,2.281
cyp,1992,1.605
cyp,1999,3.588
cyp,2000,2.531
cyp,2001,2
cyp,2002,2.065
cyp,2003,3.035
cyp,2004,2.714
cyp,2005,3.676
cyp,2006,3.457
cyp,2007,2.731
cyp,2008,2.824
cyp,2009,4.843
cyp,2010,5.541
cyp,2011,7.241
cyp,2012,11.46
cyp,2013,14.663
cyp,2014,15.006
cyp,2015,13.062
cyp,2016,11.495
cyp,2017,10.122
cyp,2018,7.049
cyp,2019,5.355
cyp,2020,6.735
cyp,2021,6.734
cyp,2022,5.053
cyp,2023,5.114
cyp,2024,4.497
cze,1991,2.114
cze,1993,2.563
cze,1994,2.496
cze,1995,2.592
cze,1996,2.474
cze,1997,3.09
cze,1998,3.941
cze,1999,5.859
cze,2000,5.95
cze,2001,5.524
cze,2002,4.894
cze,2003,5
cze,2004,5.623
cze,2005,5.279
cze,2006,4.727
cze,2007,3.49
cze,2008,2.797
cze,2009,4.794
cze,2010,5.203
cze,2011,4.639
cze,2012,4.783
cze,2013,4.884
cze,2014,4.343
cze,2015,3.717
cze,2016,2.796
cze,2017,2.039
cze,2018,1.515
cze,2019,1.466
cze,2020,2.071
cze,2021,2.077
cze,2022,1.537
cze,2023,1.876
cze,2024,1.933
deu,1983,4.977
deu,1984,5.043
deu,1985,5.154
deu,1986,5.227
deu,1987,5.773
deu,1988,4.866
deu,1989,4.125
deu,1990,3.584
deu,1991,4.016
deu,1992,4.48
deu,1993,5.838
deu,1994,6.8
deu,1995,6.306
deu,1996,7.301
deu,1997,8.176
deu,1998,8.3
deu,1999,7.525
deu,2000,6.713
deu,2001,7.064
deu,2002,8.147
deu,2003,9.436
deu,2004,10.532
deu,2005,10.602
deu,2006,9.597
deu,2007,8.101
deu,2008,6.738
deu,2009,7.722
deu,2010,6.775
deu,2011,5.668
deu,2012,5.02
deu,2013,5.169
deu,2014,4.951
deu,2015,4.624
deu,2016,4.231
deu,2017,3.998
deu,2018,3.645
deu,2019,3.361
deu,2020,4.178
deu,2021,3.805
deu,2022,3.189
deu,2023,3.1
deu,2024,3.422
dji,2017,16.283
dma,1989,4.55
dma,1997,15.162
dma,1999,9.178
dma,2001,9.809
dnk,1983,7.591
dnk,1984,7.189
dnk,1985,5.52
dnk,1986,3.985
dnk,1987,4.319
dnk,1988,5.333
dnk,1989,7.002
dnk,1990,7.509
dnk,1991,7.916
dnk,1992,7.75
dnk,1993,10.06
dnk,1994,6.69
dnk,1995,4.958
dnk,1996,4.672
dnk,1997,4.051
dnk,1998,3.249
dnk,1999,3.707
dnk,2000,3.525
dnk,2001,2.905
dnk,2002,3.306
dnk,2003,4.43
dnk,2004,4.354
dnk,2005,3.68
dnk,2006,2.422
dnk,2007,2.703
dnk,2008,2.51
dnk,2009,5.94
dnk,2010,7.333
dnk,2011,6.264
dnk,2012,6.707
dnk,2013,5.954
dnk,2014,5.514
dnk,2015,5.376
dnk,2016,4.6
dnk,2017,4.786
dnk,2018,4.131
dnk,2019,4.201
dnk,2020,4.373
dnk,2021,4.156
dnk,2022,3.582
dnk,2023,4.243
dnk,2024,4.574
dom,2000,3.011
dom,2001,4.38
dom,2002,4.068
dom,2003,4.189
dom,2004,3.381
dom,2005,3.486
dom,2006,3.372
dom,2007,2.86
dom,2008,2.431
dom,2009,3.335
dom,2010,3.441
dom,2011,3.489
dom,2012,3.98
dom,2013,4.243
dom,2014,4.339
dom,2015,4.273
dom,2016,3.69
dom,2017,3.474
dom,2018,2.52
dom,2019,2.825
dom,2020,3.201
dom,2021,3.034
dom,2022,2.22
dom,2023,2.674
dom,2024,2.132
dza,2009,6.21
dza,2010,5.875
dza,2012,6.854
dza,2013,5.964
dza,2014,7.132
ecu,1996,5.745
ecu,1997,4.602
ecu,1998,5.439
ecu,2000,2.441
ecu,2001,2.621
ecu,2003,3.594
ecu,2004,3.304
ecu,2005,2.46
ecu,2006,2.042
ecu,2007,1.639
ecu,2008,2.018
ecu,2009,2.997
ecu,2010,2.849
ecu,2011,2.318
ecu,2012,2.096
ecu,2013,1.888
ecu,2014,2.185
ecu,2015,2.195
ecu,2016,2.819
ecu,2017,2.455
ecu,2018,2.341
ecu,2019,2.683
ecu,2020,5.216
ecu,2021,3.081
ecu,2022,2.71
ecu,2023,2.511
ecu,2024,2.151
ecu,2025,2.25
egy,2002,2.91
egy,2006,2.9
egy,2007,2.79
egy,2008,2.544
egy,2009,2.456
egy,2010,2.646
egy,2011,6.032
egy,2012,5.403
egy,2013,5.942
egy,2014,6.417
egy,2015,5.18
egy,2016,4.841
egy,2017,4.575
egy,2018,5.272
egy,2019,3.638
egy,2020,4.904
egy,2021,4.461
egy,2022,4.012
egy,2023,3.606
egy,2024,2.843
esp,1977,3.711
esp,1978,4.599
esp,1979,5.76
esp,1980,7.675
esp,1981,9.488
esp,1982,10.357
esp,1983,11.552
esp,1984,13.966
esp,1985,15.397
esp,1986,14.607
esp,1987,12.607
esp,1988,11.605
esp,1989,10.26
esp,1990,9.46
esp,1991,9.524
esp,1992,11.126
esp,1993,15.305
esp,1994,16.496
esp,1995,15.228
esp,1996,15.165
esp,1997,13.866
esp,1998,11.608
esp,1999,9.005
esp,2000,7.891
esp,2001,6.16
esp,2002,6.749
esp,2003,6.991
esp,2004,7.034
esp,2005,5.96
esp,2006,5.377
esp,2007,5.455
esp,2008,8.896
esp,2009,16.146
esp,2010,17.924
esp,2011,19.359
esp,2012,23.008
esp,2013,23.81
esp,2014,21.695
esp,2015,18.939
esp,2016,16.336
esp,2017,13.893
esp,2018,12.15
esp,2019,11.048
esp,2020,12.56
esp,2021,11.873
esp,2022,10.123
esp,2023,9.179
esp,2024,8.851
esp,2025,8.005
est,1997,10.512
est,1998,10.145
est,1999,12.4
est,2000,14.564
est,2001,13.093
est,2002,10.283
est,2003,10.885
est,2004,10.198
est,2005,8.649
est,2006,5.722
est,2007,4.161
est,2008,4.893
est,2009,15.762
est,2010,17.392
est,2011,11.441
est,2012,9.781
est,2013,8.318
est,2014,7.13
est,2015,5.516
est,2016,6.27
est,2017,5.278
est,2018,4.399
est,2019,3.267
est,2020,5.938
est,2021,5.802
est,2022,5.053
est,2023,5.243
est,2024,6.801
eth,1999,2.328
eth,2005,1.57
eth,2013,1.358
eth,2021,2.629
fin,1985,4.509
fin,1986,4.965
fin,1987,5.138
fin,1988,4.31
fin,1989,2.33
fin,1995,14.614
fin,1996,11.77
fin,1997,12.262
fin,1998,9.635
fin,1999,7.855
fin,2000,7.137
fin,2001,6.928
fin,2002,7.537
fin,2003,8.26
fin,2004,7.167
fin,2005,6.723
fin,2006,5.825
fin,2007,4.908
fin,2008,4.357
fin,2009,7.034
fin,2010,7.331
fin,2011,6.645
fin,2012,6.583
fin,2013,6.885
fin,2014,7.617
fin,2015,7.876
fin,2016,7.469
fin,2017,7.261
fin,2018,6.025
fin,2019,5.261
fin,2020,5.873
fin,2021,7.02
fin,2022,5.63
fin,2023,6.405
fin,2024,7.728
fji,1996,2.977
fji,2005,2.787
fji,2007,5.508
fji,2011,3.309
fji,2014,3.724
fji,2016,2.508
fji,2024,3.69
flk,2012,1.355
flk,2016,0.844
fra,1983,4.198
fra,1984,5.228
fra,1985,5.978
fra,1986,6.427
fra,1987,6.73
fra,1988,6.437
fra,1989,5.957
fra,1990,5.748
fra,1991,5.944
fra,1992,6.789
fra,1993,8.084
fra,1994,9.481
fra,1995,8.7
fra,1996,9.188
fra,1997,9.56
fra,1998,9.081
fra,1999,8.818
fra,2000,7.441
fra,2001,6.045
fra,2002,6.715
fra,2003,6.699
fra,2004,6.992
fra,2005,6.905
fra,2006,6.774
fra,2007,6.417
fra,2008,5.698
fra,2009,7.279
fra,2010,7.596
fra,2011,7.651
fra,2012,8.461
fra,2013,8.925
fra,2014,9.333
fra,2015,9.633
fra,2016,9.049
fra,2017,8.263
fra,2018,7.871
fra,2019,7.43
fra,2020,7.195
fra,2021,6.871
fra,2022,6.282
fra,2023,6.386
fra,2024,6.472
fsm,2014,4.641
gab,1993,15.492
gab,2010,12.503
gbg,2016,1.16
gbm,2006,2.063
gbm,2011,2.827
gbm,2016,1.677
gbr,1983,9.284
gbr,1984,9.073
gbr,1985,9.691
gbr,1986,9.733
gbr,1987,9.661
gbr,1988,7.524
gbr,1989,6.254
gbr,1990,5.819
gbr,1991,7.773
gbr,1992,9.996
gbr,1993,10.398
gbr,1994,9.758
gbr,1995,8.512
gbr,1996,8.029
gbr,1997,6.632
gbr,1998,5.519
gbr,1999,5.437
gbr,2000,4.849
gbr,2001,4.069
gbr,2002,4.401
gbr,2003,4.164
gbr,2004,3.8
gbr,2005,3.668
gbr,2006,4.152
gbr,2007,3.793
gbr,2008,4.405
gbr,2009,6.595
gbr,2010,6.757
gbr,2011,6.423
gbr,2012,6.27
gbr,2013,6.053
gbr,2014,4.775
gbr,2015,4.083
gbr,2016,3.513
gbr,2017,3.115
gbr,2018,2.973
gbr,2019,2.572
gbr,2020,3.175
gbr,2021,3.7
gbr,2022,2.584
gbr,2023,2.844
gbr,2024,2.916
geo,1999,17.327
geo,2000,11.846
geo,2001,12.863
geo,2002,14.842
geo,2003,12.923
geo,2004,14.509
geo,2005,16.314
geo,2007,14.998
geo,2008,18.919
geo,2009,23.621
geo,2010,23.142
geo,2011,22.198
geo,2012,20.804
geo,2013,22.289
geo,2014,20.362
geo,2015,19.401
geo,2016,21.377
geo,2017,16.228
geo,2018,14.367
geo,2019,13.486
geo,2020,13.684
geo,2021,14.705
geo,2022,13.02
geo,2023,12.772
geo,2024,11.128
gha,1991,3.353
gha,1998,7.3
gha,2000,7.616
gha,2006,3.791
gha,2010,3.865
gha,2013,1.514
gha,2015,5.965
gha,2017,2.882
gha,2021,3.416
gha,2022,2.237
gha,2023,2.078
gha,2024,2.702
gin,2002,6.052
gin,2014,6.316
gin,2019,5.568
gmb,2012,6.002
gmb,2018,4.514
gmb,2023,6.731
gnb,2018,3.948
gnb,2019,2.908
gnb,2022,3.959
grc,1983,4.826
grc,1984,5.025
grc,1985,4.556
grc,1986,4.158
grc,1987,3.964
grc,1988,3.772
grc,1989,3.256
grc,1990,3.051
grc,1991,3.447
grc,1992,4.204
grc,1993,5.114
grc,1994,5.169
grc,1995,5.497
grc,1996,5.028
grc,1997,5.372
grc,1998,6.32
grc,1999,6.576
grc,2000,6.064
grc,2001,5.82
grc,2002,5.658
grc,2003,5.343
grc,2004,5.629
grc,2005,5.424
grc,2006,4.89
grc,2007,4.66
grc,2008,4.486
grc,2009,6.397
grc,2010,9.445
grc,2011,14.582
grc,2012,21.137
grc,2013,23.8
grc,2014,23.03
grc,2015,20.845
grc,2016,18.364
grc,2017,16.561
grc,2018,14.521
grc,2019,12.999
grc,2020,12.699
grc,2021,10.791
grc,2022,8.757
grc,2023,8.236
grc,2024,7.888
grd,1991,11.654
grd,1994,14.455
grd,1996,6.751
grd,1998,6.573
grd,2018,11.915
grd,2019,6.775
grd,2020,10.344
grd,2021,9.534
grd,2023,2.27
grl,2011,8.655
grl,2012,8.819
grl,2013,9.434
grl,2014,9.573
grl,2015,8.356
gtm,2002,1.878
gtm,2003,1.817
gtm,2004,2.032
gtm,2006,1.188
gtm,2010,2.895
gtm,2011,2.389
gtm,2012,1.986
gtm,2013,1.776
gtm,2014,1.746
gtm,2015,1.365
gtm,2016,1.306
gtm,2017,1.423
gtm,2018,1.527
gtm,2019,1.135
gtm,2021,1.569
gtm,2022,1.533
gtm,2023,1.152
gtm,2024,0.937
guf,1990,17.718
gum,2002,10.54
guy,1987,4.158
guy,2002,7.25
guy,2018,9.789
guy,2019,9.9
hkg,1985,2.618
hkg,1986,2.24
hkg,1987,1.282
hkg,1988,0.919
hkg,1989,0.71
hkg,1990,0.956
hkg,1991,1.52
hkg,1992,1.59
hkg,1993,1.52
hkg,1994,1.59
hkg,1995,2.79
hkg,1996,2.55
hkg,1997,1.89
hkg,1998,4.11
hkg,2000,4.75
hkg,2001,5.2
hkg,2002,7.16
hkg,2003,8.07
hkg,2004,6.58
hkg,2005,5.64
hkg,2006,4.83
hkg,2007,3.85
hkg,2008,3.43
hkg,2009,5.26
hkg,2010,4.274
hkg,2011,3.442
hkg,2012,3.224
hkg,2013,3.153
hkg,2014,2.881
hkg,2015,2.715
hkg,2016,3.173
hkg,2017,2.975
hkg,2018,2.817
hkg,2019,3.075
hkg,2020,6.198
hkg,2021,5.466
hkg,2022,4.724
hkg,2023,3.309
hkg,2024,3.374
hnd,2005,3.193
hnd,2006,2.834
hnd,2007,2.17
hnd,2008,2.461
hnd,2009,2.318
hnd,2010,2.562
hnd,2011,2.885
hnd,2012,2.575
hnd,2013,4.098
hnd,2014,4.755
hnd,2015,3.787
hnd,2016,4.231
hnd,2017,2.913
hnd,2018,3.59
hnd,2019,3.506
hnd,2020,7.948
hnd,2021,4.885
hnd,2022,5.006
hnd,2023,3.437
hnd,2024,3.306
hnd,2025,3.281
hrv,1991,7.281
hrv,2002,10.483
hrv,2003,10.018
hrv,2004,10.685
hrv,2005,9.319
hrv,2006,8.015
hrv,2007,7.353
hrv,2008,5.362
hrv,2009,6.199
hrv,2010,9.233
hrv,2011,12.031
hrv,2012,14.503
hrv,2013,15.47
hrv,2014,13.932
hrv,2015,13.218
hrv,2016,10.402
hrv,2017,9.073
hrv,2018,6.77
hrv,2019,5.837
hrv,2020,6.669
hrv,2021,6.577
hrv,2022,5.312
hrv,2023,4.918
hrv,2024,4.526
hti,1990,7.804
hti,2003,22.041
hun,1996,9.511
hun,1997,8.463
hun,1998,8.255
hun,1999,6.702
hun,2000,6.346
hun,2001,5.815
hun,2002,5.477
hun,2003,5.606
hun,2004,5.2
hun,2005,6.042
hun,2006,6.397
hun,2007,6.474
hun,2008,6.959
hun,2009,9.226
hun,2010,10.667
hun,2011,9.92
hun,2012,10.251
hun,2013,9.06
hun,2014,6.506
hun,2015,5.579
hun,2016,4.517
hun,2017,3.412
hun,2018,3.121
hun,2019,2.77
hun,2020,3.644
hun,2021,3.335
hun,2022,3.203
hun,2023,3.472
hun,2024,3.906
idn,1990,1.076
idn,1991,0.99
idn,1992,1.117
idn,1993,1.151
idn,1994,1.642
idn,1996,1.782
idn,1997,1.744
idn,1998,2.73
idn,1999,3.101
idn,2000,2.678
idn,2001,2.405
idn,2002,2.739
idn,2003,2.473
idn,2004,2.76
idn,2005,3.357
idn,2006,3.284
idn,2007,4.063
idn,2008,4.593
idn,2009,3.532
idn,2010,3.113
idn,2011,2.687
idn,2012,2.3
idn,2013,2.453
idn,2014,2.22
idn,2015,2.528
idn,2016,2.803
idn,2017,2.277
idn,2018,2.696
idn,2019,2.32
idn,2020,3.19
idn,2021,2.998
idn,2022,2.323
idn,2023,2.24
ind,1994,1.09
ind,2000,1.469
ind,2005,2.387
ind,2010,1.528
ind,2012,1.793
ind,2018,4.786
ind,2019,4.185
ind,2020,5.98
ind,2021,4.798
ind,2022,3.168
ind,2023,2.575
ind,2024,2.709
irl,1983,12.882
irl,1984,14.347
irl,1985,16.206
irl,1986,15.576
irl,1987,15.836
irl,1988,15.611
irl,1989,15.118
irl,1990,12.746
irl,1991,14.235
irl,1992,14.067
irl,1993,14.192
irl,1994,13.251
irl,1995,11.044
irl,1996,11.04
irl,1997,9.528
irl,1998,7.617
irl,1999,5.706
irl,2000,4.294
irl,2001,3.429
irl,2002,4.062
irl,2003,4.394
irl,2004,4.591
irl,2005,4.028
irl,2006,4.112
irl,2007,4.164
irl,2008,6.268
irl,2009,13.146
irl,2010,15.384
irl,2011,16.125
irl,2012,15.842
irl,2013,13.321
irl,2014,11.318
irl,2015,9.484
irl,2016,7.907
irl,2017,6.197
irl,2018,4.743
irl,2019,4.249
irl,2020,4.655
irl,2021,5.257
irl,2022,3.735
irl,2023,3.714
irl,2024,3.549
irn,2005,7.33
irn,2006,7.462
irn,2007,6.977
irn,2008,6.885
irn,2009,8.684
irn,2010,9.48
irn,2011,8.722
irn,2012,8.763
irn,2013,7.386
irn,2014,7.659
irn,2015,8.242
irn,2016,9.318
irn,2017,9.257
irn,2018,9.529
irn,2019,8.214
irn,2020,7.701
irn,2021,7.182
irn,2022,6.908
irn,2023,5.885
irn,2024,5.409
irq,2007,6.127
irq,2012,4.645
irq,2014,5.451
irq,2016,5.167
irq,2017,7.125
irq,2021,9.805
isl,1995,3.919
isl,1996,2.447
isl,1997,2.637
isl,1998,1.338
isl,1999,1.135
isl,2000,0.545
isl,2001,0.858
isl,2002,2.219
isl,2003,2.027
isl,2004,2.245
isl,2005,1.601
isl,2006,1.555
isl,2007,1.142
isl,2008,2.123
isl,2009,7.166
isl,2010,6.973
isl,2011,5.604
isl,2012,4.688
isl,2013,4.367
isl,2014,3.728
isl,2015,2.587
isl,2016,2.226
isl,2017,1.732
isl,2018,2.221
isl,2019,2.746
isl,2020,5.473
isl,2021,4.858
isl,2022,3.232
isl,2023,3.492
isl,2024,3.286
isr,1974,1.472
isr,1976,2.099
isr,1978,1.871
isr,1979,1.619
isr,1980,2.936
isr,1981,3.222
isr,1982,3.427
isr,1983,2.863
isr,1984,3.941
isr,1985,4.857
isr,1986,5.027
isr,1987,4.198
isr,1988,4.697
isr,1989,6.557
isr,2012,5.981
isr,2013,5.465
isr,2014,5.239
isr,2015,4.438
isr,2016,3.953
isr,2017,3.619
isr,2018,3.519
isr,2019,3.351
isr,2020,4.09
isr,2021,4.74
isr,2022,3.207
isr,2023,3.322
isr,2024,3.051
ita,1978,1.78
ita,1979,1.73
ita,1980,1.67
ita,1983,2.568
ita,1984,3.015
ita,1985,3.053
ita,1986,3.882
ita,1987,4.074
ita,1988,4.174
ita,1989,4.571
ita,1990,3.943
ita,1991,4.075
ita,1992,4.355
ita,1993,5.106
ita,1994,6.222
ita,1995,6.625
ita,1996,6.858
ita,1997,7.235
ita,1998,7.276
ita,1999,6.942
ita,2000,6.416
ita,2001,5.883
ita,2002,5.674
ita,2003,5.526
ita,2004,5.09
ita,2005,5.053
ita,2006,4.509
ita,2007,4.033
ita,2008,4.674
ita,2009,5.838
ita,2010,6.507
ita,2011,6.513
ita,2012,8.576
ita,2013,10.331
ita,2014,10.821
ita,2015,10.384
ita,2016,10.091
ita,2017,9.739
ita,2018,9.104
ita,2019,8.599
ita,2020,7.983
ita,2021,8.137
ita,2022,6.645
ita,2023,6.427
ita,2024,5.633
jam,1975,6.897
jam,1976,8.544
jam,1978,8.987
jam,1981,8.126
jam,1982,9.197
jam,1988,6.995
jam,1990,5.63
jam,1994,6.422
jam,1998,5.768
jam,2003,5.501
jam,2004,5.585
jam,2008,3.735
jam,2009,4.719
jam,2010,4.79
jam,2011,5.161
jam,2012,5.663
jam,2013,5.687
jam,2014,5.44
jam,2016,4.581
jam,2017,3.764
jam,2018,2.778
jam,2019,2.747
jam,2020,4.441
jam,2021,3.043
jam,2022,2.02
jam,2023,1.402
jor,2017,11.712
jor,2018,12.724
jor,2019,11.605
jor,2020,13.797
jor,2021,14.637
jor,2022,12.416
jor,2023,11.331
jpn,1968,0.955
jpn,1969,0.887
jpn,1970,0.923
jpn,1971,0.91
jpn,1972,1.065
jpn,1973,0.975
jpn,1974,1.073
jpn,1975,1.591
jpn,1976,1.758
jpn,1977,1.649
jpn,1978,1.831
jpn,1979,1.615
jpn,1980,1.491
jpn,1981,1.721
jpn,1982,1.755
jpn,1983,1.987
jpn,1984,1.91
jpn,1985,1.876
jpn,1986,1.956
jpn,1987,2.035
jpn,1988,1.72
jpn,1989,1.483
jpn,1990,1.362
jpn,1991,1.363
jpn,1992,1.439
jpn,1993,1.704
jpn,1994,2.046
jpn,1995,2.309
jpn,1996,2.455
jpn,1997,2.519
jpn,1998,3.13
jpn,1999,3.7
jpn,2000,3.847
jpn,2001,4.22
jpn,2002,4.689
jpn,2003,4.59
jpn,2004,4.311
jpn,2005,4.052
jpn,2006,3.936
jpn,2007,3.634
jpn,2008,3.757
jpn,2009,4.903
jpn,2010,4.975
jpn,2011,4.472
jpn,2012,4.298
jpn,2013,4.151
jpn,2014,3.58
jpn,2015,3.551
jpn,2016,3.221
jpn,2017,2.904
jpn,2018,2.627
jpn,2019,2.454
jpn,2020,2.952
jpn,2021,2.9
jpn,2022,2.737
jpn,2023,2.62
jpn,2024,2.554
jpn,2025,2.577
kaz,2002,6.258
kaz,2003,6.173
kaz,2004,5.771
kaz,2008,4.969
kaz,2009,5.67
kaz,2010,4.972
kaz,2011,4.72
kaz,2012,4.328
kaz,2013,4.859
kaz,2015,4.327
kaz,2017,4.437
kaz,2020,4.524
kaz,2022,4.25
ken,1999,4.1
ken,2005,7.649
ken,2016,1.595
ken,2019,3.766
ken,2021,3.416
ken,2022,2.996
kgz,2002,9.366
kgz,2004,6.596
kgz,2005,5.912
kgz,2006,6.076
kgz,2009,5.011
kgz,2010,5.875
kgz,2011,4.531
kgz,2012,3.402
kgz,2013,4.146
kgz,2014,3.588
kgz,2015,2.972
kgz,2016,2.941
kgz,2017,2.698
kgz,2018,3.701
kgz,2019,4.044
kgz,2020,4.585
kgz,2021,3.646
kgz,2022,3.257
kgz,2023,2.208
khm,1996,0.532
khm,1997,0.557
khm,1998,2.348
khm,2000,1.273
khm,2001,0.924
khm,2003,0.489
khm,2007,0.894
khm,2008,0.474
khm,2009,0.453
khm,2010,0.593
khm,2011,0.654
khm,2012,1.382
khm,2013,0.184
khm,2014,0.477
khm,2015,0.217
khm,2016,0.282
khm,2019,0.227
khm,2020,0.078
khm,2021,0.304
khm,2023,0.141
kir,2010,19.22
kir,2015,10.057
kir,2019,5.916
kir,2020,7.185
kir,2023,1.561
kna,1980,4.704
kna,1991,3.856
kna,2001,4.537
kor,2000,4.368
kor,2001,4.021
kor,2002,3.328
kor,2003,3.363
kor,2004,3.455
kor,2005,3.621
kor,2006,3.585
kor,2007,3.461
kor,2008,3.351
kor,2009,3.935
kor,2010,3.631
kor,2011,3.143
kor,2012,2.924
kor,2013,3.232
kor,2014,3.074
kor,2015,3.392
kor,2016,3.61
kor,2017,3.777
kor,2018,3.839
kor,2019,3.687
kor,2020,3.695
kor,2021,3.344
kor,2022,2.581
kor,2023,2.68
kor,2024,2.646
kor,2025,2.853
kos,2000,9.297
kos,2012,24.772
kos,2013,24.186
kos,2014,30.75
kos,2015,30.06
kos,2016,24.041
kos,2017,27.415
kos,2018,25.543
kos,2019,19.884
kos,2020,21.32
kos,2021,18.301
kos,2022,10.754
kos,2023,7.137
kos,2024,6.466
kwt,1983,0.495
kwt,2005,0.789
kwt,2015,0.709
kwt,2016,0.636
lao,2010,0.44
lao,2015,1.254
lao,2017,3.402
lao,2022,1.525
lbn,2004,4.657
lbn,2007,6.035
lbn,2019,7.462
lbr,2010,2.357
lbr,2014,2.661
lbr,2016,4.466
lbr,2017,6.319
lby,2012,13.686
lca,2016,9.847
lca,2017,11.56
lca,2018,13.638
lca,2019,10.821
lca,2020,13.999
lca,2021,13.642
lca,2022,11.789
lca,2023,7.57
lca,2024,7.043
lie,2008,2.17
lie,2009,3.683
lie,2010,3.739
lie,2011,3.753
lie,2012,3.39
lie,2013,4.142
lie,2014,4.664
lie,2015,4.674
lie,2017,3.124
lka,2009,2.592
lka,2010,1.708
lka,2011,1.388
lka,2012,1.483
lka,2013,1.557
lka,2014,1.648
lka,2015,1.564
lka,2016,1.324
lka,2017,1.528
lka,2018,1.563
lka,2019,1.897
lka,2020,2.207
lka,2021,2.191
lka,2022,2.434
lka,2023,2.393
lso,1999,19.309
lso,2008,27.818
lso,2013,21.233
lso,2019,15.687
lso,2024,16.492
ltu,1997,12.335
ltu,1998,14.281
ltu,1999,13.424
ltu,2000,17.525
ltu,2001,17.539
ltu,2002,12.741
ltu,2003,11.501
ltu,2004,8.838
ltu,2005,7.442
ltu,2006,5.384
ltu,2007,3.922
ltu,2008,5.378
ltu,2009,15.739
ltu,2010,20.039
ltu,2011,16.517
ltu,2012,14.101
ltu,2013,11.93
ltu,2014,11.101
ltu,2015,9.473
ltu,2016,8.443
ltu,2017,8.138
ltu,2018,6.394
ltu,2019,6.557
ltu,2020,8.059
ltu,2021,7.043
ltu,2022,5.917
ltu,2023,6.157
ltu,2024,6.628
lux,1983,1.656
lux,1984,1.438
lux,1985,1.496
lux,1986,1.273
lux,1987,1.42
lux,1988,1.025
lux,1989,0.91
lux,1990,1.042
lux,1991,0.924
lux,1992,1.193
lux,1993,1.596
lux,1994,2.489
lux,1995,1.726
lux,1996,1.809
lux,1997,1.547
lux,1998,1.683
lux,1999,1.379
lux,2000,1.44
lux,2001,1.114
lux,2002,1.752
lux,2003,2.608
lux,2004,3.266
lux,2005,2.869
lux,2006,2.737
lux,2007,2.844
lux,2008,3.804
lux,2009,3.594
lux,2010,3.058
lux,2011,3.451
lux,2012,3.894
lux,2013,4.805
lux,2014,4.704
lux,2015,5.29
lux,2016,5.474
lux,2017,4.764
lux,2018,4.526
lux,2019,4.593
lux,2020,5.238
lux,2021,3.8
lux,2022,3.419
lux,2023,3.913
lux,2024,5.314
lva,1996,18.042
lva,1997,13.192
lva,1998,13.387
lva,1999,13.068
lva,2000,15.003
lva,2001,13.725
lva,2002,13.943
lva,2003,11.892
lva,2004,10.99
lva,2005,9.586
lva,2006,6.485
lva,2007,6.093
lva,2008,7.776
lva,2009,19.126
lva,2010,21.217
lva,2011,17.355
lva,2012,14.855
lva,2013,11.827
lva,2014,11.198
lva,2015,10.441
lva,2016,9.836
lva,2017,9
lva,2018,8.138
lva,2019,6.619
lva,2020,8.907
lva,2021,8.842
lva,2022,7.577
lva,2023,7.396
lva,2024,8.037
mac,1992,1.423
mac,1993,1.969
mac,1994,1.906
mac,1995,3.658
mac,1996,3.871
mac,1997,2.869
mac,1998,4.646
mac,2000,8.218
mac,2001,7.872
mac,2002,7.346
mac,2003,6.298
mac,2004,4.937
mac,2005,3.6
mac,2006,3.139
mac,2007,2.491
mac,2008,2.483
mac,2009,3.228
mac,2010,2.805
mac,2011,2.431
mac,2012,1.678
mac,2013,1.737
mac,2014,1.572
mac,2015,1.688
mac,2016,1.937
mac,2017,1.98
mac,2018,1.897
mac,2019,1.597
mac,2020,2.083
mar,1982,7.141
mar,1994,11.414
mar,1998,13.571
mar,1999,12.183
mar,2001,10.788
mar,2002,9.832
mar,2003,10.375
mar,2004,9.694
mar,2005,9.849
mar,2006,7.98
mar,2008,7.326
mar,2011,7.035
mar,2012,7.362
mar,2013,6.917
mar,2021,9.998
mar,2022,9.24
mco,2000,2.441
mco,2016,3.875
mda,2000,9.706
mda,2001,7.98
mda,2002,7.456
mda,2003,7.77
mda,2004,8.023
mda,2005,6.724
mda,2006,5.601
mda,2007,3.488
mda,2008,2.375
mda,2009,4.098
mda,2010,4.022
mda,2011,3.689
mda,2012,3.462
mda,2013,2.787
mda,2014,2.281
mda,2015,2.765
mda,2016,2.748
mda,2017,2.217
mda,2018,1.619
mda,2019,2.296
mda,2020,1.721
mda,2021,1.421
mda,2022,1.428
mda,2023,2.368
mda,2024,1.968
mdg,2003,2.726
mdg,2005,1.221
mdg,2010,0.878
mdg,2012,0.433
mdg,2015,1.187
mdg,2022,2.01
mdv,1995,0.333
mdv,2000,0.806
mdv,2009,4.812
mdv,2014,1.777
mdv,2016,3.49
mdv,2019,2.944
mex,2002,2.012
mex,2003,2.296
mex,2004,2.446
mex,2005,2.73
mex,2006,2.718
mex,2007,2.681
mex,2008,3.062
mex,2009,4.572
mex,2010,4.58
mex,2011,4.384
mex,2012,4.11
mex,2013,4.198
mex,2014,4.099
mex,2015,3.627
mex,2016,3.327
mex,2017,2.833
mex,2018,2.698
mex,2019,2.966
mex,2020,4.347
mex,2021,3.458
mex,2022,2.749
mex,2023,2.328
mex,2024,2.29
mhl,2019,5.863
mhl,2021,6.795
mkd,2002,28.722
mkd,2003,34.066
mkd,2005,33.638
mkd,2006,32.463
mkd,2007,31.417
mkd,2008,30.344
mkd,2009,29.357
mkd,2010,30.062
mkd,2011,28.776
mkd,2012,29.025
mkd,2013,26.623
mkd,2014,25.127
mkd,2015,25.07
mkd,2016,23.301
mkd,2017,21.171
mkd,2018,19.509
mkd,2019,15.962
mkd,2020,15.947
mkd,2021,15.691
mkd,2022,15.095
mkd,2023,14.156
mkd,2024,12.201
mli,2009,1.477
mli,2010,6.035
mli,2013,4.592
mli,2014,5.796
mli,2015,3.723
mli,2016,1.477
mli,2017,3.858
mli,2018,1.709
mli,2019,3.021
mli,2020,3.376
mli,2022,4.217
mli,2023,2.517
mlt,2000,5.069
mlt,2001,3.861
mlt,2002,4.424
mlt,2003,4.632
mlt,2004,4.773
mlt,2005,4.613
mlt,2006,4.631
mlt,2007,4.4
mlt,2008,4.548
mlt,2009,4.897
mlt,2010,5.782
mlt,2011,5.182
mlt,2012,4.671
mlt,2013,4.807
mlt,2014,4.814
mlt,2015,4.053
mlt,2016,3.656
mlt,2017,3.102
mlt,2018,3.28
mlt,2019,3.176
mlt,2020,3.741
mlt,2021,3.028
mlt,2022,3.03
mlt,2023,2.888
mlt,2024,2.627
mmr,2014,2.432
mmr,2015,0.472
mmr,2017,0.647
mmr,2018,0.465
mmr,2019,0.186
mmr,2020,0.403
mne,2011,19.46
mne,2012,18.459
mne,2013,19.429
mne,2014,16.668
mne,2015,16.257
mne,2016,17.492
mne,2017,15.099
mne,2018,14.677
mne,2019,14.955
mne,2020,17.085
mne,2021,16.083
mne,2022,15.557
mne,2023,12.337
mne,2024,9.69
mng,2003,6.611
mng,2004,3.479
mng,2005,3.121
mng,2006,6.804
mng,2008,5.233
mng,2009,5.043
mng,2010,5.911
mng,2011,4.318
mng,2012,3.739
mng,2013,3.417
mng,2014,4.357
mng,2015,4.695
mng,2016,7.423
mng,2017,6.517
mng,2018,4.856
mng,2019,8.522
mng,2020,5.726
mng,2021,7.65
mng,2022,6.675
mng,2023,5.131
mng,2024,5.384
mnp,2003,4.041
moz,2015,1.641
moz,2022,4.082
mrt,2012,7.675
mrt,2017,8.684
mrt,2019,5.873
msr,2020,9.161
mtq,2008,18.266
mus,1995,4.134
mus,2001,3.767
mus,2002,2.928
mus,2003,2.048
mus,2004,2.913
mus,2005,3.374
mus,2006,3.588
mus,2007,3.037
mus,2008,2.539
mus,2009,2.684
mus,2010,2.642
mus,2011,3.204
mus,2012,3.245
mus,2013,3.392
mus,2014,3.36
mus,2015,3.248
mus,2016,2.92
mus,2017,3.156
mus,2018,2.541
mus,2019,2.833
mus,2020,6.452
mus,2021,6.166
mus,2022,3.634
mus,2023,3.399
mus,2024,2.992
mwi,2005,0.97
mwi,2011,1.649
mwi,2013,3.064
mwi,2017,2.794
mwi,2020,0.73
mwi,2024,11.634
mys,1970,1.852
mys,1980,0.593
mys,1991,0.258
mys,2007,1.587
mys,2009,2.049
mys,2010,1.674
mys,2011,1.584
mys,2012,1.563
mys,2013,1.685
mys,2014,1.478
mys,2015,1.58
mys,2016,1.853
mys,2017,1.915
mys,2018,1.769
mys,2019,1.914
mys,2020,3.049
mys,2021,3.002
mys,2022,1.994
nam,2004,15.365
nam,2010,15.999
nam,2012,12.44
nam,2013,14.864
nam,2014,13.825
nam,2016,19.781
nam,2018,19.794
ncl,2014,10.62
ncl,2017,7.611
ncl,2018,8.759
ncl,2019,8.481
ncl,2020,10.888
ncl,2022,8.38
ncl,2023,7.241
ner,2001,0.885
ner,2011,0.302
ner,2012,1.447
ner,2014,0.386
ner,2017,7.141
ner,2019,0.619
ner,2022,0.653
nga,1986,2.547
nga,2011,3.161
nga,2013,3.954
nga,2019,3.844
nga,2022,1.723
nga,2023,1.53
nga,2024,2.168
nic,1989,7.009
nic,2001,3.729
nic,2006,4.769
nic,2012,4.403
nic,2014,3.203
niu,2001,1.027
nld,1977,3.396
nld,1979,3.232
nld,1983,8.922
nld,1985,8.3
nld,1987,5.71
nld,1988,6.165
nld,1989,5.926
nld,1990,4.949
nld,1991,4.719
nld,1992,3.507
nld,1993,4.405
nld,1994,5.599
nld,1995,5.358
nld,1996,4.327
nld,1997,3.583
nld,1998,2.644
nld,1999,2.055
nld,2000,1.733
nld,2001,1.357
nld,2002,1.895
nld,2003,2.952
nld,2004,3.733
nld,2005,3.6
nld,2006,2.84
nld,2007,1.808
nld,2008,1.485
nld,2009,2.447
nld,2010,3.099
nld,2011,3.38
nld,2012,4.207
nld,2013,5.902
nld,2014,5.781
nld,2015,4.971
nld,2016,4.015
nld,2017,3.29
nld,2018,2.571
nld,2019,2.489
nld,2020,2.775
nld,2021,2.666
nld,2022,2.322
nld,2023,2.367
nld,2024,2.383
nld_curacao,2018,10.414
nld_curacao,2020,15.482
nor,1982,0.54
nor,1983,0.67
nor,1984,2.245
nor,1985,1.433
nor,1987,1.141
nor,1988,2.125
nor,1989,3.936
nor,1995,4.362
nor,1996,3.218
nor,1997,2.846
nor,1998,2.049
nor,1999,1.869
nor,2000,2.646
nor,2001,2.658
nor,2002,2.786
nor,2003,3.793
nor,2004,3.548
nor,2005,3.849
nor,2006,3.025
nor,2007,1.878
nor,2008,2.011
nor,2009,2.78
nor,2010,3.367
nor,2011,2.863
nor,2012,2.934
nor,2013,2.864
nor,2014,3.42
nor,2015,4.191
nor,2016,4.884
nor,2017,3.972
nor,2018,3.576
nor,2019,3.4
nor,2020,4.076
nor,2021,3.815
nor,2022,2.511
nor,2023,2.861
nor,2024,3.165
npl,2008,1.443
npl,2017,8.089
nru,2002,8.598
nru,2006,2.492
nru,2013,6.37
nru,2021,3.476
nzl,1986,2.411
nzl,1987,2.706
nzl,1988,4.227
nzl,1989,5.584
nzl,1990,6.75
nzl,1991,9.038
nzl,1993,8.618
nzl,1994,7.308
nzl,1996,4.997
nzl,1997,5.485
nzl,1998,6.339
nzl,1999,5.806
nzl,2000,4.546
nzl,2001,4.215
nzl,2002,3.958
nzl,2003,3.276
nzl,2004,2.563
nzl,2005,2.502
nzl,2006,2.468
nzl,2007,2.208
nzl,2008,2.644
nzl,2009,4.295
nzl,2010,4.34
nzl,2011,4.193
nzl,2012,4.568
nzl,2013,3.69
nzl,2014,3.346
nzl,2015,3.412
nzl,2016,3.414
nzl,2017,2.943
nzl,2018,2.79
nzl,2019,2.649
nzl,2020,3.047
nzl,2021,2.776
nzl,2022,2.127
nzl,2023,2.35
nzl,2024,3.109
nzl,2025,3.559
omn,2008,1.3
omn,2016,0.832
omn,2017,0.424
omn,2018,0.515
omn,2019,0.766
omn,2020,0.65
pak,1988,1.896
pak,1990,1.835
pak,1991,2.162
pak,1992,1.809
pak,1993,1.645
pak,1994,1.666
pak,1995,1.574
pak,1997,1.859
pak,1998,1.714
pak,2000,2.608
pak,2002,3.121
pak,2004,3.501
pak,2006,0.514
pak,2007,0.286
pak,2008,0.217
pak,2009,0.358
pak,2010,0.421
pak,2011,0.528
pak,2012,1.752
pak,2013,1.55
pak,2014,1.064
pak,2015,1.328
pak,2016,1.101
pak,2018,2.26
pak,2019,2.459
pak,2020,2.419
pak,2021,4.225
pak,2025,3.859
pan,1990,8.105
pan,2009,2.635
pan,2010,3.828
pan,2011,2.451
pan,2012,2.228
pan,2013,1.959
pan,2014,2.67
pan,2015,3.041
pan,2016,3.204
pan,2017,3.31
pan,2018,3.353
pan,2019,3.966
pan,2020,11.707
pan,2021,8.974
pan,2022,6.266
pan,2023,4.52
pan,2024,5.962
per,1996,4.268
per,1997,2.904
per,1998,3.416
per,1999,2.851
per,2000,3.379
per,2001,3.7
per,2002,4.073
per,2003,3.044
per,2004,3.447
per,2005,3.588
per,2006,2.811
per,2007,2.46
per,2008,2.422
per,2009,2.524
per,2010,2.192
per,2011,2.115
per,2012,2.04
per,2013,2.306
per,2014,2.022
per,2015,2.352
per,2016,2.556
per,2017,2.385
per,2018,2.184
per,2019,2.212
per,2020,6.742
per,2021,3.986
per,2022,2.637
per,2023,3.316
per,2024,3.325
phl,1985,3.374
phl,1987,5.991
phl,1988,5.488
phl,1989,4.958
phl,1990,5.139
phl,1991,5.761
phl,1992,5.543
phl,1993,6.084
phl,1994,5.619
phl,1995,5.526
phl,1996,5.065
phl,1997,5.446
phl,1998,6.777
phl,1999,6.606
phl,2001,2.55
phl,2003,2.41
phl,2004,2.355
phl,2005,2.629
phl,2006,2.83
phl,2007,2.316
phl,2008,2.494
phl,2009,2.645
phl,2010,2.46
phl,2011,2.451
phl,2012,2.356
phl,2013,2.31
phl,2014,2.535
phl,2015,2.078
phl,2016,1.832
phl,2017,1.736
phl,2018,1.55
phl,2019,1.473
phl,2020,1.923
phl,2021,2.641
phl,2022,2.044
phl,2023,1.895
plw,1995,4.118
plw,2000,2.627
plw,2014,0.791
plw,2020,0.487
plw,2023,2.607
png,2010,2.24
png,2022,3.047
pol,1997,8.315
pol,1998,7.24
pol,1999,9.861
pol,2000,11.48
pol,2001,14.266
pol,2002,16.699
pol,2003,16.618
pol,2004,15.798
pol,2005,14.295
pol,2006,11.184
pol,2007,7.743
pol,2008,5.393
pol,2009,6.359
pol,2010,7.928
pol,2011,7.499
pol,2012,7.956
pol,2013,8.2
pol,2014,7.236
pol,2015,6.227
pol,2016,5.14
pol,2017,4.069
pol,2018,3.235
pol,2019,2.51
pol,2020,2.588
pol,2021,2.771
pol,2022,2.392
pol,2023,2.168
pol,2024,2.089
pri,1976,18.199
pri,1977,17.134
pri,1978,14.797
pri,1979,14.204
pri,1981,16.791
pri,1982,19.801
pri,1983,23.106
pri,1984,20.869
pri,1985,21.714
pri,1986,19.735
pri,1987,17.533
pri,1988,15.699
pri,1990,15.665
pri,1991,16.875
pri,1992,17.417
pri,1993,17.442
pri,1995,14.723
pri,1996,12.939
pri,1997,12.98
pri,1998,13.004
pri,1999,11.667
pri,2000,10.517
pri,2002,12.11
pri,2003,11.392
pri,2004,10.197
pri,2005,10.565
pri,2006,10
pri,2007,10.701
pri,2008,11.688
pri,2015,13.278
pri,2020,12.863
prt,1985,4.145
prt,1986,4.778
prt,1987,3.978
prt,1988,2.921
prt,1989,2.608
prt,1990,2.375
prt,1991,1.904
prt,1992,2.349
prt,1993,3.553
prt,1994,4.837
prt,1995,5.326
prt,1996,5.176
prt,1997,5.028
prt,1998,3.182
prt,1999,3.744
prt,2000,2.724
prt,2001,2.506
prt,2002,3.266
prt,2003,4.771
prt,2004,4.871
prt,2005,6.145
prt,2006,5.831
prt,2007,6.101
prt,2008,5.971
prt,2009,8.47
prt,2010,9.266
prt,2011,11.572
prt,2012,14.667
prt,2013,15.432
prt,2014,12.06
prt,2015,10.824
prt,2016,9.723
prt,2017,7.32
prt,2018,5.576
prt,2019,5.063
prt,2020,5.692
prt,2021,5.348
prt,2022,5.118
prt,2023,5.099
prt,2024,4.984
prt,2025,4.542
pry,1993,3.458
pry,1994,3.838
pry,1998,2.532
pry,1999,3.349
pry,2001,3.987
pry,2002,5.976
pry,2003,3.933
pry,2004,4.149
pry,2005,2.282
pry,2006,2.88
pry,2007,1.984
pry,2008,2.055
pry,2009,2.812
pry,2010,1.848
pry,2011,1.961
pry,2012,1.534
pry,2013,2.814
pry,2014,2.611
pry,2015,2.345
pry,2016,2.781
pry,2017,3.25
pry,2018,3.302
pry,2019,3.484
pry,2020,4.205
pry,2021,3.997
pry,2022,4.076
pry,2023,3.126
pry,2024,2.88
pse,2000,9.944
pse,2001,21.267
pse,2002,27.845
pse,2003,21.812
pse,2004,22.334
pse,2005,18.164
pse,2006,18.137
pse,2007,16.061
pse,2008,20.293
pse,2009,17.084
pse,2010,17.522
pse,2011,13.015
pse,2012,13.402
pse,2013,13.153
pse,2014,14.813
pse,2015,16.199
pse,2016,16.641
pse,2017,16.991
pse,2018,18.592
pse,2019,18.165
pse,2020,19.75
pse,2021,18.982
pse,2022,17.888
pse,2024,30.122
pse,2025,26.773
pyf,2002,7.025
pyf,2007,7.371
pyf,2012,15.876
qat,2004,0.36
qat,2007,0.14
qat,2008,0.07
qat,2009,0.078
qat,2011,0.153
qat,2012,0.071
qat,2013,0.047
qat,2014,0.035
qat,2015,0.043
qat,2016,0.046
qat,2017,0.042
qat,2018,0.048
qat,2019,0.049
qat,2020,0.064
qat,2021,0.066
reu,1990,27.775
reu,2012,23.837
reu,2016,20.112
rou,1992,5.14
rou,1995,6.069
rou,1996,4.834
rou,1997,4.167
rou,1998,4.932
rou,1999,6.188
rou,2000,7.052
rou,2001,6.56
rou,2002,7.555
rou,2003,6.626
rou,2004,7.34
rou,2005,6.693
rou,2006,7.249
rou,2007,6.2
rou,2008,5.793
rou,2009,6.771
rou,2010,6.703
rou,2011,6.596
rou,2012,6.487
rou,2013,6.906
rou,2014,6.566
rou,2015,6.905
rou,2016,6.02
rou,2017,4.94
rou,2018,4.108
rou,2019,3.623
rou,2020,4.591
rou,2021,4.96
rou,2022,5.037
rou,2023,5.031
rou,2024,4.843
rus,2010,6.807
rus,2011,5.997
rus,2012,4.878
rus,2013,4.996
rus,2014,4.692
rus,2015,4.981
rus,2016,4.916
rus,2017,4.573
rus,2018,4.16
rus,2019,4.004
rus,2020,5.107
rus,2021,3.956
rus,2022,3.221
rus,2023,2.436
rus,2024,1.916
rwa,1996,0.805
rwa,2014,1.155
rwa,2017,10.432
rwa,2018,9.085
rwa,2019,9.488
rwa,2020,9.951
rwa,2021,12.444
rwa,2022,12.14
rwa,2023,9.037
rwa,2024,8.227
sau,2007,2.249
sau,2008,1.763
sau,2009,2.014
sau,2011,1.829
sau,2017,2.161
sau,2018,2.178
sau,2019,1.67
sau,2020,2.712
sau,2021,2.588
sau,2022,2.01
sau,2023,1.43
sau,2024,1.332
sdn,2008,10.412
sdn,2011,9.347
sdn,2022,4.963
sen,2006,6.816
sen,2011,3.385
sen,2015,6.744
sen,2016,4.01
sen,2017,4.276
sen,2019,2.99
sen,2022,3.866
sen,2023,4.047
sen,2024,5.367
sgp,1984,2.083
sgp,1985,3.82
sgp,1986,6.874
sgp,1987,5.015
sgp,1988,3.715
sgp,1989,2.315
sgp,1990,2.166
sgp,1991,2.04
sgp,1992,2.77
sgp,1993,2.51
sgp,1994,2.42
sgp,1995,2.98
sgp,1996,2.94
sgp,1997,2.19
sgp,1998,3.01
sgp,1999,4.47
sgp,2001,3.58
sgp,2002,5.44
sgp,2003,5.86
sgp,2004,5.47
sgp,2005,4.505
sgp,2006,3.78
sgp,2007,3.16
sgp,2008,3.25
sgp,2009,4.75
sgp,2010,3.56
sgp,2011,3.17
sgp,2012,2.896
sgp,2013,3.099
sgp,2014,3.204
sgp,2015,3.001
sgp,2016,3.5
sgp,2017,3.488
sgp,2018,3.42
sgp,2019,3.445
sgp,2020,4.368
sgp,2021,4.195
sgp,2022,3.116
sgp,2023,3.064
sgp,2024,3.217
slb,2013,0.623
sle,2004,4.367
sle,2014,4.542
sle,2018,4.423
slv,1996,6.177
slv,1997,6.931
slv,1998,6.378
slv,1999,6.184
slv,2002,6.153
slv,2003,6.685
slv,2004,6.421
slv,2006,6.239
slv,2007,6.248
slv,2009,7.166
slv,2010,4.694
slv,2011,4.382
slv,2012,3.248
slv,2013,3.136
slv,2014,3.692
slv,2015,3.635
slv,2016,3.723
slv,2017,3.866
slv,2018,3.594
slv,2019,3.254
slv,2020,3.922
slv,2021,3.339
slv,2022,2.453
slv,2023,2.341
slv,2024,1.985
smr,1985,1.456
smr,1986,1.474
smr,1987,1.868
smr,1988,1.637
smr,1989,1.612
smr,1990,1.616
smr,1991,1.382
smr,1992,1.222
smr,1993,1.238
smr,1995,0.709
smr,1996,0.911
smr,1997,0.913
smr,1998,0.836
smr,2006,0.963
smr,2007,0.844
smr,2008,1.109
smr,2009,1.762
smr,2010,1.668
smr,2015,3.578
smr,2016,2.682
smr,2017,4.359
smr,2018,4.18
smr,2019,4.006
smr,2020,3.717
smr,2021,2.774
smr,2022,2.466
som,2019,13.585
som,2022,8.175
srb,2005,14.832
srb,2006,16.366
srb,2007,14.28
srb,2008,11.064
srb,2009,13.519
srb,2010,17.278
srb,2011,21.624
srb,2012,22.108
srb,2013,20.194
srb,2014,17.209
srb,2015,16.016
srb,2016,14.734
srb,2017,12.794
srb,2018,11.732
srb,2019,9.725
srb,2020,8.39
srb,2021,9.061
srb,2022,7.754
srb,2023,7.494
srb,2024,6.664
ssd,2008,8.103
stp,2017,7.479
sur,1995,2.958
sur,2009,3.396
sur,2010,2.881
sur,2011,2.816
sur,2012,3.645
sur,2013,1.832
sur,2014,2.856
sur,2015,3.83
sur,2016,3.488
svk,1998,9.292
svk,1999,12.446
svk,2000,14.936
svk,2001,15.799
svk,2002,14.866
svk,2003,14.511
svk,2004,14.702
svk,2005,13.278
svk,2006,10.502
svk,2007,8.665
svk,2008,7.411
svk,2009,9.993
svk,2010,12.405
svk,2011,11.756
svk,2012,11.486
svk,2013,12.192
svk,2014,9.027
svk,2015,9.054
svk,2016,7.68
svk,2017,7.314
svk,2018,5.688
svk,2019,5.226
svk,2020,5.863
svk,2021,5.985
svk,2022,5.328
svk,2023,5.053
svk,2024,4.168
svn,1991,5.626
svn,1993,8.174
svn,1994,8.163
svn,1995,6.045
svn,1996,5.719
svn,1997,5.218
svn,1998,6.272
svn,1999,6.122
svn,2000,5.718
svn,2001,4.201
svn,2002,4.933
svn,2003,5.367
svn,2004,5.271
svn,2005,5.157
svn,2006,4.349
svn,2007,3.42
svn,2008,3.26
svn,2009,5.309
svn,2010,7.111
svn,2011,7.65
svn,2012,7.57
svn,2013,8.901
svn,2014,8.285
svn,2015,7.302
svn,2016,6.888
svn,2017,5.185
svn,2018,4.223
svn,2019,3.656
svn,2020,3.985
svn,2021,3.694
svn,2022,3.202
svn,2023,2.831
svn,2024,2.491
swe,1986,1.75
swe,1987,1.61
swe,1989,1.021
swe,1995,8.941
swe,1996,9.184
swe,1997,9.636
swe,1998,9.294
swe,1999,7.433
swe,2000,5.12
swe,2001,3.929
swe,2002,4.278
swe,2003,4.858
swe,2004,5.591
swe,2005,6.234
swe,2006,5.157
swe,2007,4.114
swe,2008,4.004
swe,2009,6.407
swe,2010,6.312
swe,2011,5.656
swe,2012,6.09
swe,2013,6.032
swe,2014,6.045
swe,2015,5.801
swe,2016,5.634
swe,2017,5.52
swe,2018,5.087
swe,2019,5.081
swe,2020,6.488
swe,2021,6.461
swe,2022,5.314
swe,2023,5.552
swe,2024,6.106
swz,1995,14.339
swz,2016,17.409
swz,2021,28.904
swz,2023,29.587
syc,1994,6.27
syc,2011,2.569
syc,2014,2.131
syc,2015,2.121
syc,2016,2.679
syc,2017,2.442
syc,2018,2.537
syc,2019,2.5
syc,2020,3.54
syc,2023,2.956
syc,2024,1.706
syr,2003,5.009
syr,2007,2.882
syr,2009,4.288
syr,2010,3.644
tcd,2018,1.434
tgo,2006,3.94
tgo,2010,8.142
tgo,2011,1.98
tgo,2015,2.757
tgo,2017,4.319
tgo,2019,2.277
tgo,2022,1.851
tha,1976,0.28
tha,1978,0.42
tha,1979,0.56
tha,1980,0.65
tha,1982,1.48
tha,1984,1.79
tha,1987,2.06
tha,1988,1.63
tha,1989,0.84
tha,1990,1.1
tha,1994,0.983
tha,1996,0.925
tha,1997,0.771
tha,1998,3.317
tha,1999,2.637
tha,2000,2.245
tha,2001,1.64
tha,2003,1
tha,2004,1.09
tha,2005,0.89
tha,2006,0.79
tha,2007,0.75
tha,2008,0.74
tha,2009,1.043
tha,2010,0.448
tha,2011,0.449
tha,2012,0.396
tha,2013,0.17
tha,2014,0.382
tha,2015,0.406
tha,2016,0.447
tha,2017,0.582
tha,2018,0.537
tha,2019,0.486
tha,2020,0.86
tha,2021,0.982
tha,2022,0.659
tha,2023,0.501
tha,2024,0.569
tjk,2003,4.491
tjk,2009,10.387
tls,2001,2.916
tls,2007,2.9
tls,2010,2.67
tls,2013,3.619
tls,2015,3.717
tls,2016,1.87
tls,2021,1.846
tls,2022,1.426
ton,2016,0.641
ton,2018,1.454
ton,2021,1.442
ton,2023,0.588
tto,1988,16.843
tto,1989,16.594
tto,1990,13.851
tto,1991,12.419
tto,1993,15.164
tto,1995,11.933
tto,1996,10.614
tto,1998,8.368
tto,1999,7.99
tto,2000,7.387
tto,2002,5.5
tto,2005,3.965
tto,2006,3.241
tto,2007,2.528
tto,2008,2.364
tto,2009,3.714
tto,2010,2.827
tto,2011,2.308
tto,2012,2.56
tto,2013,2.001
tto,2014,2.096
tto,2015,1.779
tto,2016,2.851
tto,2019,2.802
tto,2020,3.282
tto,2021,2.982
tto,2022,3.622
tto,2023,2.878
tto,2024,3.491
tun,1989,9.74
tun,1997,11.91
tun,2005,9.104
tun,2006,8.733
tun,2007,8.561
tun,2008,8.444
tun,2009,8.487
tun,2010,8.47
tun,2011,11.427
tun,2012,11.313
tun,2013,10.808
tun,2014,8.726
tun,2015,10.531
tun,2016,10.445
tun,2017,10.326
tun,2019,11.95
tun,2021,4.516
tun,2022,12.039
tun,2023,11.589
tur,1988,3.964
tur,1989,5.324
tur,2000,5.008
tur,2001,7.085
tur,2002,9.036
tur,2003,8.908
tur,2004,9.215
tur,2005,9.013
tur,2006,8.612
tur,2007,8.483
tur,2008,9.298
tur,2009,12.25
tur,2010,10.066
tur,2011,8.039
tur,2012,7.489
tur,2013,7.562
tur,2014,7.813
tur,2015,8.071
tur,2016,8.456
tur,2017,8.111
tur,2018,8.275
tur,2019,11.014
tur,2020,11.169
tur,2021,9.53
tur,2022,7.844
tur,2023,6.715
tur,2024,6.199
tuv,2010,4.01
tuv,2016,3.182
tuv,2017,17.988
tuv,2022,4.351
twn,1978,0.94
twn,1979,0.537
twn,1980,0.62
twn,1981,0.698
twn,1982,1.327
twn,1983,1.875
twn,1984,1.651
twn,1985,2.1
twn,1986,1.99
twn,1987,1.363
twn,1988,1.164
twn,1989,1.108
twn,1990,1.257
twn,1991,1.129
twn,1992,1.054
twn,1993,1.017
twn,1994,1.229
twn,1995,1.507
twn,1996,2.374
twn,1997,2.628
twn,1998,2.519
twn,1999,2.888
twn,2000,2.957
twn,2001,4.805
twn,2002,5.442
twn,2003,5.032
twn,2004,4.3
twn,2005,3.871
twn,2006,3.671
twn,2007,3.76
twn,2008,4.083
twn,2009,6.347
twn,2010,5.705
twn,2011,4.502
twn,2012,4.262
twn,2013,4.226
twn,2014,4.044
twn,2015,3.866
twn,2016,4.026
twn,2017,3.845
twn,2018,3.676
twn,2019,3.56
twn,2020,3.609
tza,2001,1.917
tza,2006,0.951
tza,2008,0.37
tza,2010,1.015
tza,2011,1.232
tza,2012,0.699
tza,2013,1.069
tza,2014,1.134
tza,2020,0.902
tza,2024,0.98
uga,2010,0.797
uga,2011,0.536
uga,2012,2.273
uga,2013,1.099
uga,2014,1.525
uga,2017,2.278
uga,2019,2.492
uga,2021,2.663
ukr,2004,8.2
ukr,2005,6.67
ukr,2009,9.39
ukr,2010,8.6
ukr,2011,7.906
ukr,2012,7.715
ukr,2013,7.31
ukr,2014,9.81
ukr,2015,9.23
ukr,2016,10.04
ukr,2017,10.813
ukr,2018,10.288
ukr,2019,8.043
ukr,2020,9.464
ukr,2021,9.264
ury,1990,3.13
ury,1991,3.461
ury,1992,3.354
ury,1993,3.006
ury,1994,3.365
ury,1995,4.287
ury,1998,4.062
ury,1999,4.679
ury,2000,6.21
ury,2001,6.925
ury,2002,9.195
ury,2003,8.916
ury,2004,6.247
ury,2005,6.127
ury,2006,4.913
ury,2007,3.647
ury,2008,3.083
ury,2009,3.14
ury,2010,2.84
ury,2011,2.788
ury,2012,3.063
ury,2013,2.876
ury,2014,3.072
ury,2015,3.906
ury,2016,4.076
ury,2017,4.27
ury,2018,4.154
ury,2019,4.513
ury,2020,5.639
ury,2021,4.677
ury,2022,4.691
ury,2023,5.179
ury,2024,5.009
usa,1948,2.6
usa,1949,4.6
usa,1950,4
usa,1951,2.2
usa,1952,2.1
usa,1953,2.2
usa,1954,4.4
usa,1955,3.2
usa,1956,3
usa,1957,3.1
usa,1958,5.6
usa,1959,4.2
usa,1960,4.2
usa,1961,5.1
usa,1962,4
usa,1963,3.8
usa,1964,3.2
usa,1965,2.7
usa,1966,2.1
usa,1967,1.9
usa,1968,1.7
usa,1969,1.6
usa,1970,2.8
usa,1971,3.5
usa,1972,3.1
usa,1973,2.5
usa,1974,3.1
usa,1975,5.7
usa,1976,4.9
usa,1977,4.3
usa,1978,3.5
usa,1979,3.4
usa,1980,5.1
usa,1981,5.5
usa,1982,8
usa,1983,8.2
usa,1984,5.9
usa,1985,5.6
usa,1986,5.6
usa,1987,5
usa,1988,4.4
usa,1989,4.1
usa,1990,4.6
usa,1991,5.9
usa,1992,6.7
usa,1993,6
usa,1994,4.914
usa,1995,4.414
usa,1996,4.216
usa,1997,3.764
usa,1998,3.26
usa,1999,3.009
usa,2000,2.873
usa,2001,3.68
usa,2002,4.846
usa,2003,5.191
usa,2004,4.554
usa,2005,3.943
usa,2006,3.62
usa,2007,3.688
usa,2008,4.978
usa,2009,9.234
usa,2010,9.291
usa,2011,8.197
usa,2012,6.926
usa,2013,6.361
usa,2014,5.151
usa,2015,4.376
usa,2016,4.043
usa,2017,3.64
usa,2018,3.189
usa,2019,3.036
usa,2020,6.924
usa,2021,4.933
usa,2022,3.063
usa,2023,3.227
usa,2024,3.429
usa,2025,3.558
uzb,2020,3.434
vct,1991,12.87
ven,1990,11.877
ven,2001,8.577
ven,2005,8.445
ven,2006,6.948
ven,2007,5.924
ven,2008,5.175
ven,2009,5.144
ven,2010,6.151
ven,2011,5.7
ven,2012,5.311
ven,2016,4.567
ven,2017,3.539
ven,2020,5.489
vgb,1991,2.776
vnm,2004,1.208
vnm,2007,1.233
vnm,2009,1.384
vnm,2010,0.64
vnm,2011,0.666
vnm,2012,0.663
vnm,2013,0.945
vnm,2014,0.873
vnm,2015,1.301
vnm,2016,1.252
vnm,2017,1.299
vnm,2018,0.839
vnm,2019,1.275
vnm,2020,1.386
vnm,2021,2.193
vnm,2022,1.33
vnm,2023,1.381
vnm,2024,1.238
vut,2006,4.06
vut,2009,2.961
vut,2010,1.683
vut,2019,3.169
vut,2020,3.038
wlf,2018,2.586
wlf,2019,1.76
wlf,2023,0.303
wsm,2001,2.954
wsm,2006,0.697
wsm,2011,3.458
wsm,2012,6.777
wsm,2014,6.716
wsm,2017,5.152
wsm,2018,0.43
wsm,2022,2.863
yem,1994,6.16
yem,1999,9.9
yem,2010,6.993
yem,2014,9.093
zaf,2000,21.367
zaf,2001,22.078
zaf,2002,22.552
zaf,2003,22.027
zaf,2004,20.439
zaf,2005,19.421
zaf,2006,18.524
zaf,2007,17.373
zaf,2008,16.373
zaf,2009,19.003
zaf,2010,19.782
zaf,2011,20.08
zaf,2012,20.151
zaf,2013,20.281
zaf,2014,20.756
zaf,2015,20.809
zaf,2016,22.164
zaf,2017,23.266
zaf,2018,23.241
zaf,2019,24.722
zaf,2020,26.077
zaf,2021,30.64
zaf,2022,29.672
zaf,2023,28.234
zaf,2024,28.896
zmb,2000,11.232
zmb,2012,4.633
zmb,2015,2.331
zmb,2017,3.327
zmb,2018,4.185
zmb,2019,4.402
zmb,2020,4.421
zmb,2021,3.864
zmb,2022,5.185
zmb,2023,4.908
zmb,2024,4.131
zwe,1997,4.708
zwe,1999,4.25
zwe,2004,3.201
zwe,2011,3.703
zwe,2014,4.07
zwe,2019,7.37
zwe,2021,8.11
zwe,2022,8.216
zwe,2023,8.44
zwe,2024,10.101
