geo,time,females_aged_55_64_unemployment_rate_percent
abw,1991,4.215
abw,2007,1.669
abw,2010,7.124
afg,2008,1.851
afg,2012,4.271
afg,2014,5.618
afg,2017,7.08
afg,2020,7.013
ago,2004,12.418
ago,2010,3.753
ago,2011,5.469
ago,2014,1.99
ago,2019,1.822
ago,2020,1.225
ago,2021,2.899
ago,2022,2.962
ago,2023,6.374
ago,2024,4.492
aia,2001,2.551
alb,2007,8.045
alb,2008,7.984
alb,2009,9.586
alb,2010,9.991
alb,2011,9.359
alb,2012,5.645
alb,2013,6.814
alb,2014,8.658
alb,2015,8.976
alb,2016,8.394
alb,2017,7.216
alb,2018,7.963
alb,2019,7.358
alb,2020,7.04
alb,2021,10.48
alb,2022,8.753
alb,2023,7.565
ant,1984,11.891
ant,1985,12.992
ant,1986,12.742
ant,2004,11.735
ant,2005,12.849
ant,2006,13.501
ant,2007,6.676
ant,2008,7.223
ant,2009,7.718
ant,2011,7.179
are,2005,12.216
are,2016,2.263
are,2017,1.519
are,2020,1.711
are,2021,1.457
are,2022,0.687
are,2023,0.388
are,2024,1.321
arg,2004,9.031
arg,2005,8.043
arg,2006,7.215
arg,2008,4.72
arg,2009,4.827
arg,2010,4.17
arg,2011,3.492
arg,2012,4.244
arg,2013,2.957
arg,2014,3.158
arg,2017,4.164
arg,2018,4.113
arg,2019,4.941
arg,2020,8.086
arg,2021,4.057
arg,2022,3.476
arg,2023,2.282
arg,2024,1.081
arm,2001,27.827
arm,2008,16.363
arm,2009,10.937
arm,2010,14.822
arm,2011,16.881
arm,2012,11.992
arm,2013,11.432
arm,2014,11.552
arm,2015,9.542
arm,2016,10.692
arm,2017,9.198
arm,2018,9.81
arm,2019,5.787
arm,2020,3.422
arm,2021,6.422
arm,2022,5.752
arm,2023,6.969
asm,1990,1.829
atg,2001,3.509
atg,2018,4.733
aus,1979,2.5
aus,1980,2.677
aus,1981,2.161
aus,1982,2.844
aus,1983,3.25
aus,1984,3.3
aus,1985,3.5
aus,1986,3.553
aus,1987,3.224
aus,1988,3.306
aus,1989,3.148
aus,1990,2.903
aus,1991,3.854
aus,1992,3.866
aus,1993,4.777
aus,1994,5.582
aus,1995,4.105
aus,1996,4.718
aus,1997,4.425
aus,1998,4.463
aus,1999,3.502
aus,2000,3.152
aus,2001,2.966
aus,2002,2.95
aus,2003,3.018
aus,2004,3.037
aus,2005,2.883
aus,2006,2.77
aus,2007,2.622
aus,2008,2.006
aus,2009,2.873
aus,2010,2.628
aus,2011,2.888
aus,2012,3.112
aus,2013,3.181
aus,2014,3.8
aus,2015,3.548
aus,2016,3.605
aus,2017,3.756
aus,2018,3.999
aus,2019,3.786
aus,2020,4.714
aus,2021,3.865
aus,2022,2.596
aus,2023,2.758
aus,2024,2.72
aut,1982,1.682
aut,1983,1.235
aut,1984,2.567
aut,1985,1.942
aut,1986,2.339
aut,1987,2.754
aut,1988,2.619
aut,1989,1.433
aut,1990,3.333
aut,1991,2.754
aut,1992,4.602
aut,1993,5.076
aut,1995,2.894
aut,1996,3.472
aut,1997,3.284
aut,1998,5.734
aut,1999,3.434
aut,2000,5.864
aut,2001,5.158
aut,2002,3.832
aut,2003,3.857
aut,2004,3.582
aut,2005,3.049
aut,2006,2.51
aut,2007,3.602
aut,2008,2.807
aut,2009,2.555
aut,2010,1.918
aut,2011,2.483
aut,2012,2.759
aut,2013,3.253
aut,2014,2.893
aut,2015,3.394
aut,2016,3.76
aut,2017,3.735
aut,2018,3.833
aut,2019,2.949
aut,2020,3.768
aut,2021,4.764
aut,2022,3.036
aut,2023,2.978
aut,2024,2.792
aze,1999,23.878
aze,2000,3.631
aze,2001,2.949
aze,2002,3.72
aze,2003,2.05
aze,2004,1.629
aze,2005,2.069
aze,2006,1.471
aze,2007,0.491
aze,2008,1.433
aze,2009,1.339
aze,2010,2.712
aze,2011,4.183
aze,2012,2.298
aze,2013,2.12
aze,2014,2.005
aze,2015,2.398
aze,2016,2.616
aze,2017,3.026
aze,2018,3.382
aze,2019,4.103
aze,2020,8.696
aze,2021,5.662
aze,2022,5.168
bdi,1990,0.104
bel,1983,4.017
bel,1984,6.465
bel,1985,6.369
bel,1986,7.722
bel,1987,6.059
bel,1988,6.885
bel,1989,5.453
bel,1990,5.004
bel,1991,3.955
bel,1992,4.145
bel,1993,3.674
bel,1994,5.932
bel,1995,4.4
bel,1996,3.996
bel,1997,4.305
bel,1998,5.408
bel,1999,8.113
bel,2000,2.848
bel,2002,3.83
bel,2003,1.337
bel,2004,2.833
bel,2005,5.482
bel,2006,5.661
bel,2007,5.33
bel,2008,5.555
bel,2009,5.238
bel,2010,5.24
bel,2011,4.237
bel,2012,5.074
bel,2013,5.298
bel,2014,5.126
bel,2015,4.727
bel,2016,6.029
bel,2017,6.55
bel,2018,3.731
bel,2019,3.911
bel,2020,3.332
bel,2021,4.011
bel,2022,3.474
bel,2023,3.151
bel,2024,3.203
ben,1992,0.187
ben,2002,0.14
ben,2010,0.081
ben,2011,0.817
ben,2013,0.555
bfa,2006,0.476
bfa,2014,5.5
bfa,2022,0.374
bfa,2023,2.859
bgd,2003,1.46
bgd,2005,5.93
bgd,2006,5.521
bgd,2010,6.39
bgd,2011,2.306
bgd,2013,1.713
bgd,2016,1.7
bgd,2017,0.268
bgd,2022,1.717
bgd,2023,0.435
bgd,2024,0.624
bgr,2000,10.81
bgr,2001,19.04
bgr,2002,15.404
bgr,2003,12.02
bgr,2004,9.355
bgr,2005,8.278
bgr,2006,8.278
bgr,2007,7.414
bgr,2008,6.127
bgr,2009,6.939
bgr,2010,8.554
bgr,2011,8.061
bgr,2012,9.329
bgr,2013,11.63
bgr,2014,10.331
bgr,2015,8.075
bgr,2016,6.522
bgr,2017,5.388
bgr,2018,3.794
bgr,2019,3.768
bgr,2020,4.042
bgr,2021,4
bgr,2022,3.175
bgr,2023,3.667
bgr,2024,3.39
bhr,1991,2.878
bhr,2010,0.175
bhr,2011,0.203
bhr,2012,0.174
bhr,2015,0.294
bhs,1990,1.778
bhs,2007,5.83
bhs,2019,4.246
bhs,2023,3.536
bih,2001,5.24
bih,2006,12.185
bih,2007,13.979
bih,2008,8.278
bih,2009,10.422
bih,2010,10.415
bih,2011,12.701
bih,2012,13.345
bih,2013,13.73
bih,2014,11.869
bih,2015,13.726
bih,2016,15.308
bih,2017,11.065
bih,2018,8.338
bih,2019,9.25
bih,2020,7.106
bih,2021,8.947
bih,2022,7.79
bih,2023,6.197
bih,2024,6.791
blr,1999,4.268
blr,2009,2.515
blr,2016,4.618
blr,2017,4.527
blr,2018,4.53
blr,2019,2.766
blr,2020,2.735
blr,2021,3.506
blr,2022,2.629
blr,2023,2.209
blr,2024,2.044
blz,1994,6.167
blz,2012,11.404
blz,2013,5.03
blz,2014,3.943
blz,2015,3.617
blz,2017,2.035
blz,2019,4.497
bmu,1991,1.964
bmu,2000,1.135
bmu,2009,2.435
bmu,2010,5.257
bmu,2012,6.216
bmu,2014,7
bol,1986,47.487
bol,1987,5.857
bol,1995,1.679
bol,1996,3.517
bol,1997,0.703
bol,2000,1.041
bol,2011,1.315
bol,2012,1.384
bol,2013,0.608
bol,2014,0.545
bol,2015,0.792
bol,2016,0.89
bol,2017,1.136
bol,2018,0.963
bol,2019,0.748
bol,2020,4.037
bol,2021,1.359
bol,2022,1.069
bol,2023,1.103
bol,2024,0.806
bra,1989,0.342
bra,1990,1.354
bra,1992,1.451
bra,1995,1.796
bra,1996,3.555
bra,1997,3.326
bra,1998,4.054
bra,1999,3.841
bra,2001,4.285
bra,2002,3.761
bra,2003,3.842
bra,2004,3.844
bra,2005,3.795
bra,2006,3.502
bra,2007,3.22
bra,2008,3.355
bra,2009,3.918
bra,2011,2.994
bra,2012,2.406
bra,2013,2.285
bra,2014,2.269
bra,2015,2.902
bra,2016,4.348
bra,2017,4.999
bra,2018,5.188
bra,2019,5.594
bra,2020,7.027
bra,2021,8.39
bra,2022,5.579
bra,2023,4.907
bra,2024,4.041
brb,1983,5.41
brb,1986,8.333
brb,1987,13.514
brb,1988,20.513
brb,1989,6.818
brb,1990,6.061
brb,1991,8.108
brb,1992,13.514
brb,1994,5.128
brb,1995,10.256
brb,1996,4.167
brb,1997,4.651
brb,2003,11.29
brb,2009,6.383
brb,2010,5.66
brb,2013,6.604
brb,2014,5.983
brb,2015,3.407
brb,2016,2.891
brb,2017,3.868
brb,2018,4.382
brb,2019,3.503
brb,2021,6.589
brb,2022,5.256
brb,2023,3.795
brn,2014,4.016
brn,2017,2.661
brn,2019,1.198
btn,2009,1.6
btn,2010,1.587
btn,2014,0.074
btn,2015,0.226
btn,2021,0.778
bwa,1985,13.892
bwa,1991,2.282
bwa,1996,7.634
bwa,2001,4.09
bwa,2006,4.912
bwa,2009,6.007
bwa,2010,6.227
bwa,2011,5.325
bwa,2019,12.903
bwa,2020,10.862
bwa,2021,7.707
bwa,2022,11.703
bwa,2023,17.809
bwa,2024,15.412
can,1976,4.606
can,1977,5.434
can,1978,5.603
can,1979,4.866
can,1980,5.164
can,1981,4.468
can,1982,6.625
can,1983,8.14
can,1984,7.567
can,1985,7.809
can,1986,7.353
can,1987,7.666
can,1988,6.115
can,1989,6.066
can,1990,5.707
can,1991,7.946
can,1992,8.471
can,1993,9.546
can,1994,8.396
can,1995,8.029
can,1996,7.562
can,1997,7.643
can,1998,6.72
can,1999,5.325
can,2000,5.508
can,2001,5.638
can,2002,5.798
can,2003,5.527
can,2004,5.674
can,2005,5.344
can,2006,5.293
can,2007,5.092
can,2008,5.138
can,2009,5.907
can,2010,5.933
can,2011,6.409
can,2012,6.035
can,2013,6.025
can,2014,5.81
can,2015,5.669
can,2016,5.881
can,2017,5.418
can,2018,4.991
can,2019,4.846
can,2020,7.909
can,2021,7.7
can,2022,4.828
can,2023,4.571
can,2024,4.625
can,2025,5.118
che,1990,1.126
che,1992,2.935
che,1993,3.524
che,1994,3.68
che,1995,1.86
che,1996,3.276
che,1997,2.588
che,1998,1.889
che,1999,2.546
che,2000,2.332
che,2001,1.599
che,2002,1.84
che,2003,2.486
che,2004,3.39
che,2005,3.667
che,2006,3.324
che,2007,3.792
che,2008,2.667
che,2009,2.333
che,2010,3.518
che,2011,3.652
che,2012,3.345
che,2013,3.183
che,2014,3.141
che,2015,3.492
che,2016,3.142
che,2017,3.353
che,2018,3.751
che,2019,3.653
che,2020,3.192
che,2021,4.276
che,2022,3.472
che,2023,3.34
che,2024,2.99
chl,1983,4.25
chl,1984,3.189
chl,1986,1.06
chl,1988,2.959
chl,1989,1.576
chl,1990,0.625
chl,1991,0.976
chl,1992,1.051
chl,1993,0.958
chl,1994,2.164
chl,1995,1.839
chl,1996,2.616
chl,1998,4.941
chl,2000,5.659
chl,2003,7.473
chl,2006,3.751
chl,2009,6.828
chl,2010,4.237
chl,2011,4.226
chl,2012,3.612
chl,2013,3.116
chl,2014,3.468
chl,2015,3.143
chl,2016,4.306
chl,2017,4.095
chl,2018,4.373
chl,2019,3.93
chl,2020,7.264
chl,2021,6.071
chl,2022,6.611
chl,2023,6.916
chl,2024,7.165
chl,2025,6.785
chn,2000,0.165
civ,2012,2.184
civ,2013,2.89
cmr,2005,2.948
cmr,2010,0.831
cmr,2014,1.064
cod,2005,0.629
cod,2012,1.086
cod,2016,0.846
cod,2020,0.911
cog,2005,2.417
cog,2009,33.406
cok,1991,2.206
cok,2011,5.128
col,1986,3.83
col,1987,3.83
col,2001,6.739
col,2002,5.739
col,2003,5.932
col,2004,6.007
col,2005,4.642
col,2007,3.681
col,2008,4.101
col,2009,4.851
col,2010,4.938
col,2011,5.065
col,2012,4.828
col,2013,4.569
col,2014,4.594
col,2015,4.376
col,2016,4.086
col,2017,4.691
col,2018,4.383
col,2019,5.493
col,2020,10.091
col,2021,8.894
col,2022,6.396
col,2023,5.452
col,2024,5.511
col,2025,4.514
cpv,1990,9.101
cpv,2009,2.789
cpv,2015,21.802
cpv,2017,2.93
cpv,2018,0.532
cpv,2019,2.6
cri,2002,2.443
cri,2003,3.138
cri,2004,4.718
cri,2005,3.839
cri,2006,3.39
cri,2007,2.117
cri,2009,1.766
cri,2010,2.939
cri,2011,3.191
cri,2012,3.823
cri,2013,2.78
cri,2014,1.968
cri,2015,3.162
cri,2016,2.161
cri,2017,1.543
cri,2018,2.883
cri,2019,6.582
cri,2020,9.329
cri,2021,9.501
cri,2022,6.984
cri,2023,3.79
cri,2024,2.253
cri,2025,2.95
cub,2009,0
cub,2010,0
cub,2012,0.974
cym,2011,5.339
cym,2012,1.555
cym,2013,3.198
cym,2014,4.828
cym,2015,1.904
cyp,1992,1.024
cyp,1999,3.443
cyp,2000,4.274
cyp,2001,7.984
cyp,2002,5.041
cyp,2004,5.218
cyp,2005,4.379
cyp,2006,3.097
cyp,2007,3.152
cyp,2008,4.113
cyp,2009,4.567
cyp,2010,4.277
cyp,2011,4.682
cyp,2012,8.025
cyp,2013,9.828
cyp,2014,13.253
cyp,2015,13.234
cyp,2016,8.657
cyp,2017,5.638
cyp,2018,5.012
cyp,2019,6.597
cyp,2020,5.856
cyp,2021,5.841
cyp,2022,4.859
cyp,2023,3.991
cyp,2024,3.175
cze,1993,5.625
cze,1994,3.762
cze,1995,3.752
cze,1996,4.14
cze,1997,4.504
cze,1998,4.384
cze,1999,5.057
cze,2000,5.45
cze,2001,5.766
cze,2002,4.91
cze,2003,5.183
cze,2004,6.164
cze,2005,6.298
cze,2006,5.606
cze,2007,4.821
cze,2008,4.563
cze,2009,5.806
cze,2010,6.494
cze,2011,5.713
cze,2012,5.971
cze,2013,6.358
cze,2014,5.396
cze,2015,4.853
cze,2016,3.814
cze,2017,2.877
cze,2018,2.305
cze,2019,1.966
cze,2020,2.367
cze,2021,2.869
cze,2022,2.217
cze,2023,2.438
cze,2024,2.198
deu,1983,4.58
deu,1984,5.324
deu,1985,6.721
deu,1986,8.325
deu,1987,8.484
deu,1988,8.607
deu,1989,10.742
deu,1990,8.909
deu,1991,9.288
deu,1992,10.656
deu,1993,11.985
deu,1994,14.112
deu,1995,13.703
deu,1996,14.855
deu,1997,17.253
deu,1998,17.696
deu,1999,15.158
deu,2000,14.162
deu,2001,12.823
deu,2002,12.053
deu,2003,12.944
deu,2004,12.675
deu,2005,13.05
deu,2006,12.38
deu,2007,11.542
deu,2008,8.691
deu,2009,8.424
deu,2010,7.49
deu,2011,6.837
deu,2012,5.472
deu,2013,5.452
deu,2014,4.714
deu,2015,4.152
deu,2016,3.635
deu,2017,3.042
deu,2018,2.53
deu,2019,2.405
deu,2020,2.89
deu,2021,2.654
deu,2022,2.334
deu,2023,2.059
deu,2024,2.166
dji,2017,10.124
dma,1997,24.909
dma,1999,14.257
dma,2001,3.766
dnk,1983,6.265
dnk,1984,6.432
dnk,1985,6.127
dnk,1986,6.209
dnk,1987,5.563
dnk,1988,7.022
dnk,1989,8.699
dnk,1990,7.505
dnk,1991,9.579
dnk,1992,10.262
dnk,1993,9.77
dnk,1994,6.706
dnk,1995,9.785
dnk,1996,6.346
dnk,1997,6.013
dnk,1998,6.377
dnk,1999,5.632
dnk,2000,4.179
dnk,2001,3.951
dnk,2002,4.194
dnk,2003,3.779
dnk,2004,5.809
dnk,2005,5.804
dnk,2006,4.306
dnk,2007,3.95
dnk,2008,2.855
dnk,2009,3.633
dnk,2010,4.253
dnk,2011,4.655
dnk,2012,5.715
dnk,2013,5.538
dnk,2014,4.783
dnk,2015,4.863
dnk,2016,3.949
dnk,2017,3.554
dnk,2018,3.895
dnk,2019,3.418
dnk,2020,4.281
dnk,2021,3.776
dnk,2022,2.667
dnk,2023,3.204
dnk,2024,3.703
dom,2000,2.072
dom,2001,3.258
dom,2002,3.035
dom,2003,1.75
dom,2004,1.934
dom,2005,2.22
dom,2006,1.185
dom,2009,1.164
dom,2010,2.12
dom,2011,0.63
dom,2012,1.728
dom,2013,2.101
dom,2014,2.052
dom,2015,1.786
dom,2016,2.418
dom,2017,1.027
dom,2018,0.845
dom,2019,1.266
dom,2020,1.193
dom,2021,3.201
dom,2022,1.371
dom,2023,1.97
dom,2024,2.141
dza,2009,1.509
dza,2012,3.846
dza,2013,2.532
dza,2014,0.393
ecu,1996,3.141
ecu,1997,7.923
ecu,1998,6.088
ecu,2001,1.369
ecu,2003,2.583
ecu,2004,1.969
ecu,2005,0.614
ecu,2006,0.805
ecu,2007,0.729
ecu,2008,1.55
ecu,2009,1.096
ecu,2010,1.066
ecu,2011,0.467
ecu,2012,0.325
ecu,2013,0.358
ecu,2014,0.475
ecu,2015,0.44
ecu,2016,1.162
ecu,2017,0.915
ecu,2018,0.765
ecu,2019,0.947
ecu,2020,2.972
ecu,2021,1.724
ecu,2022,1.018
ecu,2023,1.233
ecu,2024,1.329
ecu,2025,0.679
egy,2009,2.225
egy,2010,0.375
egy,2011,2.531
egy,2014,0.747
egy,2016,1.406
egy,2018,0.282
egy,2019,0.256
egy,2020,0.831
egy,2021,0.786
egy,2022,0.807
egy,2023,0.736
egy,2024,0.724
esp,1977,0.716
esp,1978,1.006
esp,1979,1.123
esp,1980,1.775
esp,1981,2.276
esp,1982,2.855
esp,1983,2.949
esp,1984,4.34
esp,1985,5.314
esp,1986,6.417
esp,1987,6.114
esp,1988,6.854
esp,1989,6.368
esp,1990,7.276
esp,1991,6.907
esp,1992,8.52
esp,1993,8.249
esp,1994,9.549
esp,1995,11.016
esp,1996,12.463
esp,1997,13.23
esp,1998,12.171
esp,1999,11.224
esp,2000,11.242
esp,2001,8.077
esp,2002,9.958
esp,2003,9.227
esp,2004,10.142
esp,2005,7.525
esp,2006,7.248
esp,2007,7.621
esp,2008,9.075
esp,2009,13.144
esp,2010,13.566
esp,2011,14.748
esp,2012,17.954
esp,2013,19.877
esp,2014,19.347
esp,2015,18.851
esp,2016,17.298
esp,2017,15.92
esp,2018,15.058
esp,2019,14.007
esp,2020,13.658
esp,2021,15.388
esp,2022,13.338
esp,2023,13.329
esp,2024,12.013
esp,2025,11.675
est,1997,4.258
est,1998,3.328
est,1999,3.909
est,2000,4.677
est,2001,9.98
est,2002,7.925
est,2003,6.61
est,2004,4.452
est,2005,4.489
est,2006,2.081
est,2007,0.902
est,2008,3.078
est,2009,7.329
est,2010,13.978
est,2011,9.015
est,2012,5.368
est,2013,4.367
est,2014,5.149
est,2015,5.57
est,2016,7.157
est,2017,4.252
est,2018,4.134
est,2019,3.208
est,2020,5.729
est,2021,5.255
est,2022,4.086
est,2023,6.013
est,2024,5.549
eth,1999,1.71
eth,2005,1.007
eth,2013,0.737
eth,2021,1.7
fin,1979,6.061
fin,1980,6.667
fin,1981,6.035
fin,1982,6.716
fin,1984,6.897
fin,1985,22.481
fin,1986,6.838
fin,1987,4.63
fin,1988,4.673
fin,1989,4.63
fin,1995,9.882
fin,1996,12.992
fin,1997,13.574
fin,1998,13.348
fin,1999,10.155
fin,2000,8.785
fin,2001,8.623
fin,2002,6.385
fin,2003,7.821
fin,2004,7.788
fin,2005,5.776
fin,2006,6.615
fin,2007,5.902
fin,2008,5.014
fin,2009,5.516
fin,2010,5.642
fin,2011,5.253
fin,2012,5.078
fin,2013,5.702
fin,2014,6.336
fin,2015,6.765
fin,2016,6.708
fin,2017,6.81
fin,2018,6.059
fin,2019,5.024
fin,2020,6.898
fin,2021,6.841
fin,2022,5.587
fin,2023,5.708
fin,2024,5.981
fji,1996,4.983
fji,2007,3.152
fji,2014,0.631
fji,2024,1.978
flk,2012,0.917
fra,1983,6.66
fra,1984,7.081
fra,1985,7.481
fra,1986,7.189
fra,1987,7.984
fra,1988,8.036
fra,1989,7.455
fra,1990,7.205
fra,1991,7.703
fra,1992,8.028
fra,1993,7.354
fra,1994,6.248
fra,1995,6.005
fra,1996,7.976
fra,1997,7.686
fra,1998,8.698
fra,1999,7.736
fra,2000,7.423
fra,2001,6.303
fra,2002,4.608
fra,2003,4.074
fra,2004,6.797
fra,2005,5.369
fra,2006,5.728
fra,2007,5.01
fra,2008,4.651
fra,2009,5.993
fra,2010,6.526
fra,2011,6.59
fra,2012,7.056
fra,2013,6.51
fra,2014,6.805
fra,2015,6.774
fra,2016,6.303
fra,2017,6.1
fra,2018,6.386
fra,2019,6.652
fra,2020,5.66
fra,2021,5.971
fra,2022,5.602
fra,2023,5.335
fra,2024,5.233
fro,2005,1.239
fro,2006,1.849
fro,2007,2.324
fro,2008,1.155
fro,2009,3.736
fro,2010,1.048
fro,2011,4.186
fro,2012,1.228
fro,2013,3.828
gab,1993,2.244
gab,2010,6.01
gbg,2016,0.862
gbm,2006,1.228
gbm,2011,1.393
gbm,2016,2.109
gbr,1983,4.288
gbr,1984,5.279
gbr,1985,6.429
gbr,1986,6.227
gbr,1987,6.693
gbr,1988,6.476
gbr,1989,5.819
gbr,1990,5.125
gbr,1991,5.458
gbr,1992,3.937
gbr,1993,5.36
gbr,1994,5.38
gbr,1995,3.887
gbr,1996,3.353
gbr,1997,3.986
gbr,1998,3.125
gbr,1999,3.216
gbr,2000,2.842
gbr,2001,1.761
gbr,2002,2.273
gbr,2003,1.994
gbr,2004,2.075
gbr,2005,1.913
gbr,2006,2.349
gbr,2007,2.251
gbr,2008,2.396
gbr,2009,2.924
gbr,2010,3.205
gbr,2011,3.441
gbr,2012,3.845
gbr,2013,4.217
gbr,2014,3.751
gbr,2015,3.104
gbr,2016,3.146
gbr,2017,3.072
gbr,2018,3.195
gbr,2019,2.634
gbr,2020,2.908
gbr,2021,3.678
gbr,2022,2.757
gbr,2023,2.236
gbr,2024,2.349
geo,1999,6.762
geo,2000,5.655
geo,2001,5.245
geo,2002,5.698
geo,2003,6.832
geo,2004,5.042
geo,2005,5.416
geo,2007,6.519
geo,2008,9.528
geo,2009,9.046
geo,2010,9.74
geo,2011,8.791
geo,2012,11.663
geo,2013,6.945
geo,2014,7.865
geo,2015,7.242
geo,2016,7.376
geo,2017,7.653
geo,2018,5.778
geo,2019,5.409
geo,2020,5.793
geo,2021,6.25
geo,2022,5.122
geo,2023,4.994
geo,2024,3.617
gha,1998,4.5
gha,2000,9.446
gha,2006,2.921
gha,2010,3.029
gha,2013,0.381
gha,2015,2.728
gha,2017,1.558
gha,2021,2.216
gha,2022,0.644
gha,2023,2.75
gha,2024,2.35
gin,2002,1.477
gin,2014,1.915
gmb,2012,11.107
gmb,2023,1.889
grc,1983,1.737
grc,1984,1.58
grc,1985,1.452
grc,1986,1.622
grc,1987,1.384
grc,1988,1.254
grc,1989,1.678
grc,1990,1.205
grc,1991,1.905
grc,1992,3.4
grc,1993,3.043
grc,1994,3.048
grc,1995,2.857
grc,1996,3.257
grc,1997,3.292
grc,1998,4.051
grc,1999,4.15
grc,2000,4.254
grc,2001,4.468
grc,2002,4.691
grc,2003,3.502
grc,2004,4.99
grc,2005,4.673
grc,2006,5.007
grc,2007,4.307
grc,2008,3.975
grc,2009,5.724
grc,2010,6.576
grc,2011,8.245
grc,2012,13.61
grc,2013,16.31
grc,2014,17.69
grc,2015,17.652
grc,2016,19.282
grc,2017,19.932
grc,2018,18.535
grc,2019,15.182
grc,2020,12.807
grc,2021,14.389
grc,2022,12.003
grc,2023,9.513
grc,2024,9.798
grd,1991,5.556
grd,1994,25
grd,1996,17.557
grd,1998,13.612
grd,2019,5
grd,2020,7.392
grd,2021,7.099
grd,2023,8.264
grl,2011,5.412
grl,2012,5.926
grl,2013,6.009
grl,2014,6.27
grl,2015,6.061
gtm,2004,0.993
gtm,2016,0.631
gtm,2021,1.032
gtm,2023,1.568
gtm,2024,0.791
guf,1990,9.912
gum,2002,4.9
guy,1987,5.032
guy,2002,5.7
guy,2018,5.183
guy,2019,5.007
hkg,1982,1.11
hkg,1983,1.25
hkg,1984,0.77
hkg,1985,1.284
hkg,1986,1.153
hkg,1987,0.647
hkg,1988,0.328
hkg,1989,0.515
hkg,1991,0.38
hkg,1992,0.97
hkg,1993,0.88
hkg,1994,0.88
hkg,1995,1.9
hkg,1996,1.13
hkg,1997,0.91
hkg,1998,3.04
hkg,2000,1.69
hkg,2001,2.19
hkg,2002,5.11
hkg,2003,5.65
hkg,2004,6.26
hkg,2005,5.33
hkg,2006,3.79
hkg,2007,3.44
hkg,2008,1.96
hkg,2009,3.82
hkg,2010,2.759
hkg,2011,2.016
hkg,2012,1.91
hkg,2013,2.853
hkg,2014,2.715
hkg,2015,2.545
hkg,2016,2.469
hkg,2017,2.712
hkg,2018,2.018
hkg,2019,1.96
hkg,2020,4.404
hkg,2021,4.367
hkg,2022,3.72
hkg,2023,2.058
hkg,2024,1.877
hnd,2006,0.472
hnd,2007,0.765
hnd,2008,0.425
hnd,2010,1.293
hnd,2011,1.196
hnd,2017,1.436
hnd,2018,1.181
hnd,2020,3.995
hnd,2021,4.236
hnd,2022,3.581
hnd,2023,2.776
hnd,2024,2.164
hnd,2025,0.913
hrv,1991,2.017
hrv,2002,5.652
hrv,2003,4.363
hrv,2004,5.188
hrv,2005,4.441
hrv,2006,4.731
hrv,2007,4.388
hrv,2008,4.21
hrv,2009,5.582
hrv,2010,5.498
hrv,2011,6.39
hrv,2012,9.545
hrv,2013,7.226
hrv,2014,11.118
hrv,2015,10.617
hrv,2016,7.372
hrv,2017,8.159
hrv,2018,4.247
hrv,2019,4.472
hrv,2020,5.363
hrv,2021,4.373
hrv,2022,5.161
hrv,2023,5.051
hrv,2024,4.121
hti,1990,3.684
hti,2003,15.115
hun,1996,5.971
hun,1997,3.91
hun,1998,7.415
hun,1999,1.534
hun,2000,1.639
hun,2001,1.427
hun,2002,2.119
hun,2003,2.937
hun,2004,2.587
hun,2005,3.456
hun,2006,3.851
hun,2007,3.926
hun,2008,5.085
hun,2009,6.28
hun,2010,7.209
hun,2011,8.282
hun,2012,8.003
hun,2013,7.453
hun,2014,5.963
hun,2015,5.538
hun,2016,4.483
hun,2017,4.259
hun,2018,2.906
hun,2019,2.174
hun,2020,2.748
hun,2021,2.559
hun,2022,2.887
hun,2023,2.987
hun,2024,3.755
idn,1990,0.174
idn,1991,0.125
idn,1994,0.358
idn,1996,0.158
idn,1997,0.177
idn,1998,0.351
idn,1999,0.193
idn,2000,0.377
idn,2001,1.152
idn,2002,1.194
idn,2003,2.433
idn,2004,1.595
idn,2005,1.298
idn,2006,1.011
idn,2007,1.126
idn,2008,0.592
idn,2009,0.52
idn,2010,1.518
idn,2011,0.655
idn,2012,0.506
idn,2013,0.616
idn,2014,0.234
idn,2015,0.408
idn,2016,0.213
idn,2017,0.237
idn,2018,0.466
idn,2019,0.317
idn,2020,0.477
idn,2021,0.353
idn,2022,0.208
idn,2023,0.316
ind,2005,1.219
ind,2010,1.131
ind,2012,1.473
ind,2018,2.994
ind,2019,1.3
ind,2020,2.782
ind,2021,2.103
ind,2022,1.01
ind,2023,0.816
ind,2024,0.84
irl,1983,7.695
irl,1984,11.184
irl,1985,9.937
irl,1986,12.158
irl,1987,11.558
irl,1988,12.302
irl,1989,11.083
irl,1990,9.631
irl,1991,9.57
irl,1992,8.178
irl,1993,7.35
irl,1994,8.143
irl,1995,8.698
irl,1996,6.942
irl,1997,5.304
irl,1998,4.503
irl,1999,4.465
irl,2000,2.37
irl,2001,2.678
irl,2002,2.234
irl,2003,1.974
irl,2004,1.51
irl,2005,2.577
irl,2006,2.024
irl,2007,2.557
irl,2008,3.148
irl,2009,5.091
irl,2010,6.788
irl,2011,7.331
irl,2012,7.728
irl,2013,9.335
irl,2014,8.464
irl,2015,6.792
irl,2016,5.591
irl,2017,5.715
irl,2018,4.249
irl,2019,3.472
irl,2020,3.672
irl,2021,5.278
irl,2022,3.834
irl,2023,4.032
irl,2024,3.101
irn,2005,1.852
irn,2006,0.804
irn,2007,1.093
irn,2008,0.963
irn,2009,0.707
irn,2010,0.789
irn,2011,1.867
irn,2012,1.72
irn,2013,1.43
irn,2014,1.695
irn,2015,1.337
irn,2016,1.723
irn,2017,2.006
irn,2018,2.16
irn,2019,1.39
irn,2020,0.99
irn,2021,1.421
irn,2022,1.306
irn,2023,0.882
irn,2024,1.53
irq,2012,2.211
irq,2014,1.885
irq,2016,0.674
irq,2017,7.75
irq,2021,1.276
isl,1996,2.899
isl,2005,2.022
isl,2006,1.753
isl,2007,0.893
isl,2009,2.184
isl,2010,3.435
isl,2011,3.569
isl,2012,3.864
isl,2013,3.458
isl,2014,3.07
isl,2015,3.281
isl,2016,1.361
isl,2017,1.582
isl,2018,1.848
isl,2019,1.196
isl,2020,3.82
isl,2021,3.74
isl,2022,2.413
isl,2023,1.319
isr,1974,2.007
isr,1987,1.139
isr,1988,1.492
isr,1989,2.905
isr,2012,4.278
isr,2013,3.598
isr,2014,3.682
isr,2015,3.263
isr,2016,2.82
isr,2017,2.851
isr,2018,2.322
isr,2019,2.573
isr,2020,2.366
isr,2021,3.331
isr,2022,2.285
isr,2023,1.951
isr,2024,1.935
ita,1978,32.58
ita,1979,49.59
ita,1980,35.38
ita,1982,11.654
ita,1983,2.363
ita,1984,1.551
ita,1985,1.589
ita,1986,2.641
ita,1987,1.967
ita,1988,2.036
ita,1989,1.778
ita,1990,2.034
ita,1991,1.594
ita,1992,2.371
ita,1993,3.588
ita,1994,3.165
ita,1995,4.863
ita,1996,4.869
ita,1997,4.311
ita,1998,4.693
ita,1999,5.597
ita,2000,4.866
ita,2001,4.524
ita,2002,4.278
ita,2003,4.508
ita,2004,4.496
ita,2005,3.283
ita,2006,2.919
ita,2007,2.092
ita,2008,2.855
ita,2009,2.786
ita,2010,2.996
ita,2011,2.677
ita,2012,4.174
ita,2013,4.198
ita,2014,4.423
ita,2015,4.26
ita,2016,4.755
ita,2017,5.03
ita,2018,4.818
ita,2019,4.932
ita,2020,4.888
ita,2021,5.403
ita,2022,4.869
ita,2023,4.85
ita,2024,3.952
jam,1975,17.211
jam,1976,15.718
jam,1978,15.011
jam,1981,15.7
jam,1982,16.303
jam,1988,8.728
jam,1990,6.357
jam,1994,10
jam,1998,5.278
jam,2003,5.602
jam,2004,4.696
jam,2008,1.806
jam,2009,2.188
jam,2010,2.216
jam,2011,2.321
jam,2012,2.703
jam,2013,2.581
jam,2014,2.505
jam,2016,2.151
jam,2017,2.093
jam,2018,1.888
jam,2019,1.626
jam,2020,2.546
jam,2021,1.843
jam,2022,1.779
jam,2023,0.721
jor,2021,0
jpn,1968,0.5
jpn,1969,0.5
jpn,1970,0.5
jpn,1971,0.5
jpn,1972,1
jpn,1973,0.5
jpn,1974,0.5
jpn,1975,1.4
jpn,1976,0.9
jpn,1977,1.3
jpn,1978,1.3
jpn,1979,1.2
jpn,1980,1.2
jpn,1981,1.6
jpn,1982,1.5
jpn,1983,1.8
jpn,1984,2.1
jpn,1985,2
jpn,1986,2
jpn,1987,2.2
jpn,1988,2.2
jpn,1989,1.8
jpn,1990,1.4
jpn,1991,1.6
jpn,1992,1.3
jpn,1993,1.6
jpn,1994,1.9
jpn,1995,2.1
jpn,1996,2.6
jpn,1997,2.5
jpn,1998,2.9
jpn,1999,3.3
jpn,2000,3.533
jpn,2001,3.647
jpn,2002,3.751
jpn,2003,3.818
jpn,2004,3.076
jpn,2005,2.825
jpn,2006,2.923
jpn,2007,2.444
jpn,2008,2.621
jpn,2009,3.472
jpn,2010,3.399
jpn,2011,3.136
jpn,2012,3.033
jpn,2013,2.752
jpn,2014,2.389
jpn,2015,2.343
jpn,2016,2.218
jpn,2017,2.211
jpn,2018,2.027
jpn,2019,1.882
jpn,2020,2.225
jpn,2021,2.349
jpn,2022,2.218
jpn,2023,2.1
jpn,2024,2.2
jpn,2025,2.3
kaz,2002,5.35
kaz,2003,5.356
kaz,2004,6.738
kaz,2008,8.69
kaz,2009,7.492
kaz,2010,6.809
kaz,2011,5.879
kaz,2012,5.289
kaz,2013,4.577
kaz,2015,5.125
kaz,2017,5.135
kaz,2020,5.97
kaz,2022,6.806
ken,1999,5.941
ken,2005,1.55
ken,2019,0.936
ken,2021,1.109
ken,2022,1.29
kgz,2002,10.152
kgz,2004,3.288
kgz,2005,3.685
kgz,2006,4.798
kgz,2009,3.442
kgz,2010,3.677
kgz,2011,3.625
kgz,2012,2.577
kgz,2013,4.82
kgz,2014,1.333
kgz,2015,1.593
kgz,2016,1.382
kgz,2017,1.681
kgz,2018,2.267
kgz,2019,0.974
kgz,2020,1.25
kgz,2021,0.995
kgz,2022,1.032
kgz,2023,1.011
khm,1996,1.091
khm,1998,3.543
khm,2003,0.471
khm,2014,0.794
khm,2015,1.377
kir,2015,2.222
kir,2020,3.672
kir,2023,3.379
kna,1980,0.911
kna,1991,1.161
kna,2001,1.05
kor,2000,1.343
kor,2001,0.935
kor,2002,0.827
kor,2003,1.184
kor,2004,1.361
kor,2005,1.428
kor,2006,1.117
kor,2007,1.266
kor,2008,0.906
kor,2009,1.404
kor,2010,1.798
kor,2011,1.336
kor,2012,1.354
kor,2013,1.225
kor,2014,1.595
kor,2015,2.103
kor,2016,2.005
kor,2017,1.958
kor,2018,2.188
kor,2019,2.084
kor,2020,2.685
kor,2021,2.999
kor,2022,1.725
kor,2023,1.874
kor,2024,1.96
kor,2025,1.546
kos,2013,7.858
kos,2014,10.994
kos,2015,9.112
kos,2016,6.519
kos,2017,6.168
kos,2018,3.021
kos,2019,2.406
kos,2020,5.843
kos,2021,6.796
kos,2022,8.252
kos,2023,12.934
kos,2024,19.559
kwt,2005,0.777
kwt,2015,0.759
kwt,2016,4.707
lao,2010,0.757
lao,2015,1.682
lbn,2004,1.738
lbn,2007,6.38
lbn,2019,6.082
lbr,2010,0.375
lby,2012,12.6
lca,2016,9.128
lca,2017,10.603
lca,2018,12.203
lca,2019,12.212
lca,2020,11.133
lca,2021,15.435
lca,2022,15.012
lca,2023,12.591
lca,2024,8.948
lie,2008,5.233
lie,2009,2.182
lie,2010,2.992
lie,2011,2.855
lie,2012,2.707
lie,2013,2.502
lie,2014,2.542
lie,2015,2.092
lie,2017,1.136
lka,2009,1.088
lka,2010,0.753
lka,2011,0.986
lka,2012,0.856
lka,2013,0.48
lka,2014,0.714
lka,2015,0.728
lka,2016,0.881
lka,2017,0.973
lka,2018,0.578
lka,2019,0.748
lka,2020,1.414
lka,2021,0.981
lka,2022,0.825
lka,2023,1.389
lso,1999,27.032
lso,2008,32.377
lso,2013,15.817
lso,2019,5.199
lso,2024,8.427
ltu,1998,6.491
ltu,2000,5.501
ltu,2001,9.708
ltu,2002,6.543
ltu,2003,16.276
ltu,2004,11.02
ltu,2005,6.458
ltu,2006,5.09
ltu,2007,3.369
ltu,2008,4.584
ltu,2009,8.8
ltu,2010,12.12
ltu,2011,11.01
ltu,2012,10.483
ltu,2013,8.7
ltu,2014,7.941
ltu,2015,7.142
ltu,2016,6.478
ltu,2017,6.38
ltu,2018,6.936
ltu,2019,6.799
ltu,2020,9.13
ltu,2021,7.718
ltu,2022,6.619
ltu,2023,7.184
ltu,2024,7.196
lux,1991,2.557
lux,2004,1.982
lux,2005,0.852
lux,2006,2.485
lux,2007,1.72
lux,2008,3.047
lux,2009,4.53
lux,2010,2.11
lux,2011,2.478
lux,2012,2.425
lux,2013,6.543
lux,2014,3.858
lux,2015,3.575
lux,2016,5.214
lux,2017,3.639
lux,2018,3.006
lux,2019,3.419
lux,2020,3.279
lux,2021,2.768
lux,2022,4.746
lux,2023,2.986
lux,2024,3.096
lva,1996,26.05
lva,1997,7.537
lva,1998,5.913
lva,1999,9.963
lva,2000,7.92
lva,2001,7.772
lva,2002,7.079
lva,2003,9.481
lva,2004,12.489
lva,2005,7.178
lva,2006,5.619
lva,2007,4.097
lva,2008,4.912
lva,2009,10.861
lva,2010,13.03
lva,2011,12.966
lva,2012,13.78
lva,2013,9.852
lva,2014,8.535
lva,2015,7.329
lva,2016,7.093
lva,2017,6.646
lva,2018,7.03
lva,2019,6.008
lva,2020,6.981
lva,2021,5.978
lva,2022,4.74
lva,2023,5.172
lva,2024,5.254
mac,1998,4.167
mac,2000,3.571
mac,2001,3.125
mac,2002,2.381
mac,2003,2.326
mac,2004,3.509
mac,2005,3.175
mac,2006,4.11
mac,2007,3.32
mac,2008,1.961
mac,2009,2.679
mac,2010,2.326
mac,2011,2.158
mac,2012,1.299
mac,2013,0.599
mac,2014,1.63
mac,2015,0.498
mac,2016,1.364
mac,2017,0.912
mac,2018,0.793
mac,2019,1.024
mac,2020,1.432
mar,1982,7.822
mar,1994,5.108
mar,1998,2.341
mar,1999,0.281
mar,2001,0.471
mar,2002,0.312
mar,2003,0.414
mar,2004,0.205
mar,2005,0.142
mar,2006,0.492
mar,2008,0.152
mar,2011,0.611
mar,2012,0.761
mar,2021,2.6
mar,2022,2.43
mco,2000,7.206
mco,2016,8.2
mda,2000,1.649
mda,2001,1.332
mda,2002,1.359
mda,2003,0.897
mda,2004,1.634
mda,2005,1.58
mda,2006,1.062
mda,2007,0.595
mda,2008,0.408
mda,2009,1.119
mda,2010,0.749
mda,2011,0.646
mda,2012,0.42
mda,2013,0.35
mda,2014,0.089
mda,2015,0.614
mda,2018,0.664
mda,2019,0.223
mda,2020,0.175
mda,2021,0.284
mda,2022,0.255
mda,2023,0.541
mda,2024,0.438
mdg,2003,6.128
mdg,2005,14.157
mdg,2010,3.811
mdg,2022,1.43
mdv,1995,0.507
mdv,2000,0.976
mdv,2009,7.07
mdv,2014,2.387
mdv,2016,1.074
mex,2002,0.646
mex,2003,0.999
mex,2004,1.288
mex,2005,0.976
mex,2006,1.081
mex,2007,0.954
mex,2008,0.997
mex,2009,1.626
mex,2010,1.631
mex,2011,1.495
mex,2012,1.849
mex,2013,1.487
mex,2014,1.412
mex,2015,1.423
mex,2016,1.23
mex,2017,1.19
mex,2018,1.14
mex,2019,1.105
mex,2020,1.464
mex,2021,1.948
mex,2022,1.131
mex,2023,1.119
mex,2024,0.989
mhl,2021,2.966
mkd,2002,10.117
mkd,2003,12.275
mkd,2005,19.869
mkd,2006,21.139
mkd,2007,20.99
mkd,2008,21.739
mkd,2009,22.835
mkd,2010,27.343
mkd,2011,24.284
mkd,2012,21.646
mkd,2013,22.767
mkd,2014,19.581
mkd,2015,17.493
mkd,2016,14.852
mkd,2017,12.648
mkd,2018,15.088
mkd,2019,13.025
mkd,2020,10.289
mkd,2021,10.977
mkd,2022,6.707
mkd,2023,5.867
mkd,2024,6.388
mli,2009,1.288
mli,2010,4.182
mli,2013,11.595
mli,2014,5.016
mlt,2009,7.373
mlt,2010,3.096
mlt,2011,3.112
mlt,2012,6.483
mlt,2013,5.745
mlt,2014,3.167
mlt,2015,3.506
mlt,2016,3.296
mlt,2017,2.454
mlt,2018,4.552
mlt,2019,1.933
mlt,2020,5.121
mlt,2021,5.356
mmr,2014,0.55
mmr,2015,0.338
mmr,2017,0.726
mmr,2020,0.716
mne,2011,11.823
mne,2012,8.508
mne,2013,10.17
mne,2014,9.781
mne,2015,10.053
mne,2016,7.483
mne,2017,6.458
mne,2018,6.574
mne,2019,9.01
mne,2020,9.518
mne,2021,6.153
mne,2022,5.119
mne,2023,3.528
mne,2024,4.44
mng,2003,2.918
mng,2014,1.138
mng,2016,0
mng,2019,5.337
mng,2020,1.358
mng,2022,1.224
mng,2023,1.787
mng,2024,3.292
mnp,2003,16.063
moz,2015,0.384
moz,2022,1.709
mrt,2012,2.494
mrt,2017,4.59
mrt,2019,5.166
mtq,2008,7.23
mus,1995,1.315
mus,2003,2.284
mus,2004,4.659
mus,2005,4.73
mus,2006,5.486
mus,2007,4.033
mus,2008,7.094
mus,2009,2.633
mus,2010,2.785
mus,2011,3.147
mus,2012,4.341
mus,2013,2.281
mus,2014,2.133
mus,2015,1.713
mus,2016,1.543
mus,2017,0.758
mus,2018,0.907
mus,2019,1.695
mus,2020,4.236
mus,2021,2.052
mus,2022,0.79
mus,2023,2.195
mus,2024,2.741
mwi,2011,1.377
mwi,2013,3.376
mwi,2017,2.96
mwi,2024,11.201
mys,1970,1.343
mys,1980,1.053
mys,2007,0.927
mys,2009,1.725
mys,2010,1.458
mys,2011,0.879
mys,2012,0.624
mys,2013,0.725
mys,2014,0.334
mys,2015,0.354
mys,2016,0.111
mys,2017,0.269
mys,2018,0.299
mys,2019,0.564
mys,2020,2.275
mys,2021,5.75
mys,2022,1.304
nam,2004,1.689
nam,2010,2.514
nam,2012,4.28
nam,2013,1.552
nam,2014,3.101
nam,2016,5.165
nam,2018,2.287
ncl,2014,3.85
ncl,2017,8.212
ncl,2020,2.482
ncl,2022,4.413
ncl,2023,2.855
ner,2001,0.825
ner,2017,3.504
nga,1986,0.968
nga,2019,0.581
nga,2022,1.031
nga,2023,1.48
nga,2024,1.589
nic,1989,12.563
nic,2006,0.54
nic,2012,1.418
nld,1977,7.765
nld,1979,9.545
nld,1983,6.316
nld,1985,4.46
nld,1987,6.923
nld,1988,7.835
nld,1989,6.693
nld,1990,6.316
nld,1991,5.073
nld,1992,5.255
nld,1993,5.091
nld,1994,4.872
nld,1995,3.219
nld,1996,5.089
nld,1997,5.476
nld,1998,3.534
nld,1999,3.901
nld,2000,2.135
nld,2001,1.117
nld,2002,1.599
nld,2003,2.073
nld,2004,3.113
nld,2005,4.855
nld,2006,5.483
nld,2007,4.171
nld,2008,3.812
nld,2009,3.91
nld,2010,4.452
nld,2011,4.574
nld,2012,5.155
nld,2013,6.018
nld,2014,7.033
nld,2015,7.443
nld,2016,7.502
nld,2017,5.746
nld,2018,4.806
nld,2019,3.329
nld,2020,2.709
nld,2021,3.335
nld,2022,3.208
nld,2023,2.633
nld,2024,2.131
nld_curacao,2018,9.2
nld_curacao,2020,14.1
nor,1989,1.905
nor,1995,2.111
nor,1996,1.407
nor,1997,1.515
nor,1998,1.516
nor,1999,1.097
nor,2001,0.854
nor,2002,1.4
nor,2003,1.178
nor,2004,0.888
nor,2005,1.182
nor,2006,0.956
nor,2007,0.772
nor,2008,0.662
nor,2009,0.549
nor,2010,0.863
nor,2011,1.066
nor,2012,0.93
nor,2013,1.043
nor,2014,1
nor,2015,1.476
nor,2016,1.096
nor,2017,0.907
nor,2018,1.355
nor,2019,1.02
nor,2020,1.542
nor,2021,1.181
nor,2022,1.71
nor,2023,0.722
nor,2024,1.672
npl,2017,2.856
nru,2013,12.107
nzl,1986,1.687
nzl,1987,1.431
nzl,1988,2.66
nzl,1989,3.2
nzl,1990,4.059
nzl,1991,4.435
nzl,1993,3.917
nzl,1994,3.56
nzl,1996,2.695
nzl,1997,3.035
nzl,1998,4.234
nzl,1999,4.255
nzl,2000,3.559
nzl,2001,2.867
nzl,2002,3.31
nzl,2003,3.815
nzl,2004,2.635
nzl,2005,1.921
nzl,2006,2.186
nzl,2007,1.346
nzl,2008,1.674
nzl,2009,2.388
nzl,2010,2.801
nzl,2011,3.078
nzl,2012,3.594
nzl,2013,3.661
nzl,2014,2.852
nzl,2015,3.427
nzl,2016,3.168
nzl,2017,2.799
nzl,2018,2
nzl,2019,2.643
nzl,2020,2.794
nzl,2021,2.182
nzl,2022,2.066
nzl,2023,2.68
nzl,2024,3.347
nzl,2025,3.021
omn,2008,0.927
omn,2018,0
omn,2020,0.63
pak,1991,24.91
pak,1992,27.273
pak,1993,17.681
pak,1994,19.74
pak,1995,30.46
pak,1997,23.843
pak,1998,25.436
pak,2000,29.936
pak,2002,33.418
pak,2004,24.694
pak,2013,0.817
pak,2014,0
pak,2015,0.931
pak,2016,0.8
pak,2018,8.03
pak,2019,8.406
pak,2020,10.544
pak,2021,3.744
pak,2025,2.614
pan,1990,3.833
pan,2009,1.424
pan,2010,1.975
pan,2011,0
pan,2012,1.148
pan,2013,1.141
pan,2014,2.104
pan,2016,1.588
pan,2017,1.336
pan,2019,2.259
pan,2020,3.247
pan,2021,4.809
pan,2022,2.694
pan,2023,2.117
pan,2024,4.152
per,1996,5.261
per,1997,3.272
per,1998,2.651
per,1999,2.942
per,2000,2.352
per,2001,2.987
per,2002,3.246
per,2003,2.15
per,2004,2.449
per,2005,2.308
per,2006,2.458
per,2007,2.68
per,2008,2.082
per,2009,2.062
per,2010,3.683
per,2011,2.578
per,2012,1.841
per,2013,1.725
per,2014,1.207
per,2015,1.502
per,2016,1.862
per,2017,1.447
per,2018,1.072
per,2019,1.546
per,2020,3.055
per,2021,2.905
per,2022,2.77
per,2023,2.607
per,2024,3.236
phl,1985,2.134
phl,1987,5.986
phl,1988,4.925
phl,1989,5.057
phl,1990,4.895
phl,1991,4.94
phl,1992,3.708
phl,1993,5.425
phl,1994,5.325
phl,1995,4.656
phl,1996,3.931
phl,1997,4.561
phl,1998,4.903
phl,1999,3.499
phl,2001,0.251
phl,2003,0.288
phl,2004,0.307
phl,2005,0.393
phl,2006,0.306
phl,2007,0.289
phl,2008,0.204
phl,2009,0.206
phl,2010,0.295
phl,2011,0.245
phl,2012,0.287
phl,2013,0.327
phl,2014,0.254
phl,2015,0.182
phl,2016,0.375
phl,2017,0.329
phl,2018,0.469
phl,2019,0.34
phl,2020,0.347
phl,2021,0.751
phl,2022,0.483
phl,2023,0.468
plw,1995,9.489
plw,2000,4.286
pol,1997,5.023
pol,1998,5.289
pol,1999,5.563
pol,2000,4.16
pol,2001,9.153
pol,2002,10.494
pol,2003,10.534
pol,2004,9.551
pol,2005,8.984
pol,2006,6.18
pol,2007,5.73
pol,2008,4.383
pol,2009,5.56
pol,2010,6.537
pol,2011,6.249
pol,2012,6.632
pol,2013,6.923
pol,2014,6.372
pol,2015,4.796
pol,2016,3.529
pol,2017,3.081
pol,2018,1.991
pol,2019,2.023
pol,2020,1.678
pol,2021,1.956
pol,2022,1.509
pol,2023,1.57
pol,2024,1.492
pri,1976,6.649
pri,1977,7.148
pri,1978,5.511
pri,1981,5.277
pri,1982,4.627
pri,1986,8.347
pri,1992,6.667
pri,1993,9.091
pri,1995,2.941
pri,1996,2.703
pri,1997,8.333
pri,1998,8.108
pri,1999,2.632
pri,2002,6.122
pri,2003,4
pri,2004,1.923
pri,2005,3.571
pri,2006,6.25
pri,2007,6.349
pri,2008,3.226
pri,2015,3.636
pri,2020,8.538
prt,1985,1.557
prt,1986,2.19
prt,1987,1.855
prt,1988,1.453
prt,1989,1.609
prt,1990,1.385
prt,1991,1.746
prt,1992,0.898
prt,1993,2.028
prt,1994,2.089
prt,1995,2.613
prt,1996,3.59
prt,1997,3.361
prt,1998,2.913
prt,1999,2.32
prt,2000,2.577
prt,2001,2.579
prt,2002,3.686
prt,2003,3.466
prt,2004,4.8
prt,2005,5.196
prt,2006,5.16
prt,2007,5.804
prt,2008,5.762
prt,2009,6.922
prt,2010,7.684
prt,2011,9.666
prt,2012,10.741
prt,2013,12.675
prt,2014,11.358
prt,2015,10.64
prt,2016,9.134
prt,2017,8.082
prt,2018,6.558
prt,2019,6.181
prt,2020,5.087
prt,2021,4.918
prt,2022,5.797
prt,2023,5.827
prt,2024,5.654
prt,2025,5.162
pry,2001,1.273
pry,2002,4.066
pry,2003,0.788
pry,2014,1.188
pry,2015,1.368
pry,2016,1.065
pry,2017,1.138
pry,2018,1.842
pry,2019,2.524
pry,2020,2.467
pry,2021,2.678
pry,2022,2.118
pry,2023,1.983
pry,2024,2.462
pse,2002,2.524
pse,2006,1.026
pse,2009,2.989
pse,2010,2.288
pse,2011,2.511
pse,2012,1.465
pse,2014,2.054
pse,2015,3.288
pse,2016,3.525
pse,2017,3.019
pse,2018,2.226
pse,2019,3.753
pse,2020,2.335
pse,2021,3.074
pse,2022,4.429
pse,2024,4.173
pse,2025,3.219
pyf,2002,1.32
pyf,2007,0.697
pyf,2012,2.351
reu,1990,4.141
reu,2012,18.134
reu,2016,10.262
rou,1992,0.589
rou,1995,0.667
rou,1996,0.627
rou,1997,0.38
rou,2000,0.42
rou,2003,0.889
rou,2004,1.537
rou,2005,1.234
rou,2006,0.924
rou,2007,0.719
rou,2008,0.732
rou,2009,1.582
rou,2010,1.719
rou,2011,1.444
rou,2012,1.775
rou,2013,2.378
rou,2014,2.154
rou,2015,2.178
rou,2016,2.285
rou,2017,2.33
rou,2018,1.895
rou,2019,2.058
rou,2020,3.373
rou,2021,3.374
rou,2022,3.033
rou,2023,3.698
rou,2024,2.375
rus,2010,4.077
rus,2011,3.717
rus,2012,2.54
rus,2013,3.079
rus,2014,2.764
rus,2015,3.083
rus,2016,2.934
rus,2017,3.236
rus,2018,2.745
rus,2019,2.224
rus,2020,2.8
rus,2021,2.853
rus,2022,2.518
rus,2023,2.225
rus,2024,1.831
rwa,1996,0.071
rwa,2017,5.553
rwa,2018,4.206
rwa,2019,4.316
rwa,2020,5.306
rwa,2021,6.404
rwa,2022,7.654
rwa,2023,5.526
rwa,2024,6.082
sau,2008,1.575
sau,2017,0.875
sau,2018,0
sau,2020,2.188
sau,2021,3.146
sau,2022,1.584
sau,2023,1.314
sau,2024,1.48
sdn,2008,15.179
sdn,2009,19
sdn,2011,11.946
sen,2006,3.759
sen,2011,1.258
sen,2015,1.241
sen,2017,1.067
sen,2022,1.122
sen,2024,1.184
sgp,1978,1.11
sgp,1979,1.13
sgp,1980,0.86
sgp,1982,0.6
sgp,1983,0.53
sgp,1984,1.506
sgp,1986,3.53
sgp,1987,2.458
sgp,1991,1.2
sgp,1992,1.67
sgp,1993,1.57
sgp,1994,2.7
sgp,1995,1.38
sgp,1996,2.73
sgp,1997,1.14
sgp,1998,2.18
sgp,1999,4.83
sgp,2001,2.29
sgp,2002,3.78
sgp,2003,2.97
sgp,2004,3.18
sgp,2005,5.838
sgp,2006,4.03
sgp,2007,3.25
sgp,2008,3.09
sgp,2009,4.76
sgp,2010,2.63
sgp,2011,3.14
sgp,2012,3.117
sgp,2013,2.985
sgp,2014,2.836
sgp,2015,3.02
sgp,2016,3.515
sgp,2017,2.979
sgp,2018,3.14
sgp,2019,3.079
sgp,2020,4.368
sgp,2021,3.725
sgp,2022,3.012
sgp,2023,2.509
sgp,2024,2.385
shn,1998,4.762
sle,2004,1.012
sle,2018,1.494
slv,1996,1.716
slv,1997,0.533
slv,1998,0.714
slv,1999,0.647
slv,2002,0.829
slv,2003,1
slv,2004,0.434
slv,2006,0.531
slv,2007,1.322
slv,2009,1.118
slv,2010,0.805
slv,2015,0.959
slv,2019,0.749
slv,2021,0.562
slv,2023,0.683
slv,2024,0.979
smr,1985,3.03
smr,1990,2.759
smr,1993,0.985
smr,1995,2.242
smr,1996,2.703
smr,1997,1.72
smr,2006,1.934
smr,2007,1.455
smr,2008,2.145
smr,2009,3.007
smr,2010,2.498
smr,2015,5.1
smr,2016,4.574
smr,2017,5.896
smr,2018,6.749
smr,2019,6.408
smr,2020,6.914
smr,2021,6.45
smr,2022,4.54
som,2019,6.073
som,2022,8.126
srb,2005,8.339
srb,2006,11.377
srb,2007,8.614
srb,2008,6.475
srb,2009,6.58
srb,2010,9.347
srb,2011,12.249
srb,2012,14.544
srb,2013,11.939
srb,2014,10.163
srb,2015,9.762
srb,2016,7.766
srb,2017,6.573
srb,2018,8.14
srb,2019,6.644
srb,2020,4.474
srb,2021,6.054
srb,2022,5.998
srb,2023,4.918
srb,2024,5.267
ssd,2008,10.457
stp,2017,8.998
sur,2009,3.835
sur,2011,1.816
sur,2012,1.334
sur,2013,3.881
sur,2014,1.119
sur,2016,3.438
svk,1998,8.278
svk,1999,6.386
svk,2000,8.35
svk,2001,11.363
svk,2002,13.978
svk,2003,9.82
svk,2004,14.982
svk,2005,13.993
svk,2006,9.632
svk,2007,9.058
svk,2008,8.403
svk,2009,9.893
svk,2010,11.016
svk,2011,9.067
svk,2012,11.566
svk,2013,11.638
svk,2014,10.392
svk,2015,10.678
svk,2016,9.686
svk,2017,6.454
svk,2018,6.156
svk,2019,5.366
svk,2020,5.311
svk,2021,5.904
svk,2022,4.839
svk,2023,4.261
svk,2024,3.824
svn,1991,1.011
svn,1996,2.462
svn,2001,4.434
svn,2003,2.794
svn,2005,2.443
svn,2006,2.18
svn,2007,3.796
svn,2008,4.831
svn,2009,3.162
svn,2010,3.588
svn,2011,4.04
svn,2012,5.381
svn,2013,6.348
svn,2014,6.64
svn,2015,7.207
svn,2016,5.138
svn,2017,5.262
svn,2018,4.431
svn,2019,4.422
svn,2020,4.051
svn,2021,4.168
svn,2022,3.3
svn,2023,3.45
svn,2024,2.722
swe,1975,1.647
swe,1976,1.609
swe,1982,3.093
swe,1983,3.754
swe,1984,5.155
swe,1985,4.912
swe,1986,2.1
swe,1987,2.055
swe,1989,1.064
swe,1995,7.932
swe,1996,7.441
swe,1997,8.264
swe,1998,5.476
swe,1999,6.043
swe,2000,4.58
swe,2001,3.925
swe,2002,3.91
swe,2003,3.541
swe,2004,4.053
swe,2005,3.336
swe,2006,3.818
swe,2007,3.523
swe,2008,3.418
swe,2009,4.587
swe,2010,4.818
swe,2011,4.472
swe,2012,4.611
swe,2013,4.222
swe,2014,4.54
swe,2015,4.568
swe,2016,4.379
swe,2017,4.376
swe,2018,3.762
swe,2019,4.202
swe,2020,5.077
swe,2021,5.906
swe,2022,5.131
swe,2023,5.016
swe,2024,5.366
swz,1995,4.785
swz,2016,6.952
swz,2021,12.614
swz,2023,18.183
syc,1994,2.748
syc,2011,1.195
syc,2015,1.24
syc,2016,1.356
syc,2023,1.663
syr,2003,6.149
syr,2007,2.048
syr,2009,2.556
syr,2010,1.276
tgo,2006,1.079
tgo,2010,20.796
tha,1976,0.91
tha,1982,1.54
tha,1984,1.97
tha,1987,1.45
tha,1988,0.6
tha,1989,0.7
tha,1990,0.66
tha,1994,0.116
tha,1996,1.159
tha,1997,0.314
tha,1998,1.437
tha,1999,0.462
tha,2000,0.586
tha,2001,0.59
tha,2003,0.48
tha,2004,0.43
tha,2005,0.17
tha,2006,0.11
tha,2007,0.39
tha,2008,0.11
tha,2009,0.227
tha,2010,0.048
tha,2011,0.144
tha,2012,0.052
tha,2014,0.038
tha,2015,0.025
tha,2016,0.022
tha,2017,0.044
tha,2018,0.095
tha,2019,0.059
tha,2020,0.141
tha,2021,0.136
tha,2022,0.125
tha,2023,0.041
tha,2024,0.046
tjk,2009,4.233
tls,2015,1.701
tls,2022,0.466
tto,1983,3.8
tto,1985,8.75
tto,1986,9.901
tto,1988,15.217
tto,1989,12.162
tto,1990,4.286
tto,1991,9.524
tto,1993,11.236
tto,1995,10.112
tto,1996,10.204
tto,1998,9.91
tto,1999,7.216
tto,2000,5.455
tto,2002,3.448
tto,2005,8.374
tto,2006,5.851
tto,2007,6.736
tto,2008,3.317
tto,2009,1.99
tto,2010,2.973
tto,2011,1.7
tto,2012,2.404
tto,2014,1.237
tto,2015,1.079
tto,2016,1.28
tto,2019,3.024
tto,2020,2.025
tto,2021,1.473
tto,2022,2.26
tto,2023,1.777
tto,2024,1.695
tun,1989,8.629
tun,1997,2.67
tun,2005,1.544
tun,2006,2.032
tun,2007,1.103
tun,2008,2.169
tun,2010,3.187
tun,2012,1.745
tun,2013,0.659
tun,2015,1.408
tun,2016,1.594
tun,2017,1.171
tun,2019,3.471
tun,2021,0.668
tun,2022,3.162
tun,2023,2.029
tur,1988,1.314
tur,1989,1.143
tur,2000,0.314
tur,2001,0.55
tur,2002,1.227
tur,2003,1.117
tur,2004,0.609
tur,2005,0.76
tur,2006,1.024
tur,2007,1.279
tur,2008,1.256
tur,2009,1.515
tur,2010,1.495
tur,2011,1.637
tur,2012,1.877
tur,2013,2.585
tur,2014,2.316
tur,2015,3.375
tur,2016,2.98
tur,2017,3.14
tur,2018,3.286
tur,2019,4.14
tur,2020,3.777
tur,2021,5.105
tur,2022,4.34
tur,2023,4.433
tur,2024,4.344
tuv,2017,9.333
twn,1999,0.502
twn,2000,0.521
twn,2001,0.552
twn,2002,0.546
twn,2003,2.525
twn,2004,1.932
twn,2005,1.826
twn,2006,1.724
twn,2007,1.091
twn,2008,1.634
twn,2009,1.524
twn,2010,1.381
twn,2011,1.285
twn,2012,0.959
twn,2013,1.324
twn,2014,1.183
twn,2015,1.139
twn,2016,1.282
twn,2017,1.248
twn,2018,1.56
twn,2019,1.515
twn,2020,1.774
tza,2001,0.712
tza,2006,1.701
tza,2011,0.646
tza,2013,0.478
tza,2014,0.446
tza,2020,0.357
tza,2024,0.51
uga,2013,0.482
uga,2017,3.721
uga,2021,0.661
ukr,2004,1.67
ukr,2005,0.37
ukr,2009,0.15
ukr,2010,0.11
ukr,2011,0.086
ukr,2012,0.068
ukr,2013,0.67
ukr,2014,1.38
ukr,2015,1.48
ukr,2016,2.53
ukr,2017,4.047
ukr,2018,6.76
ukr,2019,7.228
ukr,2020,8.613
ukr,2021,9.554
ury,1984,11.413
ury,1990,5.52
ury,1991,4.33
ury,1992,4.734
ury,1993,3.162
ury,1994,2.273
ury,1995,3.724
ury,1998,5.307
ury,1999,7.55
ury,2000,8.003
ury,2001,9.793
ury,2002,10.771
ury,2003,10.687
ury,2004,6.997
ury,2005,6.747
ury,2006,6.964
ury,2007,5.002
ury,2008,5.323
ury,2009,4.393
ury,2010,3.262
ury,2011,3.118
ury,2012,2.742
ury,2013,2.786
ury,2014,2.94
ury,2015,3.528
ury,2016,3.85
ury,2017,3.484
ury,2018,3.723
ury,2019,4.49
ury,2020,5.684
ury,2021,5.311
ury,2022,4.416
ury,2023,4.084
ury,2024,4.332
usa,1948,3.1
usa,1949,4.4
usa,1950,4.5
usa,1951,4
usa,1952,2.5
usa,1953,2.5
usa,1954,4.6
usa,1955,3.8
usa,1956,3.6
usa,1957,3
usa,1958,4.5
usa,1959,4.1
usa,1960,3.4
usa,1961,4.5
usa,1962,3.5
usa,1963,3.6
usa,1964,3.3
usa,1965,2.8
usa,1966,2.3
usa,1967,2.4
usa,1968,2.2
usa,1969,2.2
usa,1970,2.7
usa,1971,3.3
usa,1972,3.3
usa,1973,2.8
usa,1974,3.2
usa,1975,5.1
usa,1976,4.9
usa,1977,4.4
usa,1978,3.2
usa,1979,3.2
usa,1980,3.3
usa,1981,3.8
usa,1982,5.2
usa,1983,5
usa,1984,4.3
usa,1985,4.3
usa,1986,3.8
usa,1987,3.1
usa,1988,2.7
usa,1989,2.8
usa,1990,2.8
usa,1991,3.4
usa,1992,4.2
usa,1993,4
usa,1994,3.801
usa,1995,3.591
usa,1996,3.402
usa,1997,2.643
usa,1998,2.371
usa,1999,2.631
usa,2000,2.522
usa,2001,2.693
usa,2002,3.476
usa,2003,3.696
usa,2004,3.646
usa,2005,3.346
usa,2006,2.928
usa,2007,2.978
usa,2008,3.675
usa,2009,6.006
usa,2010,6.237
usa,2011,6.095
usa,2012,5.57
usa,2013,4.992
usa,2014,4.184
usa,2015,3.598
usa,2016,3.3
usa,2017,3.056
usa,2018,2.731
usa,2019,2.677
usa,2020,7.146
usa,2021,4.163
usa,2022,2.525
usa,2023,2.381
usa,2024,2.635
usa,2025,2.826
vct,1991,5.424
ven,2001,1.634
ven,2005,4.263
ven,2006,2.382
ven,2007,2.053
ven,2008,1.408
ven,2009,1.123
ven,2010,1.225
ven,2011,1.647
ven,2012,0.916
ven,2016,1.34
ven,2017,1.641
ven,2020,5.187
vgb,1991,2.759
vnm,2004,0.589
vnm,2007,0.337
vnm,2010,0.079
vnm,2011,0.11
vnm,2012,0.09
vnm,2013,0.126
vnm,2014,0.119
vnm,2015,0.295
vnm,2016,0.381
vnm,2017,0.361
vnm,2018,0.07
vnm,2019,0.524
vnm,2020,0.689
vnm,2021,0.916
vnm,2022,0.199
vnm,2023,0.423
vnm,2024,0.369
vut,2006,8.859
vut,2009,1.292
vut,2019,4.62
vut,2020,0.474
wsm,2001,0.212
wsm,2006,0.073
wsm,2014,3.982
yem,1994,1.093
yem,1999,1.866
yem,2010,39.618
zaf,2000,11.415
zaf,2001,12.118
zaf,2002,12.58
zaf,2003,11.458
zaf,2004,9.438
zaf,2005,9.603
zaf,2006,7.318
zaf,2007,8.73
zaf,2008,4.659
zaf,2009,4.535
zaf,2010,6.137
zaf,2011,4.949
zaf,2012,5.25
zaf,2013,5.887
zaf,2014,7.05
zaf,2015,6.936
zaf,2016,6.256
zaf,2017,8.086
zaf,2018,8.356
zaf,2019,7.834
zaf,2020,8.794
zaf,2021,10.679
zaf,2022,11.518
zaf,2023,10.002
zaf,2024,10.998
zmb,2000,2.465
zmb,2012,2.256
zmb,2015,11.342
zmb,2019,1.795
zmb,2021,0.934
zwe,1997,0.2
zwe,1999,0.371
zwe,2004,0.635
zwe,2014,2.09
zwe,2019,2.143
zwe,2021,3.511
zwe,2022,2.639
zwe,2023,2.639
zwe,2024,3.676
